
Intensity & Mass%      Group : bas-Glas        Sample : 201216_Fr        Page 1 




Unknown Specimen No. 1 
 Group        : bas-Glas        Sample  : 201216_Fr      
 UNK No.      :    1            Comment : VGA99_                                   
 Stage        :    X=   42.5705  Y=   29.7320  Z=   11.4010 
 Acc. Voltage :    15.0 (kV)    Probe Dia. : 5    Scan : Off 
 Dated on Dec 20 16:18 2016 
 WDS only       No. of accumulation : 1 

Curr.(A) : 1.002E-08 
Element Peak(mm) Net(cps)   Bg-   Bg+  S.D.(%)   D.L.(ppm)  
 1 Na   129.476    231.6    0.0   14.5    2.14      145 
 2 S    171.948      2.1    5.9    4.9   30.75      113 
 3 Fe   134.739    186.3    3.5    4.1    1.67      453 
 4 Si    77.822   3625.9   31.4   18.5    0.37      226 
 5 Cl   151.478      3.8    8.7    7.8   21.47       46 
 6 F    199.140      0.2    4.5    3.5  345.94 ?    412 
 7 K    119.485    180.9   27.6   21.4    1.54       58 
 8 Mn   146.243      2.2    1.9    1.5   19.96      268 
 9 Al    90.995    857.0   15.2    9.5    0.78      160 
10 P    197.118     13.6    2.7    2.8    7.21      149 
11 Mg   107.534    584.1   42.3    0.0    0.96      179 
12 Ca   107.121   1925.2   31.9   35.9    0.52       89 
13 Ti    88.305    686.7    0.0   45.5    0.88      126 


Element  f(chi)    If/Ip     abs-el    1/s-el      r-el      c/k-el    c/k-std
 Na      0.3978    0.0040    0.4747    0.9905     0.9878     2.1443     1.0019
 S       0.7652    0.0030    0.8170    0.9599     1.0246     1.2408     0.9963
 Fe      0.9816    0.0000    0.9976    0.8085     1.0561     1.1739     0.9996
 Si      0.7128    0.0010    0.7822    0.9849     1.0102     1.2836     1.0000
 Cl      0.8286    0.0057    0.8779    0.9109     1.0311     1.2059     0.9911
 F       0.1901    0.0014    0.2496    1.0160     0.9753     4.0368     1.0173
 K       0.9081    0.0158    0.9470    0.9018     1.0420     1.1063     0.9999
 Mn      0.9762    0.0000    0.9949    0.7969     1.0566     1.1939     1.0412
 Al      0.6495    0.0109    0.7285    0.9663     1.0026     1.4017     1.0017
 P       0.6806    0.0016    0.7374    0.9439     1.0176     1.4095     0.9999
 Mg      0.5392    0.0072    0.6181    1.0053     0.9950     1.6057     1.0024
 Ca      0.9305    0.0073    0.9638    0.9161     1.0464     1.0746     0.9997
 Ti      0.9513    0.0116    0.9788    0.8263     1.0529     1.1609     0.9994

Element  El. mass% Ox mass% Norm El%  Norm ox%  At prop  c/k-std   k-value   k-(std) 
 Na       2.08      2.80      2.08      2.81     0.798   1.0019   0.02074   1.04657  
 S        0.0163    0.0408    0.0164    0.0409   0.0045  0.9963   0.000164  0.030480  
 Fe      10.57     13.60     10.59     13.63     1.670   0.9996   0.10573   1.01636  
 Si      23.91     51.16     23.96     51.26     7.512   1.0000   0.23911   0.99812  
 Cl       0.0237    0.0237    0.0238    0.0238   0.0059  0.9911   0.000239  0.016497  
 F        0.0126    0.0126    0.0127    0.0127   0.0059  1.0173   0.000124  0.026071 ?
 K        0.6756    0.8138    0.6769    0.8155   0.1524  0.9999   0.006756  0.987782  
 Mn       0.1383    0.1786    0.1386    0.1790   0.0222  1.0412   0.001328  0.003944  
 Al       6.51     12.30      6.52     12.32     2.128   1.0017   0.06497   0.97685  
 P        0.1693    0.3881    0.1697    0.3889   0.0482  0.9999   0.001694  0.990416  
 Mg       3.09      5.13      3.10      5.14     1.122   1.0024   0.03084   1.00174  
 Ca       6.63      9.27      6.64      9.29     1.459   0.9997   0.06629   0.99073  
 Ti       2.45      4.08      2.45      4.09     0.451   0.9994   0.02450   1.00212  
 O       43.52       -       43.61       -      24.000      -         -        
 -----------------------------------------------------------------------------
Total:   99.79     99.79    100.00    100.00    15.379




Unknown Specimen No. 2 
 Group        : bas-Glas        Sample  : 201216_Fr      
 UNK No.      :    2            Comment : VGA99_                                   
 Stage        :    X=   42.5565  Y=   29.7300  Z=   11.4010 
 Acc. Voltage :    15.0 (kV)    Probe Dia. : 5    Scan : Off 
 Dated on Dec 20 16:21 2016 
 WDS only       No. of accumulation : 1 

Curr.(A) : 1.002E-08 
Element Peak(mm) Net(cps)   Bg-   Bg+  S.D.(%)   D.L.(ppm)  
 1 Na   129.476    223.3    0.0   17.1    2.20      157 
 2 S    171.948      1.2    7.3    5.0   54.84 ?    120 
 3 Fe   134.739    184.4    2.3    3.1    1.67      387 
 4 Si    77.822   3631.5   30.1   20.2    0.37      226 
 5 Cl   151.478      4.8    8.1    6.7   16.69       43 
 6 F    199.140      1.0    3.5    3.5   53.46 ?    379 
 7 K    119.485    181.0   27.1   21.3    1.53       57 
 8 Mn   146.243      3.0    1.7    1.5   15.18      258 
 9 Al    90.995    870.2   15.0   11.4    0.77      164 
10 P    197.118     12.5    2.9    2.9    7.71      152 
11 Mg   107.534    593.3   38.8    0.0    0.95      171 
12 Ca   107.121   1946.1   31.6   36.3    0.52       89 
13 Ti    88.305    683.0    0.0   46.2    0.88      127 


Element  f(chi)    If/Ip     abs-el    1/s-el      r-el      c/k-el    c/k-std
 Na      0.3981    0.0040    0.4752    0.9904     0.9879     2.1426     1.0011
 S       0.7653    0.0030    0.8171    0.9598     1.0247     1.2407     0.9962
 Fe      0.9816    0.0000    0.9976    0.8084     1.0561     1.1740     0.9997
 Si      0.7127    0.0010    0.7821    0.9848     1.0103     1.2839     1.0002
 Cl      0.8287    0.0057    0.8781    0.9107     1.0312     1.2058     0.9910
 F       0.1899    0.0014    0.2493    1.0159     0.9754     4.0418     1.0185
 K       0.9082    0.0159    0.9470    0.9016     1.0421     1.1063     0.9998
 Mn      0.9762    0.0000    0.9948    0.7968     1.0566     1.1940     1.0413
 Al      0.6500    0.0109    0.7290    0.9661     1.0026     1.4009     1.0011
 P       0.6806    0.0016    0.7375    0.9438     1.0177     1.4095     0.9999
 Mg      0.5401    0.0072    0.6191    1.0052     0.9951     1.6033     1.0009
 Ca      0.9305    0.0073    0.9638    0.9159     1.0465     1.0747     0.9997
 Ti      0.9512    0.0115    0.9787    0.8262     1.0529     1.1612     0.9996

Element  El. mass% Ox mass% Norm El%  Norm ox%  At prop  c/k-std   k-value   k-(std) 
 Na       2.00      2.70      2.00      2.70     0.766   1.0011   0.02000   1.00904  
 S        0.0093    0.0232    0.0093    0.0232   0.0025  0.9962   0.000093  0.017326 ?
 Fe      10.46     13.46     10.46     13.45     1.649   0.9997   0.10466   1.00607  
 Si      23.95     51.24     23.94     51.21     7.505   1.0002   0.23948   0.99965  
 Cl       0.0300    0.0300    0.0300    0.0300   0.0075  0.9910   0.000303  0.020882  
 F        0.0791    0.0791    0.0790    0.0790   0.0366  1.0185   0.000776  0.163118  
 K        0.6759    0.8142    0.6755    0.8137   0.1521  0.9998   0.006760  0.988297  
 Mn       0.1911    0.2468    0.1910    0.2467   0.0306  1.0413   0.001836  0.005450  
 Al       6.60     12.48      6.60     12.47     2.155   1.0011   0.06597   0.99191  
 P        0.1546    0.3543    0.1545    0.3541   0.0439  0.9999   0.001546  0.904174  
 Mg       3.14      5.20      3.13      5.20     1.135   1.0009   0.03133   1.01745  
 Ca       6.70      9.37      6.70      9.37     1.471   0.9997   0.06701   1.00148  
 Ti       2.44      4.06      2.43      4.06     0.448   0.9996   0.02437   0.99679  
 O       43.63       -       43.60       -      24.000      -         -        
 -----------------------------------------------------------------------------
Total:  100.06    100.06    100.00    100.00    15.402




Unknown Specimen No. 3 
 Group        : bas-Glas        Sample  : 201216_Fr      
 UNK No.      :    3            Comment : VG-2_                                    
 Stage        :    X=   60.2415  Y=   33.5530  Z=   11.3695 
 Acc. Voltage :    15.0 (kV)    Probe Dia. : 5    Scan : Off 
 Dated on Dec 20 16:25 2016 
 WDS only       No. of accumulation : 1 

Curr.(A) : 1.003E-08 
Element Peak(mm) Net(cps)   Bg-   Bg+  S.D.(%)   D.L.(ppm)  
 1 Na   129.476    229.8    0.0   18.2    2.17      162 
 2 S    171.948     19.0    5.5    5.9    5.32      118 
 3 Fe   134.739    160.8    2.8    3.3    1.80      406 
 4 Si    77.822   3649.3   31.4   20.4    0.37      229 
 5 Cl   151.478      5.3    8.7    7.9   16.06       46 
 6 F    199.140      0.9    3.7    2.7   59.47 ?    369 
 7 K    119.485     44.2   23.3   20.5    3.89       54 
 8 Mn   146.243      2.9    1.7    1.8   15.99      270 
 9 Al    90.995    981.6   13.9    9.3    0.72      154 
10 P    197.118      6.1    3.8    3.7   13.68      173 
11 Mg   107.534    820.8   42.7    0.0    0.80      180 
12 Ca   107.121   2353.9   31.0   35.6    0.47       88 
13 Ti    88.305    304.3    0.0   44.3    1.37      124 


Element  f(chi)    If/Ip     abs-el    1/s-el      r-el      c/k-el    c/k-std
 Na      0.4112    0.0043    0.4907    0.9854     0.9896     2.0806     0.9721
 S       0.7656    0.0030    0.8174    0.9551     1.0264     1.2442     0.9991
 Fe      0.9821    0.0000    0.9981    0.8047     1.0570     1.1779     1.0030
 Si      0.7111    0.0010    0.7804    0.9799     1.0121     1.2908     1.0056
 Cl      0.8284    0.0057    0.8777    0.9063     1.0329     1.2103     0.9947
 F       0.1908    0.0014    0.2505    1.0108     0.9770     4.0367     1.0173
 K       0.9080    0.0168    0.9468    0.8973     1.0436     1.1091     1.0024
 Mn      0.9768    0.0000    0.9955    0.7930     1.0576     1.1977     1.0446
 Al      0.6534    0.0108    0.7328    0.9614     1.0044     1.3982     0.9992
 P       0.6804    0.0017    0.7372    0.9392     1.0194     1.4143     1.0034
 Mg      0.5527    0.0075    0.6335    1.0002     0.9969     1.5714     0.9810
 Ca      0.9317    0.0050    0.9651    0.9116     1.0479     1.0794     1.0042
 Ti      0.9498    0.0099    0.9772    0.8223     1.0542     1.1689     1.0062

Element  El. mass% Ox mass% Norm El%  Norm ox%  At prop  c/k-std   k-value   k-(std) 
 Na       2.00      2.69      1.97      2.65     0.748   0.9721   0.02056   1.03740  
 S        0.1468    0.3666    0.1447    0.3613   0.0394  0.9991   0.001470  0.273157  
 Fe       9.14     11.76      9.01     11.59     1.409   1.0030   0.09117   0.87640  
 Si      24.15     51.66     23.80     50.92     7.401   1.0056   0.24041   1.00357  
 Cl       0.0331    0.0331    0.0326    0.0326   0.0080  0.9947   0.000333  0.022939  
 F        0.0693    0.0693    0.0683    0.0683   0.0314  1.0173   0.000681  0.143056  
 K        0.1655    0.1994    0.1631    0.1965   0.0364  1.0024   0.001651  0.241425  
 Mn       0.1856    0.2396    0.1829    0.2362   0.0291  1.0446   0.001777  0.005275  
 Al       7.43     14.03      7.32     13.83     2.369   0.9992   0.07434   1.11776  
 P        0.0755    0.1729    0.0744    0.1704   0.0210  1.0034   0.000752  0.439847  
 Mg       4.25      7.04      4.19      6.94     1.504   0.9810   0.04330   1.40624  
 Ca       8.13     11.38      8.01     11.21     1.746   1.0042   0.08097   1.21014  
 Ti       1.09      1.82      1.08      1.79     0.196   1.0062   0.01085   0.44369  
 O       44.61       -       43.96       -      24.000      -         -        
 -----------------------------------------------------------------------------
Total:  101.47    101.47    100.00    100.00    15.539




Unknown Specimen No. 4 
 Group        : bas-Glas        Sample  : 201216_Fr      
 UNK No.      :    4            Comment : VG-2_                                    
 Stage        :    X=   60.1845  Y=   33.5905  Z=   11.3700 
 Acc. Voltage :    15.0 (kV)    Probe Dia. : 5    Scan : Off 
 Dated on Dec 20 16:28 2016 
 WDS only       No. of accumulation : 1 

Curr.(A) : 1.003E-08 
Element Peak(mm) Net(cps)   Bg-   Bg+  S.D.(%)   D.L.(ppm)  
 1 Na   129.476    221.3    0.0   15.9    2.20      151 
 2 S    171.948     18.6    5.2    6.3    5.42      118 
 3 Fe   134.739    165.4    3.4    2.2    1.77      369 
 4 Si    77.822   3642.3   29.1   17.5    0.37      218 
 5 Cl   151.478      5.6    8.7    7.7   15.35       45 
 6 F    199.140      0.9    3.1    2.5   54.84 ?    343 
 7 K    119.485     42.0   21.8   20.0    4.00       53 
 8 Mn   146.243      3.0    1.9    1.5   15.53      265 
 9 Al    90.995    980.6   16.8    9.2    0.72      164 
10 P    197.118      5.6    2.8    3.1   13.69      154 
11 Mg   107.534    834.3   44.1    0.0    0.79      183 
12 Ca   107.121   2341.4   34.0   34.0    0.47       88 
13 Ti    88.305    309.9    0.0   43.6    1.36      123 


Element  f(chi)    If/Ip     abs-el    1/s-el      r-el      c/k-el    c/k-std
 Na      0.4097    0.0043    0.4890    0.9859     0.9894     2.0874     0.9753
 S       0.7655    0.0030    0.8174    0.9555     1.0262     1.2440     0.9989
 Fe      0.9821    0.0000    0.9981    0.8050     1.0569     1.1775     1.0026
 Si      0.7103    0.0010    0.7795    0.9804     1.0119     1.2918     1.0064
 Cl      0.8283    0.0056    0.8777    0.9067     1.0327     1.2100     0.9944
 F       0.1911    0.0014    0.2509    1.0112     0.9768     4.0292     1.0154
 K       0.9080    0.0168    0.9468    0.8977     1.0435     1.1089     1.0022
 Mn      0.9768    0.0000    0.9955    0.7934     1.0575     1.1973     1.0442
 Al      0.6522    0.0107    0.7315    0.9618     1.0043     1.4004     1.0007
 P       0.6803    0.0017    0.7371    0.9396     1.0193     1.4141     1.0032
 Mg      0.5517    0.0074    0.6324    1.0007     0.9967     1.5737     0.9824
 Ca      0.9317    0.0051    0.9651    0.9120     1.0477     1.0790     1.0037
 Ti      0.9499    0.0102    0.9773    0.8227     1.0540     1.1680     1.0055

Element  El. mass% Ox mass% Norm El%  Norm ox%  At prop  c/k-std   k-value   k-(std) 
 Na       1.93      2.60      1.90      2.56     0.722   0.9753   0.01980   0.99900  
 S        0.1438    0.3591    0.1414    0.3530   0.0386  0.9989   0.001440  0.267610  
 Fe       9.40     12.10      9.24     11.89     1.448   1.0026   0.09381   0.90173  
 Si      24.12     51.60     23.71     50.72     7.383   1.0064   0.23995   1.00164  
 Cl       0.0346    0.0346    0.0340    0.0340   0.0084  0.9944   0.000348  0.023978  
 F        0.0702    0.0702    0.0691    0.0691   0.0318  1.0154   0.000692  0.145332  
 K        0.1571    0.1893    0.1545    0.1861   0.0346  1.0022   0.001568  0.229243  
 Mn       0.1896    0.2448    0.1864    0.2407   0.0297  1.0442   0.001816  0.005391  
 Al       7.43     14.04      7.30     13.80     2.368   1.0007   0.07426   1.11659  
 P        0.0699    0.1601    0.0687    0.1574   0.0194  1.0032   0.000696  0.407198  
 Mg       4.32      7.17      4.25      7.05     1.529   0.9824   0.04401   1.42942  
 Ca       8.08     11.31      7.95     11.12     1.734   1.0037   0.08054   1.20372  
 Ti       1.11      1.85      1.09      1.82     0.199   1.0055   0.01105   0.45178  
 O       44.66       -       43.90       -      24.000      -         -        
 -----------------------------------------------------------------------------
Total:  101.72    101.72    100.00    100.00    15.546




Unknown Specimen No. 5 
 Group        : bas-Glas        Sample  : 201216_Fr      
 UNK No.      :    5            Comment : KE3_                                     
 Stage        :    X=   47.7830  Y=   23.5580  Z=   11.4000 
 Acc. Voltage :    15.0 (kV)    Probe Dia. : 5    Scan : Off 
 Dated on Dec 20 16:32 2016 
 WDS only       No. of accumulation : 1 

Curr.(A) : 1.003E-08 
Element Peak(mm) Net(cps)   Bg-   Bg+  S.D.(%)   D.L.(ppm)  
 1 Na   129.476    565.1    0.0   24.1    1.36      186 
 2 S    171.948      1.3    5.5    4.9   47.13 ?    111 
 3 Fe   134.739    106.9    2.8    1.6    2.20      324 
 4 Si    77.822   5258.6   41.4   26.2    0.31      262 
 5 Cl   151.478     63.0    8.5    6.8    2.56       44 
 6 F    199.140      5.8    3.8    3.7   11.66      394 
 7 K    119.485    924.8   49.0   21.5    0.62       70 
 8 Mn   146.243      2.3    2.0    2.0   19.98      290 
 9 Al    90.995    652.1   15.9    9.0    0.89      160 
10 P    197.118      0.5    3.3    2.1   96.80 ?    143 
11 Mg   107.534      2.7   20.6    0.0   40.67 ?    125 
12 Ca   107.121     80.1   29.1   30.4    3.31       83 
13 Ti    88.305     56.5    0.0   42.2    3.93      121 


Element  f(chi)    If/Ip     abs-el    1/s-el      r-el      c/k-el    c/k-std
 Na      0.4415    0.0044    0.5270    0.9736     0.9950     1.9502     0.9112
 S       0.7538    0.0020    0.8048    0.9440     1.0317     1.2733     1.0224
 Fe      0.9846    0.0000    1.0007    0.7960     1.0597     1.1847     1.0088
 Si      0.7540    0.0007    0.8275    0.9685     1.0176     1.2255     0.9547
 Cl      0.8200    0.0032    0.8688    0.8959     1.0380     1.2338     1.0140
 F       0.1956    0.0014    0.2568    0.9985     0.9819     3.9660     0.9994
 K       0.9023    0.0021    0.9409    0.8872     1.0483     1.1405     1.0307
 Mn      0.9800    0.0000    0.9988    0.7844     1.0606     1.2034     1.0496
 Al      0.6905    0.0169    0.7744    0.9500     1.0100     1.3234     0.9458
 P       0.6657    0.0011    0.7213    0.9282     1.0249     1.4557     1.0327
 Mg      0.5631    0.0095    0.6454    0.9883     1.0023     1.5492     0.9672
 Ca      0.9189    0.0027    0.9518    0.9013     1.0523     1.1048     1.0278
 Ti      0.9551    0.0077    0.9827    0.8132     1.0580     1.1737     1.0104

Element  El. mass% Ox mass% Norm El%  Norm ox%  At prop  c/k-std   k-value   k-(std) 
 Na       4.61      6.21      4.62      6.22     1.664   0.9112   0.05057   2.55134  
 S        0.0105    0.0261    0.0105    0.0262   0.0027  1.0224   0.000102  0.019031 ?
 Fe       6.11      7.86      6.13      7.88     0.909   1.0088   0.06060   0.58250  
 Si      33.08     70.77     33.15     70.91     9.778   0.9547   0.34643   1.44613  
 Cl       0.3989    0.3989    0.3997    0.3997   0.0934  1.0140   0.003934  0.271151  
 F        0.4579    0.4579    0.4588    0.4588   0.2001  0.9994   0.004582  0.962585  
 K        3.56      4.29      3.56      4.29     0.755   1.0307   0.03452   5.04614  
 Mn       0.1484    0.1916    0.1487    0.1919   0.0224  1.0496   0.001414  0.004197  
 Al       4.67      8.83      4.68      8.84     1.437   0.9458   0.04939   0.74256  
 P        0.0070    0.0161    0.0071    0.0162   0.0019  1.0327   0.000068  0.039904 ?
 Mg       0.0135    0.0224    0.0136    0.0225   0.0046  0.9672   0.000140  0.004542  
 Ca       0.2830    0.3960    0.2836    0.3968   0.0586  1.0278   0.002754  0.041158  
 Ti       0.2033    0.3392    0.2037    0.3399   0.0352  1.0104   0.002013  0.082312  
 O       46.25       -       46.34       -      24.000      -         -        
 -----------------------------------------------------------------------------
Total:   99.80     99.80    100.00    100.00    14.963




Unknown Specimen No. 6 
 Group        : bas-Glas        Sample  : 201216_Fr      
 UNK No.      :    6            Comment : KE3_                                     
 Stage        :    X=   47.7100  Y=   23.4960  Z=   11.3990 
 Acc. Voltage :    15.0 (kV)    Probe Dia. : 5    Scan : Off 
 Dated on Dec 20 16:35 2016 
 WDS only       No. of accumulation : 1 

Curr.(A) : 1.003E-08 
Element Peak(mm) Net(cps)   Bg-   Bg+  S.D.(%)   D.L.(ppm)  
 1 Na   129.476    211.9    0.0   16.8    2.26      155 
 2 S    171.948      1.8    4.5    4.5   34.25 ?    104 
 3 Fe   134.739    108.7    2.5    2.4    2.20      358 
 4 Si    77.822   5444.7   43.8   23.7    0.31      263 
 5 Cl   151.478     60.6    8.3    7.9    2.64       45 
 6 F    199.140      6.4    3.1    2.5   10.10      344 
 7 K    119.485    897.6   49.1   21.9    0.64       71 
 8 Mn   146.243      3.5    1.3    2.0   13.78      266 
 9 Al    90.995    664.4   13.9    9.2    0.88      154 
10 P    197.118      0.5    2.7    2.7  110.17 ?    147 
11 Mg   107.534      5.1   20.7    0.0   22.46      125 
12 Ca   107.121     92.6   26.9   27.6    2.94       79 
13 Ti    88.305     56.6    0.0   41.1    3.90      120 


Element  f(chi)    If/Ip     abs-el    1/s-el      r-el      c/k-el    c/k-std
 Na      0.4353    0.0047    0.5195    0.9734     0.9946     1.9790     0.9246
 S       0.7521    0.0020    0.8030    0.9438     1.0313     1.2769     1.0253
 Fe      0.9845    0.0000    1.0006    0.7958     1.0595     1.1854     1.0093
 Si      0.7614    0.0007    0.8355    0.9682     1.0172     1.2144     0.9461
 Cl      0.8186    0.0032    0.8674    0.8957     1.0376     1.2365     1.0162
 F       0.1922    0.0013    0.2523    0.9983     0.9815     4.0394     1.0180
 K       0.9015    0.0022    0.9401    0.8869     1.0480     1.1419     1.0321
 Mn      0.9799    0.0000    0.9986    0.7842     1.0604     1.2042     1.0502
 Al      0.7014    0.0182    0.7867    0.9498     1.0096     1.3019     0.9304
 P       0.6637    0.0011    0.7191    0.9280     1.0245     1.4611     1.0365
 Mg      0.5764    0.0102    0.6608    0.9881     1.0019     1.5132     0.9447
 Ca      0.9185    0.0028    0.9514    0.9011     1.0520     1.1058     1.0287
 Ti      0.9548    0.0080    0.9824    0.8130     1.0578     1.1744     1.0110

Element  El. mass% Ox mass% Norm El%  Norm ox%  At prop  c/k-std   k-value   k-(std) 
 Na       1.75      2.36      1.79      2.41     0.632   0.9246   0.01896   0.95654  
 S        0.0139    0.0348    0.0142    0.0355   0.0036  1.0253   0.000136  0.025285  
 Fe       6.22      8.00      6.34      8.15     0.922   1.0093   0.06162   0.59237  
 Si      33.99     72.72     34.62     74.07    10.022   0.9461   0.35869   1.49729  
 Cl       0.3848    0.3848    0.3919    0.3919   0.0899  1.0162   0.003786  0.260931  
 F        0.5147    0.5147    0.5242    0.5242   0.2243  1.0180   0.005055  1.062076  
 K        3.46      4.16      3.52      4.24     0.732   1.0321   0.03350   4.89737  
 Mn       0.2250    0.2905    0.2292    0.2959   0.0339  1.0502   0.002142  0.006361  
 Al       4.68      8.85      4.77      9.01     1.437   0.9304   0.05032   0.75652  
 P        0.0064    0.0147    0.0065    0.0150   0.0017  1.0365   0.000062  0.036276 ?
 Mg       0.0252    0.0417    0.0256    0.0425   0.0086  0.9447   0.000266  0.008653  
 Ca       0.3277    0.4585    0.3338    0.4670   0.0677  1.0287   0.003186  0.047610  
 Ti       0.2040    0.3403    0.2078    0.3466   0.0353  1.0110   0.002018  0.082531  
 O       46.37       -       47.23       -      24.000      -         -        
 -----------------------------------------------------------------------------
Total:   98.18     98.18    100.00    100.00    14.211




Unknown Specimen No. 7 
 Group        : bas-Glas        Sample  : 201216_Fr      
 UNK No.      :    7            Comment : Scap                                     
 Stage        :    X=   21.2345  Y=   23.6130  Z=   11.5290 
 Acc. Voltage :    15.0 (kV)    Probe Dia. : 5    Scan : Off 
 Dated on Dec 20 16:38 2016 
 WDS only       No. of accumulation : 1 

Curr.(A) : 1.003E-08 
Element Peak(mm) Net(cps)   Bg-   Bg+  S.D.(%)   D.L.(ppm)  
 1 Na   129.476    524.0    0.0   20.5    1.41      172 
 2 S    171.948     72.1    4.9    3.6    2.27      100 
 3 Fe   134.739      2.6    3.2    1.8   22.72      344 
 4 Si    77.822   3610.4   29.2   17.4    0.37      218 
 5 Cl   151.478    232.1   10.1    8.3    1.24       48 
 6 F    199.140      0.1    2.7    2.0  525.83 ?    318 
 7 K    119.485    184.9   25.7   19.4    1.50       55 
 8 Mn   146.243      0.1    1.5    1.4  442.83 ?    245 
 9 Al    90.995   1976.2   19.3   11.0    0.51      177 
10 P    197.118      0.7    3.1    1.8   72.10 ?    135 
11 Mg   107.534     -2.6   23.9    0.0  100.00 ?    134 
12 Ca   107.121   2819.9   30.4   34.7    0.43       87 
13 Ti    88.305      0.4    0.0   40.4  357.08 ?    119 


Element  f(chi)    If/Ip     abs-el    1/s-el      r-el      c/k-el    c/k-std
 Na      0.4766    0.0050    0.5688    0.9699     0.9963     1.8102     0.8458
 S       0.7695    0.0043    0.8216    0.9404     1.0331     1.2474     1.0016
 Fe      0.9812    0.0000    0.9972    0.7930     1.0604     1.1924     1.0153
 Si      0.7188    0.0016    0.7888    0.9647     1.0190     1.2876     1.0032
 Cl      0.8301    0.0062    0.8796    0.8925     1.0393     1.2181     1.0011
 F       0.1818    0.0011    0.2387    0.9946     0.9832     4.2802     1.0786
 K       0.9055    0.0166    0.9442    0.8838     1.0495     1.1231     1.0150
 Al      0.7189    0.0120    0.8063    0.9463     1.0114     1.2805     0.9151
 P       0.6851    0.0027    0.7424    0.9247     1.0263     1.4157     1.0043
 Ca      0.9285    0.0001    0.9618    0.8979     1.0535     1.0991     1.0225

Element  El. mass% Ox mass% Norm El%  Norm ox%  At prop  c/k-std   k-value   k-(std) 
 Na       3.97      5.35      3.96      5.34     1.448   0.8458   0.04689   2.36598  
 S        0.5574    1.3920    0.5571    1.3912   0.1460  1.0016   0.005565  1.034436  
 Fe       0.1522    0.1958    0.1521    0.1957   0.0229  1.0153   0.001499  0.014408  
 Si      23.86     51.04     23.84     51.01     7.131   1.0032   0.23785   0.99287  
 Cl       1.45      1.45      1.45      1.45     0.344   1.0011   0.01451   0.99971  
 F        0.0068    0.0068    0.0068    0.0068   0.0030  1.0786   0.000063  0.013245 ?
 K        0.7004    0.8437    0.6999    0.8431   0.1504  1.0150   0.006900  1.008764  
 Mn       0.0046    0.0059    0.0046    0.0059   0.0007  1.0574   0.000043  0.000129 ?
 Al      13.70     25.88     13.69     25.86     4.262   0.9151   0.14967   2.25034  
 P        0.0089    0.0203    0.0089    0.0203   0.0024  1.0043   0.000088  0.051693 ?
 Mg       0.00      0.00      0.00      0.00     0.000   0.6243   0.00000   0.00000 ?
 Ca       9.92     13.88      9.91     13.87     2.078   1.0225   0.09700   1.44973  
 Ti       0.0015    0.0025    0.0015    0.0025   0.0003  1.0317   0.000014  0.000583 ?
 O       45.74       -       45.71       -      24.000      -         -        
 -----------------------------------------------------------------------------
Total:  100.06    100.06    100.00    100.00    15.588




Unknown Specimen No. 8 
 Group        : bas-Glas        Sample  : 201216_Fr      
 UNK No.      :    8            Comment : Scap                                     
 Stage        :    X=   21.2500  Y=   23.6210  Z=   11.5290 
 Acc. Voltage :    15.0 (kV)    Probe Dia. : 5    Scan : Off 
 Dated on Dec 20 16:42 2016 
 WDS only       No. of accumulation : 1 

Curr.(A) : 1.003E-08 
Element Peak(mm) Net(cps)   Bg-   Bg+  S.D.(%)   D.L.(ppm)  
 1 Na   129.476    508.4    0.0   25.4    1.44      191 
 2 S    171.948     70.4    5.1    5.0    2.33      110 
 3 Fe   134.739      1.2    2.6    2.6   50.20 ?    370 
 4 Si    77.822   3607.5   28.2   17.3    0.37      215 
 5 Cl   151.478    226.4    7.9    7.2    1.25       44 
 6 F    199.140     -0.7    3.9    2.6  100.00 ?    373 
 7 K    119.485    191.5   25.9   18.1    1.47       55 
 8 Mn   146.243      0.4    1.5    1.3   78.18 ?    241 
 9 Al    90.995   1945.5   16.7   10.9    0.51      168 
10 P    197.118      0.0    3.0    3.0 1116.92 ?    155 
11 Mg   107.534      0.2   22.1    0.0  422.86 ?    129 
12 Ca   107.121   2847.8   30.2   33.6    0.42       86 
13 Ti    88.305      2.1    0.0   37.8   67.26 ?    115 


Element  f(chi)    If/Ip     abs-el    1/s-el      r-el      c/k-el    c/k-std
 Na      0.4765    0.0050    0.5687    0.9698     0.9963     1.8106     0.8460
 S       0.7697    0.0043    0.8218    0.9404     1.0331     1.2472     1.0014
 Fe      0.9812    0.0000    0.9971    0.7930     1.0604     1.1926     1.0155
 Si      0.7198    0.0016    0.7899    0.9647     1.0189     1.2858     1.0017
 Cl      0.8303    0.0063    0.8798    0.8925     1.0393     1.2178     1.0009
 K       0.9057    0.0169    0.9444    0.8838     1.0495     1.1226     1.0146
 Mn      0.9755    0.0000    0.9942    0.7815     1.0613     1.2127     1.0576
 Al      0.7194    0.0121    0.8068    0.9463     1.0114     1.2796     0.9144
 Ca      0.9286    0.0000    0.9618    0.8979     1.0534     1.0992     1.0225
 Ti      0.9448    0.0001    0.9721    0.8101     1.0590     1.1989     1.0321

Element  El. mass% Ox mass% Norm El%  Norm ox%  At prop  c/k-std   k-value   k-(std) 
 Na       3.85      5.19      3.87      5.22     1.414   0.8460   0.04550   2.29548  
 S        0.5447    1.3602    0.5480    1.3684   0.1435  1.0014   0.005439  1.010995  
 Fe       0.0662    0.0852    0.0666    0.0857   0.0100  1.0155   0.000652  0.006268  
 Si      23.82     50.95     23.96     51.25     7.163   1.0017   0.23766   0.99207  
 Cl       1.42      1.42      1.42      1.42     0.337   1.0009   0.01415   0.97499  
 F        0.00      0.00      0.00      0.00     0.000   0.2520   0.00000   0.00000 ?
 K        0.7250    0.8733    0.7293    0.8785   0.1566  1.0146   0.007145  1.044636  
 Mn       0.0271    0.0350    0.0273    0.0352   0.0042  1.0576   0.000256  0.000761  
 Al      13.48     25.46     13.56     25.62     4.220   0.9144   0.14735   2.21539  
 P        0.0006    0.0014    0.0006    0.0014   0.0002  1.0041   0.000006  0.003628 ?
 Mg       0.0012    0.0020    0.0012    0.0020   0.0004  0.9119   0.000013  0.000428 ?
 Ca      10.02     14.02     10.08     14.10     2.111   1.0225   0.09796   1.46405  
 Ti       0.0077    0.0129    0.0078    0.0130   0.0014  1.0321   0.000075  0.003062 ?
 O       45.46       -       45.73       -      24.000      -         -        
 -----------------------------------------------------------------------------
Total:   99.40     99.40    100.00    100.00    15.562




Unknown Specimen No. 9 
 Group        : bas-Glas        Sample  : 201216_Fr      
 UNK No.      :    9            Comment : 1982-CS2-L3A_1                           
 Stage        :    X=   20.6570  Y=   85.0745  Z=   11.2990 
 Acc. Voltage :    15.0 (kV)    Probe Dia. : 5    Scan : Off 
 Dated on Dec 20 16:45 2016 
 WDS only       No. of accumulation : 1 

Curr.(A) : 1.003E-08 
Element Peak(mm) Net(cps)   Bg-   Bg+  S.D.(%)   D.L.(ppm)  
 1 Na   129.476    217.7    0.0   18.1    2.23      161 
 2 S    171.948      0.9    6.3    6.1   73.17 ?    122 
 3 Fe   134.739    189.5    2.3    2.8    1.65      372 
 4 Si    77.822   3231.9   30.5   19.5    0.40      225 
 5 Cl   151.478     18.6    7.9    7.5    5.73       44 
 6 F    199.140      1.4    4.6    3.5   40.59 ?    414 
 7 K    119.485    392.5   35.3   21.3    0.99       62 
 8 Mn   146.243      2.9    1.9    1.9   16.26      285 
 9 Al    90.995   1038.2   15.7    6.7    0.70      153 
10 P    197.118     22.6    3.4    2.7    5.30      154 
11 Mg   107.534    576.5   35.9    0.0    0.96      165 
12 Ca   107.121   2333.8   35.6   34.6    0.47       90 
13 Ti    88.305    672.8    0.0   44.8    0.89      125 


Element  f(chi)    If/Ip     abs-el    1/s-el      r-el      c/k-el    c/k-std
 Na      0.3946    0.0039    0.4710    0.9938     0.9866     2.1574     1.0080
 S       0.7693    0.0038    0.8213    0.9629     1.0234     1.2309     0.9883
 Fe      0.9808    0.0000    0.9967    0.8109     1.0554     1.1722     0.9981
 Si      0.7040    0.0013    0.7726    0.9881     1.0089     1.2967     1.0102
 Cl      0.8317    0.0071    0.8813    0.9137     1.0299     1.1973     0.9840
 F       0.1887    0.0014    0.2478    1.0194     0.9742     4.0582     1.0227
 K       0.9097    0.0180    0.9486    0.9046     1.0410     1.0997     0.9939
 Mn      0.9750    0.0000    0.9937    0.7993     1.0559     1.1925     1.0400
 Al      0.6480    0.0097    0.7268    0.9694     1.0013     1.4040     1.0033
 P       0.6862    0.0021    0.7435    0.9470     1.0164     1.3946     0.9894
 Mg      0.5370    0.0070    0.6155    1.0086     0.9938     1.6096     1.0049
 Ca      0.9297    0.0071    0.9630    0.9189     1.0454     1.0734     0.9986
 Ti      0.9487    0.0112    0.9761    0.8289     1.0520     1.1620     1.0003

Element  El. mass% Ox mass% Norm El%  Norm ox%  At prop  c/k-std   k-value   k-(std) 
 Na       1.96      2.65      1.95      2.63     0.766   1.0080   0.01948   0.98274  
 S        0.0070    0.0175    0.0070    0.0174   0.0020  0.9883   0.000071  0.013174 ?
 Fe      10.72     13.79     10.67     13.72     1.722   0.9981   0.10742   1.03262  
 Si      21.50     46.00     21.39     45.77     6.868   1.0102   0.21292   0.88878  
 Cl       0.1143    0.1143    0.1137    0.1137   0.0289  0.9840   0.001161  0.080029  
 F        0.1165    0.1165    0.1159    0.1159   0.0550  1.0227   0.001139  0.239307  
 K        1.46      1.75      1.45      1.75     0.334   0.9939   0.01465   2.14178  
 Mn       0.1875    0.2421    0.1866    0.2409   0.0306  1.0400   0.001803  0.005353  
 Al       7.89     14.90      7.85     14.83     2.623   1.0033   0.07862   1.18215  
 P        0.2773    0.6354    0.2759    0.6322   0.0803  0.9894   0.002802  1.638841  
 Mg       3.06      5.07      3.04      5.04     1.128   1.0049   0.03041   0.98761  
 Ca       8.02     11.22      7.98     11.16     1.795   0.9986   0.08028   1.19983  
 Ti       2.40      4.00      2.39      3.98     0.449   1.0003   0.02398   0.98090  
 O       42.80       -       42.59       -      24.000      -         -        
 -----------------------------------------------------------------------------
Total:  100.51    100.51    100.00    100.00    15.881




Unknown Specimen No. 10 
 Group        : bas-Glas        Sample  : 201216_Fr      
 UNK No.      :   10            Comment : 1982-CS2-L3A_2                           
 Stage        :    X=   20.7270  Y=   85.3335  Z=   11.2975 
 Acc. Voltage :    15.0 (kV)    Probe Dia. : 5    Scan : Off 
 Dated on Dec 20 16:49 2016 
 WDS only       No. of accumulation : 1 

Curr.(A) : 1.004E-08 
Element Peak(mm) Net(cps)   Bg-   Bg+  S.D.(%)   D.L.(ppm)  
 1 Na   129.476    213.1    0.0   16.5    2.25      154 
 2 S    171.948      0.9    5.5    4.4   68.81 ?    108 
 3 Fe   134.739    189.1    2.8    3.3    1.65      406 
 4 Si    77.822   3231.6   30.1   19.5    0.40      224 
 5 Cl   151.478     17.5    9.1    8.7    6.20       47 
 6 F    199.140      2.0    3.7    2.9   27.75      372 
 7 K    119.485    397.1   34.8   21.5    0.98       62 
 8 Mn   146.243      2.7    2.6    1.5   17.62      289 
 9 Al    90.995   1045.6   15.7    9.8    0.70      162 
10 P    197.118     22.3    2.6    3.5    5.39      159 
11 Mg   107.534    579.3   36.9    0.0    0.96      167 
12 Ca   107.121   2314.4   34.0   36.1    0.47       90 
13 Ti    88.305    657.0    0.0   50.1    0.91      132 


Element  f(chi)    If/Ip     abs-el    1/s-el      r-el      c/k-el    c/k-std
 Na      0.3949    0.0039    0.4713    0.9936     0.9867     2.1560     1.0073
 S       0.7691    0.0037    0.8212    0.9628     1.0235     1.2312     0.9886
 Fe      0.9808    0.0000    0.9968    0.8108     1.0555     1.1723     0.9982
 Si      0.7039    0.0013    0.7725    0.9879     1.0090     1.2970     1.0105
 Cl      0.8316    0.0070    0.8812    0.9136     1.0300     1.1976     0.9843
 F       0.1890    0.0014    0.2481    1.0192     0.9743     4.0533     1.0215
 K       0.9097    0.0178    0.9486    0.9044     1.0410     1.1001     0.9942
 Mn      0.9751    0.0000    0.9938    0.7991     1.0559     1.1926     1.0401
 Al      0.6483    0.0097    0.7271    0.9692     1.0014     1.4034     1.0029
 P       0.6860    0.0020    0.7433    0.9468     1.0164     1.3952     0.9898
 Mg      0.5375    0.0070    0.6161    1.0084     0.9938     1.6082     1.0040
 Ca      0.9296    0.0070    0.9629    0.9187     1.0454     1.0737     0.9989
 Ti      0.9487    0.0112    0.9761    0.8287     1.0520     1.1621     1.0004

Element  El. mass% Ox mass% Norm El%  Norm ox%  At prop  c/k-std   k-value   k-(std) 
 Na       1.92      2.59      1.91      2.58     0.750   1.0073   0.01905   0.96100  
 S        0.0066    0.0165    0.0066    0.0165   0.0019  0.9886   0.000067  0.012422 ?
 Fe      10.69     13.75     10.66     13.71     1.720   0.9982   0.10709   1.02941  
 Si      21.49     45.97     21.42     45.83     6.874   1.0105   0.21268   0.88780  
 Cl       0.1074    0.1074    0.1071    0.1071   0.0272  0.9843   0.001091  0.075216  
 F        0.1600    0.1600    0.1595    0.1595   0.0757  1.0215   0.001567  0.329101  
 K        1.47      1.77      1.47      1.77     0.338   0.9942   0.01480   2.16431  
 Mn       0.1704    0.2200    0.1699    0.2194   0.0279  1.0401   0.001639  0.004865  
 Al       7.93     14.99      7.91     14.95     2.642   1.0029   0.07911   1.18944  
 P        0.2734    0.6266    0.2726    0.6247   0.0793  0.9898   0.002762  1.615465  
 Mg       3.06      5.08      3.06      5.07     1.133   1.0040   0.03053   0.99151  
 Ca       7.94     11.12      7.92     11.08     1.781   0.9989   0.07953   1.18867  
 Ti       2.34      3.90      2.33      3.89     0.439   1.0004   0.02340   0.95689  
 O       42.73       -       42.60       -      24.000      -         -        
 -----------------------------------------------------------------------------
Total:  100.30    100.30    100.00    100.00    15.890




Unknown Specimen No. 11 
 Group        : bas-Glas        Sample  : 201216_Fr      
 UNK No.      :   11            Comment : 1982-CS2-L3A_3                           
 Stage        :    X=   20.2410  Y=   84.7885  Z=   11.3050 
 Acc. Voltage :    15.0 (kV)    Probe Dia. : 5    Scan : Off 
 Dated on Dec 20 16:52 2016 
 WDS only       No. of accumulation : 1 

Curr.(A) : 1.004E-08 
Element Peak(mm) Net(cps)   Bg-   Bg+  S.D.(%)   D.L.(ppm)  
 1 Na   129.476    239.6    0.0   17.9    2.12      160 
 2 S    171.948      1.5    4.8    5.2   40.93 ?    110 
 3 Fe   134.739    185.5    3.2    3.5    1.67      422 
 4 Si    77.822   3206.3   31.2   17.4    0.40      223 
 5 Cl   151.478     20.3    8.7    7.1    5.39       44 
 6 F    199.140      1.3    3.9    2.7   40.98 ?    376 
 7 K    119.485    410.7   35.1   21.2    0.96       62 
 8 Mn   146.243      2.7    2.5    1.5   17.22      287 
 9 Al    90.995   1046.9   15.2   10.9    0.70      163 
10 P    197.118     23.1    3.6    3.1    5.28      162 
11 Mg   107.534    577.1   39.5    0.0    0.96      173 
12 Ca   107.121   2322.5   36.8   37.2    0.47       92 
13 Ti    88.305    655.8    0.0   45.4    0.90      126 


Element  f(chi)    If/Ip     abs-el    1/s-el      r-el      c/k-el    c/k-std
 Na      0.3962    0.0039    0.4729    0.9934     0.9868     2.1490     1.0041
 S       0.7694    0.0038    0.8215    0.9626     1.0236     1.2309     0.9883
 Fe      0.9808    0.0000    0.9967    0.8107     1.0555     1.1725     0.9983
 Si      0.7037    0.0013    0.7722    0.9877     1.0091     1.2975     1.0109
 Cl      0.8318    0.0071    0.8814    0.9134     1.0301     1.1974     0.9841
 F       0.1889    0.0014    0.2480    1.0190     0.9744     4.0562     1.0222
 K       0.9097    0.0179    0.9486    0.9042     1.0411     1.1001     0.9942
 Mn      0.9751    0.0000    0.9937    0.7990     1.0560     1.1928     1.0402
 Al      0.6482    0.0097    0.7270    0.9690     1.0015     1.4038     1.0032
 P       0.6864    0.0021    0.7437    0.9466     1.0165     1.3945     0.9893
 Mg      0.5373    0.0070    0.6159    1.0082     0.9940     1.6088     1.0044
 Ca      0.9295    0.0069    0.9628    0.9186     1.0455     1.0740     0.9992
 Ti      0.9486    0.0110    0.9760    0.8286     1.0521     1.1626     1.0008

Element  El. mass% Ox mass% Norm El%  Norm ox%  At prop  c/k-std   k-value   k-(std) 
 Na       2.15      2.90      2.15      2.90     0.843   1.0041   0.02142   1.08059  
 S        0.0117    0.0292    0.0117    0.0291   0.0033  0.9883   0.000118  0.021971  
 Fe      10.49     13.49     10.48     13.48     1.692   0.9983   0.10507   1.00999  
 Si      21.33     45.63     21.30     45.57     6.841   1.0109   0.21102   0.88086  
 Cl       0.1246    0.1246    0.1245    0.1245   0.0317  0.9841   0.001266  0.087274  
 F        0.1055    0.1055    0.1053    0.1053   0.0500  1.0222   0.001032  0.216755  
 K        1.52      1.83      1.52      1.83     0.351   0.9942   0.01531   2.23844  
 Mn       0.1744    0.2252    0.1742    0.2249   0.0286  1.0402   0.001677  0.004978  
 Al       7.95     15.01      7.94     14.99     2.653   1.0032   0.07921   1.19088  
 P        0.2834    0.6494    0.2830    0.6486   0.0824  0.9893   0.002865  1.675261  
 Mg       3.05      5.07      3.05      5.06     1.132   1.0044   0.03041   0.98774  
 Ca       7.97     11.16      7.96     11.14     1.793   0.9992   0.07981   1.19280  
 Ti       2.34      3.90      2.33      3.89     0.440   1.0008   0.02335   0.95513  
 O       42.62       -       42.57       -      24.000      -         -        
 -----------------------------------------------------------------------------
Total:  100.12    100.12    100.00    100.00    15.941




Unknown Specimen No. 12 
 Group        : bas-Glas        Sample  : 201216_Fr      
 UNK No.      :   12            Comment : 1982-CS2-L3A_4                           
 Stage        :    X=   19.9485  Y=   84.8465  Z=   11.3085 
 Acc. Voltage :    15.0 (kV)    Probe Dia. : 5    Scan : Off 
 Dated on Dec 20 16:56 2016 
 WDS only       No. of accumulation : 1 

Curr.(A) : 1.004E-08 
Element Peak(mm) Net(cps)   Bg-   Bg+  S.D.(%)   D.L.(ppm)  
 1 Na   129.476    218.5    0.0   15.1    2.21      147 
 2 S    171.948      2.3    5.5    4.2   27.48      107 
 3 Fe   134.739    187.3    2.2    3.3    1.66      393 
 4 Si    77.822   3248.8   28.9   21.2    0.40      224 
 5 Cl   151.478     20.0    7.3    8.1    5.44       44 
 6 F    199.140      1.5    3.9    3.6   36.65 ?    395 
 7 K    119.485    354.3   37.8   24.2    1.06       65 
 8 Mn   146.243      2.7    1.8    1.3   16.28      251 
 9 Al    90.995   1041.2   16.8    9.3    0.70      164 
10 P    197.118     20.1    2.5    3.1    5.69      151 
11 Mg   107.534    590.2   37.6    0.0    0.95      168 
12 Ca   107.121   2336.8   35.3   38.5    0.47       92 
13 Ti    88.305    671.5    0.0   47.6    0.89      129 


Element  f(chi)    If/Ip     abs-el    1/s-el      r-el      c/k-el    c/k-std
 Na      0.3956    0.0039    0.4722    0.9932     0.9868     2.1525     1.0057
 S       0.7691    0.0037    0.8212    0.9625     1.0236     1.2315     0.9889
 Fe      0.9808    0.0000    0.9968    0.8106     1.0555     1.1725     0.9984
 Si      0.7042    0.0013    0.7728    0.9876     1.0091     1.2968     1.0103
 Cl      0.8316    0.0069    0.8811    0.9133     1.0301     1.1980     0.9846
 F       0.1888    0.0014    0.2479    1.0189     0.9744     4.0582     1.0227
 K       0.9096    0.0180    0.9485    0.9041     1.0411     1.1002     0.9944
 Mn      0.9751    0.0000    0.9938    0.7989     1.0560     1.1928     1.0403
 Al      0.6483    0.0097    0.7272    0.9689     1.0015     1.4035     1.0030
 P       0.6858    0.0020    0.7431    0.9465     1.0166     1.3958     0.9902
 Mg      0.5379    0.0070    0.6166    1.0081     0.9940     1.6072     1.0034
 Ca      0.9300    0.0070    0.9633    0.9185     1.0455     1.0735     0.9987
 Ti      0.9488    0.0111    0.9762    0.8285     1.0521     1.1623     1.0006

Element  El. mass% Ox mass% Norm El%  Norm ox%  At prop  c/k-std   k-value   k-(std) 
 Na       1.96      2.65      1.96      2.64     0.765   1.0057   0.01953   0.98537  
 S        0.0174    0.0435    0.0173    0.0433   0.0049  0.9889   0.000176  0.032754  
 Fe      10.59     13.63     10.54     13.57     1.699   0.9984   0.10610   1.01985  
 Si      21.60     46.20     21.50     45.99     6.887   1.0103   0.21382   0.89254  
 Cl       0.1232    0.1232    0.1227    0.1227   0.0311  0.9846   0.001251  0.086237  
 F        0.1241    0.1241    0.1236    0.1236   0.0585  1.0227   0.001214  0.254973  
 K        1.31      1.58      1.31      1.58     0.301   0.9944   0.01321   1.93105  
 Mn       0.1704    0.2200    0.1696    0.2190   0.0278  1.0403   0.001638  0.004863  
 Al       7.90     14.93      7.87     14.86     2.623   1.0030   0.07878   1.18447  
 P        0.2464    0.5646    0.2453    0.5621   0.0713  0.9902   0.002488  1.455104  
 Mg       3.12      5.17      3.11      5.15     1.150   1.0034   0.03110   1.01010  
 Ca       8.02     11.22      7.98     11.17     1.792   0.9987   0.08030   1.20017  
 Ti       2.39      3.99      2.38      3.97     0.447   1.0006   0.02391   0.97803  
 O       42.86       -       42.67       -      24.000      -         -        
 -----------------------------------------------------------------------------
Total:  100.44    100.44    100.00    100.00    15.860




Unknown Specimen No. 13 
 Group        : bas-Glas        Sample  : 201216_Fr      
 UNK No.      :   13            Comment : 1982-CS2-L3A_5                           
 Stage        :    X=   19.8710  Y=   84.3265  Z=   11.3085 
 Acc. Voltage :    15.0 (kV)    Probe Dia. : 5    Scan : Off 
 Dated on Dec 20 16:59 2016 
 WDS only       No. of accumulation : 1 

Curr.(A) : 1.004E-08 
Element Peak(mm) Net(cps)   Bg-   Bg+  S.D.(%)   D.L.(ppm)  
 1 Na   129.476    195.1    0.0   15.8    2.35      151 
 2 S    171.948      2.9    5.3    5.1   23.35      111 
 3 Fe   134.739    192.3    1.7    3.9    1.64      409 
 4 Si    77.822   3232.1   31.3   18.8    0.40      226 
 5 Cl   151.478     20.3    8.4    8.1    5.44       46 
 6 F    199.140      1.6    3.7    3.3   34.21 ?    381 
 7 K    119.485    378.2   33.7   23.2    1.01       62 
 8 Mn   146.243      3.2    1.9    1.5   14.60      265 
 9 Al    90.995   1051.1   17.8   10.8    0.70      172 
10 P    197.118     25.0    3.3    3.0    5.01      158 
11 Mg   107.534    569.3   38.1    0.0    0.97      170 
12 Ca   107.121   2358.1   31.1   35.8    0.47       88 
13 Ti    88.305    668.7    0.0   47.3    0.89      128 


Element  f(chi)    If/Ip     abs-el    1/s-el      r-el      c/k-el    c/k-std
 Na      0.3934    0.0039    0.4696    0.9940     0.9864     2.1634     1.0108
 S       0.7692    0.0038    0.8213    0.9632     1.0233     1.2307     0.9883
 Fe      0.9808    0.0000    0.9967    0.8112     1.0554     1.1720     0.9979
 Si      0.7039    0.0013    0.7724    0.9884     1.0088     1.2968     1.0103
 Cl      0.8316    0.0071    0.8812    0.9140     1.0298     1.1973     0.9840
 F       0.1886    0.0014    0.2476    1.0197     0.9741     4.0603     1.0232
 K       0.9096    0.0181    0.9485    0.9048     1.0408     1.0995     0.9937
 Mn      0.9750    0.0000    0.9937    0.7995     1.0558     1.1923     1.0398
 Al      0.6484    0.0097    0.7272    0.9697     1.0012     1.4030     1.0026
 P       0.6863    0.0021    0.7436    0.9472     1.0162     1.3942     0.9891
 Mg      0.5371    0.0070    0.6156    1.0089     0.9936     1.6090     1.0045
 Ca      0.9298    0.0071    0.9631    0.9192     1.0453     1.0731     0.9983
 Ti      0.9486    0.0114    0.9760    0.8291     1.0518     1.1617     1.0000

Element  El. mass% Ox mass% Norm El%  Norm ox%  At prop  c/k-std   k-value   k-(std) 
 Na       1.76      2.38      1.75      2.36     0.687   1.0108   0.01745   0.88022  
 S        0.0217    0.0543    0.0216    0.0539   0.0061  0.9883   0.000220  0.040885  
 Fe      10.87     13.98     10.80     13.90     1.743   0.9979   0.10893   1.04714  
 Si      21.48     45.95     21.35     45.67     6.850   1.0103   0.21272   0.88796  
 Cl       0.1250    0.1250    0.1242    0.1242   0.0316  0.9840   0.001270  0.087536  
 F        0.1296    0.1296    0.1288    0.1288   0.0611  1.0232   0.001266  0.266058  
 K        1.40      1.69      1.39      1.68     0.321   0.9937   0.01410   2.06129  
 Mn       0.2041    0.2635    0.2028    0.2618   0.0333  1.0398   0.001963  0.005827  
 Al       7.97     15.06      7.92     14.97     2.647   1.0026   0.07952   1.19567  
 P        0.3069    0.7034    0.3050    0.6990   0.0888  0.9891   0.003103  1.814784  
 Mg       3.01      5.00      2.99      4.97     1.110   1.0045   0.03000   0.97428  
 Ca       8.09     11.32      8.04     11.25     1.808   0.9983   0.08104   1.21112  
 Ti       2.38      3.97      2.37      3.95     0.445   1.0000   0.02381   0.97395  
 O       42.87       -       42.60       -      24.000      -         -        
 -----------------------------------------------------------------------------
Total:  100.63    100.63    100.00    100.00    15.832




Unknown Specimen No. 14 
 Group        : bas-Glas        Sample  : 201216_Fr      
 UNK No.      :   14            Comment : 1982-CS2-L3A_6                           
 Stage        :    X=   20.6795  Y=   84.7765  Z=   11.2970 
 Acc. Voltage :    15.0 (kV)    Probe Dia. : 5    Scan : Off 
 Dated on Dec 20 17:03 2016 
 WDS only       No. of accumulation : 1 

Curr.(A) : 1.004E-08 
Element Peak(mm) Net(cps)   Bg-   Bg+  S.D.(%)   D.L.(ppm)  
 1 Na   129.476    228.2    0.0   14.8    2.16      146 
 2 S    171.948      1.5    5.2    5.9   42.91 ?    116 
 3 Fe   134.739    180.8    2.3    2.4    1.69      352 
 4 Si    77.822   3251.2   34.4   19.7    0.40      235 
 5 Cl   151.478     20.7    9.7    8.3    5.48       48 
 6 F    199.140      2.3    3.5    2.1   23.03      350 
 7 K    119.485    402.9   35.3   23.7    0.98       63 
 8 Mn   146.243      1.8    2.4    2.3   25.31      312 
 9 Al    90.995   1052.6   15.5    9.7    0.70      161 
10 P    197.118     26.4    3.2    2.4    4.78      147 
11 Mg   107.534    565.7   41.9    0.0    0.97      178 
12 Ca   107.121   2301.6   31.5   31.3    0.47       85 
13 Ti    88.305    656.6    0.0   49.6    0.90      131 


Element  f(chi)    If/Ip     abs-el    1/s-el      r-el      c/k-el    c/k-std
 Na      0.3978    0.0039    0.4748    0.9925     0.9871     2.1416     1.0006
 S       0.7691    0.0037    0.8211    0.9618     1.0239     1.2320     0.9893
 Fe      0.9808    0.0000    0.9968    0.8100     1.0557     1.1731     0.9989
 Si      0.7052    0.0013    0.7739    0.9869     1.0095     1.2953     1.0092
 Cl      0.8316    0.0070    0.8811    0.9127     1.0304     1.1984     0.9849
 F       0.1887    0.0014    0.2478    1.0181     0.9747     4.0618     1.0236
 K       0.9096    0.0177    0.9485    0.9035     1.0414     1.1010     0.9951
 Mn      0.9751    0.0000    0.9938    0.7984     1.0562     1.1934     1.0408
 Al      0.6505    0.0098    0.7295    0.9682     1.0018     1.3994     1.0000
 P       0.6862    0.0020    0.7435    0.9458     1.0169     1.3955     0.9900
 Mg      0.5395    0.0071    0.6184    1.0074     0.9943     1.6030     1.0008
 Ca      0.9295    0.0068    0.9628    0.9178     1.0458     1.0748     0.9998
 Ti      0.9487    0.0107    0.9761    0.8279     1.0523     1.1635     1.0016

Element  El. mass% Ox mass% Norm El%  Norm ox%  At prop  c/k-std   k-value   k-(std) 
 Na       2.04      2.75      2.04      2.75     0.797   1.0006   0.02040   1.02914  
 S        0.0117    0.0293    0.0117    0.0292   0.0033  0.9893   0.000119  0.022031  
 Fe      10.23     13.16     10.22     13.15     1.644   0.9989   0.10243   0.98457  
 Si      21.59     46.19     21.57     46.14     6.899   1.0092   0.21397   0.89318  
 Cl       0.1273    0.1273    0.1272    0.1272   0.0322  0.9849   0.001293  0.089106  
 F        0.1892    0.1892    0.1890    0.1890   0.0894  1.0236   0.001848  0.388336  
 K        1.49      1.80      1.49      1.80     0.343   0.9951   0.01502   2.19603  
 Mn       0.1177    0.1520    0.1176    0.1518   0.0192  1.0408   0.001131  0.003358  
 Al       7.96     15.05      7.96     15.03     2.649   1.0000   0.07964   1.19743  
 P        0.3240    0.7424    0.3236    0.7415   0.0939  0.9900   0.003272  1.913538  
 Mg       2.98      4.95      2.98      4.94     1.101   1.0008   0.02981   0.96821  
 Ca       7.91     11.07      7.90     11.05     1.771   0.9998   0.07909   1.18210  
 Ti       2.34      3.91      2.34      3.90     0.439   1.0016   0.02338   0.95637  
 O       42.78       -       42.74       -      24.000      -         -        
 -----------------------------------------------------------------------------
Total:  100.11    100.11    100.00    100.00    15.882




Unknown Specimen No. 15 
 Group        : bas-Glas        Sample  : 201216_Fr      
 UNK No.      :   15            Comment : 1982-CS2-L3A_7                           
 Stage        :    X=   19.7690  Y=   85.1930  Z=   11.3090 
 Acc. Voltage :    15.0 (kV)    Probe Dia. : 5    Scan : Off 
 Dated on Dec 20 17:06 2016 
 WDS only       No. of accumulation : 1 

Curr.(A) : 1.004E-08 
Element Peak(mm) Net(cps)   Bg-   Bg+  S.D.(%)   D.L.(ppm)  
 1 Na   129.476    403.7    0.0   20.2    1.61      170 
 2 S    171.948      1.4    5.7    5.8   46.39 ?    118 
 3 Fe   134.739    173.8    3.3    2.5    1.72      381 
 4 Si    77.822   3248.9   30.2   17.3    0.40      220 
 5 Cl   151.478     19.6    8.5    7.9    5.59       45 
 6 F    199.140      1.5    4.4    2.7   38.23 ?    392 
 7 K    119.485    398.8   32.9   20.4    0.98       60 
 8 Mn   146.243      2.0    2.1    2.0   22.86      294 
 9 Al    90.995   1050.6   16.2    9.1    0.70      162 
10 P    197.118     26.0    3.3    2.7    4.86      153 
11 Mg   107.534    529.3   34.5    0.0    1.00      161 
12 Ca   107.121   2176.6   31.1   35.4    0.49       88 
13 Ti    88.305    670.7    0.0   48.2    0.89      130 


Element  f(chi)    If/Ip     abs-el    1/s-el      r-el      c/k-el    c/k-std
 Na      0.4030    0.0038    0.4811    0.9914     0.9878     2.1145     0.9880
 S       0.7689    0.0036    0.8209    0.9607     1.0247     1.2330     0.9901
 Fe      0.9811    0.0000    0.9970    0.8092     1.0561     1.1736     0.9993
 Si      0.7039    0.0013    0.7725    0.9858     1.0102     1.2983     1.0114
 Cl      0.8315    0.0067    0.8810    0.9117     1.0311     1.1994     0.9858
 F       0.1902    0.0014    0.2497    1.0169     0.9754     4.0323     1.0162
 K       0.9096    0.0168    0.9484    0.9026     1.0421     1.1025     0.9964
 Mn      0.9754    0.0000    0.9941    0.7976     1.0566     1.1937     1.0411
 Al      0.6483    0.0097    0.7271    0.9671     1.0026     1.4047     1.0039
 P       0.6859    0.0020    0.7432    0.9448     1.0176     1.3967     0.9909
 Mg      0.5353    0.0070    0.6136    1.0062     0.9950     1.6163     1.0091
 Ca      0.9295    0.0067    0.9628    0.9169     1.0464     1.0753     1.0003
 Ti      0.9495    0.0103    0.9769    0.8271     1.0529     1.1635     1.0016

Element  El. mass% Ox mass% Norm El%  Norm ox%  At prop  c/k-std   k-value   k-(std) 
 Na       3.56      4.81      3.54      4.77     1.385   0.9880   0.03609   1.82088  
 S        0.0109    0.0272    0.0108    0.0270   0.0030  0.9901   0.000110  0.020476 ?
 Fe       9.84     12.66      9.76     12.55     1.574   0.9993   0.09846   0.94648  
 Si      21.62     46.24     21.43     45.85     6.874   1.0114   0.21382   0.89255  
 Cl       0.1203    0.1203    0.1193    0.1193   0.0303  0.9858   0.001221  0.084128  
 F        0.1179    0.1179    0.1170    0.1170   0.0555  1.0162   0.001161  0.243840  
 K        1.48      1.78      1.47      1.77     0.338   0.9964   0.01487   2.17384  
 Mn       0.1262    0.1630    0.1252    0.1616   0.0205  1.0411   0.001212  0.003600  
 Al       7.98     15.07      7.91     14.95     2.641   1.0039   0.07949   1.19509  
 P        0.3196    0.7324    0.3169    0.7263   0.0922  0.9909   0.003226  1.886358  
 Mg       2.81      4.67      2.79      4.63     1.034   1.0091   0.02790   0.90599  
 Ca       7.48     10.47      7.42     10.38     1.668   1.0003   0.07480   1.11789  
 Ti       2.39      3.99      2.37      3.96     0.446   1.0016   0.02388   0.97686  
 O       42.99       -       42.62       -      24.000      -         -        
 -----------------------------------------------------------------------------
Total:  100.85    100.85    100.00    100.00    16.162




Unknown Specimen No. 16 
 Group        : bas-Glas        Sample  : 201216_Fr      
 UNK No.      :   16            Comment : 1982-CS2-L3A_8                           
 Stage        :    X=   19.6255  Y=   85.1475  Z=   11.3100 
 Acc. Voltage :    15.0 (kV)    Probe Dia. : 5    Scan : Off 
 Dated on Dec 20 17:10 2016 
 WDS only       No. of accumulation : 1 

Curr.(A) : 1.004E-08 
Element Peak(mm) Net(cps)   Bg-   Bg+  S.D.(%)   D.L.(ppm)  
 1 Na   129.476    340.5    0.0   22.6    1.77      180 
 2 S    171.948      4.1    6.1    3.7   16.14      106 
 3 Fe   134.739    187.1    3.0    3.4    1.67      414 
 4 Si    77.822   3145.6   26.9   19.3    0.40      215 
 5 Cl   151.478     20.6    9.1    8.3    5.46       47 
 6 F    199.140      1.7    4.3    2.9   32.58      392 
 7 K    119.485    381.9   34.8   21.3    1.00       62 
 8 Mn   146.243      2.7    2.6    2.0   18.33      308 
 9 Al    90.995   1026.2   16.5    9.8    0.71      165 
10 P    197.118     24.7    3.4    3.1    5.06      160 
11 Mg   107.534    553.4   40.6    0.0    0.98      175 
12 Ca   107.121   2255.8   31.8   36.1    0.48       89 
13 Ti    88.305    662.7    0.0   50.1    0.90      132 


Element  f(chi)    If/Ip     abs-el    1/s-el      r-el      c/k-el    c/k-std
 Na      0.3969    0.0038    0.4738    0.9935     0.9869     2.1446     1.0020
 S       0.7695    0.0037    0.8216    0.9627     1.0237     1.2304     0.9880
 Fe      0.9809    0.0000    0.9969    0.8108     1.0556     1.1720     0.9979
 Si      0.7019    0.0013    0.7702    0.9879     1.0092     1.3005     1.0132
 Cl      0.8318    0.0069    0.8814    0.9135     1.0302     1.1972     0.9840
 F       0.1903    0.0014    0.2498    1.0191     0.9745     4.0246     1.0142
 K       0.9097    0.0176    0.9486    0.9044     1.0412     1.1001     0.9942
 Mn      0.9753    0.0000    0.9939    0.7991     1.0560     1.1922     1.0398
 Al      0.6449    0.0095    0.7233    0.9692     1.0016     1.4109     1.0083
 P       0.6866    0.0020    0.7440    0.9467     1.0167     1.3936     0.9887
 Mg      0.5325    0.0069    0.6104    1.0084     0.9941     1.6232     1.0133
 Ca      0.9298    0.0070    0.9631    0.9187     1.0456     1.0733     0.9985
 Ti      0.9491    0.0112    0.9765    0.8287     1.0522     1.1614     0.9998

Element  El. mass% Ox mass% Norm El%  Norm ox%  At prop  c/k-std   k-value   k-(std) 
 Na       3.05      4.11      3.05      4.11     1.203   1.0020   0.03044   1.53602  
 S        0.0316    0.0790    0.0316    0.0790   0.0090  0.9880   0.000320  0.059519  
 Fe      10.57     13.60     10.57     13.60     1.717   0.9979   0.10597   1.01861  
 Si      20.98     44.87     20.97     44.87     6.772   1.0132   0.20702   0.86417  
 Cl       0.1267    0.1267    0.1267    0.1267   0.0324  0.9840   0.001288  0.088737  
 F        0.1397    0.1397    0.1397    0.1397   0.0667  1.0142   0.001378  0.289452  
 K        1.42      1.71      1.42      1.71     0.328   0.9942   0.01424   2.08164  
 Mn       0.1705    0.2202    0.1705    0.2201   0.0281  1.0398   0.001640  0.004869  
 Al       7.83     14.79      7.83     14.79     2.632   1.0083   0.07764   1.16740  
 P        0.3031    0.6947    0.3031    0.6946   0.0888  0.9887   0.003066  1.793040  
 Mg       2.96      4.90      2.95      4.90     1.102   1.0133   0.02916   0.94713  
 Ca       7.74     10.83      7.74     10.83     1.751   0.9985   0.07752   1.15854  
 Ti       2.36      3.94      2.36      3.94     0.447   0.9998   0.02360   0.96513  
 O       42.34       -       42.33       -      24.000      -         -        
 -----------------------------------------------------------------------------
Total:  100.01    100.01    100.00    100.00    16.179




Unknown Specimen No. 17 
 Group        : bas-Glas        Sample  : 201216_Fr      
 UNK No.      :   17            Comment : 1982-CS2-L3A_9                           
 Stage        :    X=   19.6420  Y=   85.3485  Z=   11.3110 
 Acc. Voltage :    15.0 (kV)    Probe Dia. : 5    Scan : Off 
 Dated on Dec 20 17:13 2016 
 WDS only       No. of accumulation : 1 

Curr.(A) : 1.004E-08 
Element Peak(mm) Net(cps)   Bg-   Bg+  S.D.(%)   D.L.(ppm)  
 1 Na   129.476    370.0    0.0   20.9    1.69      173 
 2 S    171.948      2.1    5.8    4.4   30.36      109 
 3 Fe   134.739    179.2    3.3    2.8    1.70      394 
 4 Si    77.822   3183.1   32.0   20.2    0.40      230 
 5 Cl   151.478     20.1    8.6    6.8    5.40       44 
 6 F    199.140      1.5    3.7    3.5   36.86 ?    384 
 7 K    119.485    374.6   29.9   20.5    1.01       59 
 8 Mn   146.243      2.6    1.8    1.8   17.35      275 
 9 Al    90.995   1041.5   16.0    9.4    0.70      162 
10 P    197.118     24.4    3.9    3.0    5.12      163 
11 Mg   107.534    543.7   36.9    0.0    0.99      167 
12 Ca   107.121   2205.2   35.3   33.7    0.48       89 
13 Ti    88.305    650.4    0.0   46.7    0.91      128 


Element  f(chi)    If/Ip     abs-el    1/s-el      r-el      c/k-el    c/k-std
 Na      0.4001    0.0038    0.4776    0.9924     0.9874     2.1288     0.9946
 S       0.7691    0.0036    0.8212    0.9617     1.0242     1.2318     0.9891
 Fe      0.9810    0.0000    0.9970    0.8100     1.0559     1.1727     0.9986
 Si      0.7023    0.0013    0.7706    0.9868     1.0098     1.3006     1.0133
 Cl      0.8316    0.0067    0.8812    0.9126     1.0307     1.1984     0.9849
 F       0.1904    0.0014    0.2500    1.0180     0.9749     4.0239     1.0140
 K       0.9096    0.0172    0.9485    0.9035     1.0417     1.1013     0.9953
 Mn      0.9754    0.0000    0.9941    0.7983     1.0563     1.1929     1.0404
 Al      0.6461    0.0095    0.7246    0.9681     1.0021     1.4090     1.0069
 P       0.6862    0.0020    0.7435    0.9457     1.0172     1.3954     0.9899
 Mg      0.5336    0.0069    0.6116    1.0073     0.9946     1.6208     1.0118
 Ca      0.9298    0.0069    0.9631    0.9178     1.0460     1.0742     0.9993
 Ti      0.9493    0.0108    0.9768    0.8279     1.0525     1.1623     1.0006

Element  El. mass% Ox mass% Norm El%  Norm ox%  At prop  c/k-std   k-value   k-(std) 
 Na       3.29      4.44      3.29      4.44     1.293   0.9946   0.03307   1.66874  
 S        0.0160    0.0398    0.0160    0.0398   0.0045  0.9891   0.000161  0.029977  
 Fe      10.14     13.04     10.14     13.04     1.639   0.9986   0.10149   0.97561  
 Si      21.22     45.40     21.22     45.40     6.825   1.0133   0.20949   0.87448  
 Cl       0.1237    0.1237    0.1237    0.1237   0.0315  0.9849   0.001256  0.086587  
 F        0.1190    0.1190    0.1190    0.1190   0.0566  1.0140   0.001173  0.246512  
 K        1.39      1.67      1.39      1.67     0.321   0.9953   0.01397   2.04206  
 Mn       0.1682    0.2171    0.1682    0.2171   0.0277  1.0404   0.001616  0.004799  
 Al       7.93     14.99      7.93     14.99     2.657   1.0069   0.07880   1.18479  
 P        0.2995    0.6864    0.2996    0.6864   0.0874  0.9899   0.003026  1.769484  
 Mg       2.90      4.81      2.90      4.81     1.077   1.0118   0.02865   0.93050  
 Ca       7.57     10.60      7.57     10.60     1.707   0.9993   0.07578   1.13256  
 Ti       2.32      3.87      2.32      3.87     0.437   1.0006   0.02316   0.94732  
 O       42.51       -       42.51       -      24.000      -         -        
 -----------------------------------------------------------------------------
Total:   99.99     99.99    100.00    100.00    16.165




Unknown Specimen No. 18 
 Group        : bas-Glas        Sample  : 201216_Fr      
 UNK No.      :   18            Comment : 1982-CS2-L5B_1                           
 Stage        :    X=   25.1060  Y=   89.9915  Z=   11.2520 
 Acc. Voltage :    15.0 (kV)    Probe Dia. : 5    Scan : Off 
 Dated on Dec 20 17:17 2016 
 WDS only       No. of accumulation : 1 

Curr.(A) : 1.004E-08 
Element Peak(mm) Net(cps)   Bg-   Bg+  S.D.(%)   D.L.(ppm)  
 1 Na   129.476    472.6    0.0   23.1    1.49      182 
 2 S    171.948      1.2    5.3    5.3   54.34 ?    113 
 3 Fe   134.739    178.8    2.3    2.6    1.70      362 
 4 Si    77.822   3238.1   30.6   19.7    0.40      226 
 5 Cl   151.478     20.5    9.0    7.8    5.43       46 
 6 F    199.140      3.2    2.9    3.4   17.53      357 
 7 K    119.485    487.9   35.5   22.2    0.88       63 
 8 Mn   146.243      3.1    2.1    1.2   14.67      259 
 9 Al    90.995   1034.0   17.4    8.9    0.70      165 
10 P    197.118     24.7    3.6    2.9    5.05      159 
11 Mg   107.534    483.5   34.3    0.0    1.05      161 
12 Ca   107.121   1952.1   31.4   34.6    0.51       87 
13 Ti    88.305    646.2    0.0   47.3    0.91      128 


Element  f(chi)    If/Ip     abs-el    1/s-el      r-el      c/k-el    c/k-std
 Na      0.4024    0.0038    0.4802    0.9919     0.9878     2.1172     0.9892
 S       0.7684    0.0035    0.8205    0.9612     1.0247     1.2332     0.9902
 Fe      0.9813    0.0000    0.9973    0.8096     1.0561     1.1726     0.9985
 Si      0.7029    0.0012    0.7713    0.9863     1.0102     1.2996     1.0125
 Cl      0.8311    0.0065    0.8807    0.9121     1.0312     1.1995     0.9859
 F       0.1920    0.0015    0.2521    1.0174     0.9754     3.9919     1.0060
 K       0.9094    0.0155    0.9482    0.9030     1.0421     1.1036     0.9974
 Mn      0.9758    0.0000    0.9945    0.7980     1.0566     1.1927     1.0402
 Al      0.6461    0.0096    0.7247    0.9676     1.0026     1.4088     1.0068
 P       0.6853    0.0019    0.7426    0.9452     1.0176     1.3974     0.9913
 Mg      0.5310    0.0069    0.6086    1.0067     0.9951     1.6288     1.0169
 Ca      0.9286    0.0068    0.9618    0.9173     1.0464     1.0758     1.0009
 Ti      0.9501    0.0109    0.9776    0.8275     1.0529     1.1615     0.9999

Element  El. mass% Ox mass% Norm El%  Norm ox%  At prop  c/k-std   k-value   k-(std) 
 Na       4.18      5.63      4.15      5.59     1.635   0.9892   0.04225   2.13152  
 S        0.0089    0.0222    0.0088    0.0220   0.0025  0.9902   0.000090  0.016655 ?
 Fe      10.11     13.01     10.04     12.92     1.629   0.9985   0.10130   0.97376  
 Si      21.57     46.14     21.41     45.80     6.907   1.0125   0.21311   0.88958  
 Cl       0.1262    0.1262    0.1253    0.1253   0.0320  0.9859   0.001280  0.088227  
 F        0.2576    0.2576    0.2558    0.2558   0.1220  1.0060   0.002561  0.538063  
 K        1.81      2.19      1.80      2.17     0.417   0.9974   0.01819   2.65918  
 Mn       0.1997    0.2578    0.1982    0.2559   0.0327  1.0402   0.001919  0.005699  
 Al       7.87     14.88      7.82     14.77     2.626   1.0068   0.07823   1.17621  
 P        0.3039    0.6965    0.3017    0.6914   0.0883  0.9913   0.003066  1.793040  
 Mg       2.59      4.30      2.57      4.26     0.959   1.0169   0.02548   0.82759  
 Ca       6.71      9.39      6.66      9.33     1.507   1.0009   0.06708   1.00259  
 Ti       2.30      3.84      2.28      3.81     0.432   0.9999   0.02301   0.94120  
 O       42.68       -       42.37       -      24.000      -         -        
 -----------------------------------------------------------------------------
Total:  100.73    100.73    100.00    100.00    16.390




Unknown Specimen No. 19 
 Group        : bas-Glas        Sample  : 201216_Fr      
 UNK No.      :   19            Comment : 1982-CS2-L5B_2                           
 Stage        :    X=   24.8040  Y=   90.4215  Z=   11.2585 
 Acc. Voltage :    15.0 (kV)    Probe Dia. : 5    Scan : Off 
 Dated on Dec 20 17:20 2016 
 WDS only       No. of accumulation : 1 

Curr.(A) : 1.004E-08 
Element Peak(mm) Net(cps)   Bg-   Bg+  S.D.(%)   D.L.(ppm)  
 1 Na   129.476    358.1    0.0   20.1    1.72      170 
 2 S    171.948      2.4    6.0    4.5   27.17      111 
 3 Fe   134.739    194.2    3.8    2.8    1.63      405 
 4 Si    77.822   3238.8   28.2   20.3    0.40      221 
 5 Cl   151.478     23.7    8.5    7.7    4.87       45 
 6 F    199.140      2.0    3.5    3.7   27.91      381 
 7 K    119.485    413.9   32.7   22.6    0.96       61 
 8 Mn   146.243      2.6    2.5    2.5   19.37      323 
 9 Al    90.995   1028.2   15.6   10.5    0.71      164 
10 P    197.118     27.5    3.9    1.9    4.65      145 
11 Mg   107.534    491.4   37.4    0.0    1.05      168 
12 Ca   107.121   2069.8   35.5   35.8    0.50       90 
13 Ti    88.305    660.4    0.0   47.2    0.90      128 


Element  f(chi)    If/Ip     abs-el    1/s-el      r-el      c/k-el    c/k-std
 Na      0.3959    0.0037    0.4726    0.9936     0.9869     2.1499     1.0045
 S       0.7683    0.0035    0.8203    0.9628     1.0238     1.2324     0.9896
 Fe      0.9812    0.0000    0.9972    0.8109     1.0556     1.1715     0.9975
 Si      0.7028    0.0013    0.7712    0.9880     1.0093     1.2988     1.0118
 Cl      0.8310    0.0066    0.8805    0.9136     1.0303     1.1987     0.9852
 F       0.1914    0.0014    0.2512    1.0192     0.9745     4.0014     1.0084
 K       0.9092    0.0164    0.9481    0.9045     1.0413     1.1019     0.9959
 Mn      0.9756    0.0000    0.9943    0.7992     1.0561     1.1916     1.0392
 Al      0.6456    0.0096    0.7241    0.9693     1.0017     1.4088     1.0068
 P       0.6853    0.0019    0.7426    0.9469     1.0167     1.3962     0.9905
 Mg      0.5307    0.0069    0.6084    1.0085     0.9941     1.6282     1.0165
 Ca      0.9291    0.0071    0.9624    0.9188     1.0457     1.0738     0.9990
 Ti      0.9498    0.0117    0.9773    0.8288     1.0522     1.1598     0.9985

Element  El. mass% Ox mass% Norm El%  Norm ox%  At prop  c/k-std   k-value   k-(std) 
 Na       3.21      4.33      3.19      4.30     1.256   1.0045   0.03201   1.61502  
 S        0.0183    0.0457    0.0182    0.0453   0.0051  0.9896   0.000185  0.034357  
 Fe      10.97     14.12     10.89     14.01     1.765   0.9975   0.11001   1.05752  
 Si      21.56     46.12     21.39     45.76     6.894   1.0118   0.21315   0.88977  
 Cl       0.1455    0.1455    0.1444    0.1444   0.0369  0.9852   0.001477  0.101786  
 F        0.1595    0.1595    0.1583    0.1583   0.0754  1.0084   0.001582  0.332282  
 K        1.54      1.85      1.52      1.84     0.353   0.9959   0.01543   2.25603  
 Mn       0.1662    0.2145    0.1649    0.2129   0.0272  1.0392   0.001599  0.004747  
 Al       7.83     14.80      7.77     14.68     2.607   1.0068   0.07779   1.16964  
 P        0.3376    0.7736    0.3350    0.7677   0.0979  0.9905   0.003408  1.993266  
 Mg       2.63      4.36      2.61      4.33     0.972   1.0165   0.02589   0.84096  
 Ca       7.11      9.94      7.05      9.87     1.592   0.9990   0.07113   1.06303  
 Ti       2.35      3.92      2.33      3.89     0.440   0.9985   0.02352   0.96184  
 O       42.75       -       42.42       -      24.000      -         -        
 -----------------------------------------------------------------------------
Total:  100.77    100.77    100.00    100.00    16.122




Unknown Specimen No. 20 
 Group        : bas-Glas        Sample  : 201216_Fr      
 UNK No.      :   20            Comment : 1982-CS2-L5B_3                           
 Stage        :    X=   25.6965  Y=   90.9585  Z=   11.2475 
 Acc. Voltage :    15.0 (kV)    Probe Dia. : 5    Scan : Off 
 Dated on Dec 20 17:24 2016 
 WDS only       No. of accumulation : 1 

Curr.(A) : 1.004E-08 
Element Peak(mm) Net(cps)   Bg-   Bg+  S.D.(%)   D.L.(ppm)  
 1 Na   129.476    375.1    0.0   22.3    1.68      179 
 2 S    171.948      2.0    5.3    4.9   31.85      110 
 3 Fe   134.739    188.2    2.1    2.7    1.65      362 
 4 Si    77.822   3226.7   31.5   23.1    0.40      234 
 5 Cl   151.478     21.0   10.4    8.3    5.46       48 
 6 F    199.140      2.3    4.6    3.0   25.53      405 
 7 K    119.485    491.0   38.7   23.1    0.88       65 
 8 Mn   146.243      2.6    2.1    1.7   17.60      281 
 9 Al    90.995   1028.9   15.4    9.5    0.71      160 
10 P    197.118     27.4    2.9    2.4    4.66      144 
11 Mg   107.534    514.0   33.7    0.0    1.02      159 
12 Ca   107.121   2041.3   35.4   35.0    0.50       90 
13 Ti    88.305    636.4    0.0   51.2    0.92      134 


Element  f(chi)    If/Ip     abs-el    1/s-el      r-el      c/k-el    c/k-std
 Na      0.3982    0.0038    0.4752    0.9931     0.9872     2.1384     0.9991
 S       0.7686    0.0036    0.8206    0.9623     1.0240     1.2322     0.9895
 Fe      0.9812    0.0000    0.9972    0.8105     1.0558     1.1720     0.9979
 Si      0.7029    0.0013    0.7714    0.9874     1.0095     1.2989     1.0119
 Cl      0.8312    0.0067    0.8807    0.9132     1.0305     1.1986     0.9851
 F       0.1914    0.0014    0.2513    1.0187     0.9748     4.0025     1.0086
 K       0.9094    0.0161    0.9482    0.9040     1.0415     1.1024     0.9963
 Mn      0.9756    0.0000    0.9943    0.7988     1.0562     1.1921     1.0397
 Al      0.6459    0.0096    0.7245    0.9687     1.0019     1.4086     1.0066
 P       0.6857    0.0020    0.7429    0.9463     1.0170     1.3959     0.9903
 Mg      0.5320    0.0069    0.6098    1.0079     0.9944     1.6248     1.0144
 Ca      0.9285    0.0069    0.9618    0.9183     1.0459     1.0751     1.0002
 Ti      0.9496    0.0113    0.9770    0.8284     1.0524     1.1609     0.9994

Element  El. mass% Ox mass% Norm El%  Norm ox%  At prop  c/k-std   k-value   k-(std) 
 Na       3.35      4.52      3.33      4.49     1.312   0.9991   0.03353   1.69177  
 S        0.0153    0.0382    0.0152    0.0379   0.0043  0.9895   0.000154  0.028702  
 Fe      10.64     13.69     10.57     13.60     1.715   0.9979   0.10663   1.02495  
 Si      21.48     45.95     21.34     45.66     6.884   1.0119   0.21236   0.88647  
 Cl       0.1293    0.1293    0.1285    0.1285   0.0328  0.9851   0.001313  0.090493  
 F        0.1878    0.1878    0.1866    0.1866   0.0890  1.0086   0.001862  0.391182  
 K        1.82      2.20      1.81      2.18     0.420   0.9963   0.01831   2.67654  
 Mn       0.1673    0.2160    0.1662    0.2146   0.0274  1.0397   0.001609  0.004778  
 Al       7.83     14.80      7.78     14.71     2.614   1.0066   0.07785   1.17046  
 P        0.3365    0.7710    0.3343    0.7661   0.0978  0.9903   0.003398  1.986924  
 Mg       2.75      4.56      2.73      4.53     1.017   1.0144   0.02709   0.87968  
 Ca       7.02      9.82      6.97      9.75     1.576   1.0002   0.07015   1.04840  
 Ti       2.26      3.78      2.25      3.75     0.426   0.9994   0.02266   0.92691  
 O       42.65       -       42.38       -      24.000      -         -        
 -----------------------------------------------------------------------------
Total:  100.65    100.65    100.00    100.00    16.215




Unknown Specimen No. 21 
 Group        : bas-Glas        Sample  : 201216_Fr      
 UNK No.      :   21            Comment : 1982-CS2-L5B_4                           
 Stage        :    X=   24.6690  Y=   91.6265  Z=   11.2615 
 Acc. Voltage :    15.0 (kV)    Probe Dia. : 5    Scan : Off 
 Dated on Dec 20 17:27 2016 
 WDS only       No. of accumulation : 1 

Curr.(A) : 1.004E-08 
Element Peak(mm) Net(cps)   Bg-   Bg+  S.D.(%)   D.L.(ppm)  
 1 Na   129.476    423.9    0.0   20.0    1.57      169 
 2 S    171.948      2.2    5.7    4.5   29.28      109 
 3 Fe   134.739    212.1    3.3    2.4    1.56      376 
 4 Si    77.822   3228.2   35.6   17.4    0.40      234 
 5 Cl   151.478     26.3    7.7    7.5    4.46       44 
 6 F    199.140      2.3    3.7    3.3   24.68      381 
 7 K    119.485    498.3   35.3   24.3    0.87       64 
 8 Mn   146.243      3.4    1.9    1.9   14.37      280 
 9 Al    90.995    998.6   16.2    9.6    0.72      163 
10 P    197.118     25.4    2.4    2.5    4.86      140 
11 Mg   107.534    463.0   34.9    0.0    1.08      162 
12 Ca   107.121   1836.7   34.3   29.7    0.53       85 
13 Ti    88.305    665.5    0.0   46.3    0.90      127 


Element  f(chi)    If/Ip     abs-el    1/s-el      r-el      c/k-el    c/k-std
 Na      0.3920    0.0036    0.4679    0.9954     0.9864     2.1689     1.0134
 S       0.7678    0.0034    0.8198    0.9645     1.0233     1.2317     0.9891
 Fe      0.9815    0.0000    0.9975    0.8123     1.0554     1.1695     0.9958
 Si      0.7003    0.0012    0.7685    0.9897     1.0088     1.3017     1.0141
 Cl      0.8306    0.0063    0.8801    0.9152     1.0298     1.1980     0.9846
 F       0.1937    0.0015    0.2544    1.0210     0.9741     3.9467     0.9946
 K       0.9089    0.0151    0.9478    0.9061     1.0408     1.1022     0.9961
 Mn      0.9760    0.0000    0.9947    0.8006     1.0558     1.1895     1.0374
 Al      0.6405    0.0094    0.7184    0.9710     1.0011     1.4186     1.0137
 P       0.6846    0.0019    0.7418    0.9485     1.0162     1.3960     0.9903
 Mg      0.5236    0.0067    0.6002    1.0102     0.9936     1.6489     1.0294
 Ca      0.9282    0.0075    0.9614    0.9204     1.0452     1.0731     0.9983
 Ti      0.9506    0.0128    0.9781    0.8302     1.0518     1.1559     0.9951

Element  El. mass% Ox mass% Norm El%  Norm ox%  At prop  c/k-std   k-value   k-(std) 
 Na       3.84      5.18      3.78      5.09     1.502   1.0134   0.03790   1.91208  
 S        0.0166    0.0415    0.0164    0.0409   0.0047  0.9891   0.000168  0.031243  
 Fe      11.96     15.38     11.77     15.14     1.925   0.9958   0.12012   1.15467  
 Si      21.52     46.05     21.19     45.32     6.890   1.0141   0.21246   0.88687  
 Cl       0.1619    0.1619    0.1594    0.1594   0.0411  0.9846   0.001644  0.113332  
 F        0.1813    0.1813    0.1785    0.1785   0.0858  0.9946   0.001823  0.382952  
 K        1.85      2.23      1.82      2.19     0.426   0.9961   0.01858   2.71608  
 Mn       0.2165    0.2796    0.2131    0.2752   0.0354  1.0374   0.002087  0.006197  
 Al       7.66     14.47      7.54     14.24     2.552   1.0137   0.07555   1.13594  
 P        0.3122    0.7155    0.3073    0.7043   0.0907  0.9903   0.003153  1.843776  
 Mg       2.51      4.16      2.47      4.10     0.929   1.0294   0.02440   0.79247  
 Ca       6.30      8.82      6.20      8.68     1.414   0.9983   0.06312   0.94331  
 Ti       2.36      3.93      2.32      3.87     0.443   0.9951   0.02370   0.96920  
 O       42.71       -       42.04       -      24.000      -         -        
 -----------------------------------------------------------------------------
Total:  101.59    101.59    100.00    100.00    16.337




Unknown Specimen No. 22 
 Group        : bas-Glas        Sample  : 201216_Fr      
 UNK No.      :   22            Comment : 1982-CS2-L5B_5                           
 Stage        :    X=   24.8295  Y=   92.1605  Z=   11.2615 
 Acc. Voltage :    15.0 (kV)    Probe Dia. : 5    Scan : Off 
 Dated on Dec 20 17:31 2016 
 WDS only       No. of accumulation : 1 

Curr.(A) : 1.005E-08 
Element Peak(mm) Net(cps)   Bg-   Bg+  S.D.(%)   D.L.(ppm)  
 1 Na   129.476    393.2    0.0   19.3    1.63      166 
 2 S    171.948      2.8    6.3    3.7   23.06      107 
 3 Fe   134.739    198.5    3.1    2.9    1.61      394 
 4 Si    77.822   3205.0   31.2   19.6    0.40      227 
 5 Cl   151.478     20.7   10.7    8.1    5.53       48 
 6 F    199.140      1.9    3.9    3.1   29.26      382 
 7 K    119.485    435.3   36.5   22.9    0.94       64 
 8 Mn   146.243      3.5    2.1    1.5   13.96      274 
 9 Al    90.995   1007.8   16.6   10.4    0.71      166 
10 P    197.118     26.4    3.5    2.7    4.83      154 
11 Mg   107.534    517.0   35.7    0.0    1.02      164 
12 Ca   107.121   2054.7   34.1   36.7    0.50       90 
13 Ti    88.305    646.5    0.0   43.4    0.91      123 


Element  f(chi)    If/Ip     abs-el    1/s-el      r-el      c/k-el    c/k-std
 Na      0.3952    0.0037    0.4716    0.9942     0.9868     2.1533     1.0061
 S       0.7685    0.0035    0.8205    0.9633     1.0236     1.2316     0.9889
 Fe      0.9813    0.0000    0.9973    0.8113     1.0555     1.1709     0.9970
 Si      0.7014    0.0013    0.7696    0.9885     1.0091     1.3009     1.0135
 Cl      0.8311    0.0066    0.8806    0.9141     1.0301     1.1980     0.9846
 F       0.1921    0.0015    0.2522    1.0198     0.9744     3.9848     1.0042
 K       0.9093    0.0163    0.9482    0.9050     1.0411     1.1014     0.9954
 Mn      0.9757    0.0000    0.9944    0.7996     1.0560     1.1910     1.0387
 Al      0.6426    0.0095    0.7207    0.9698     1.0015     1.4152     1.0113
 P       0.6855    0.0019    0.7428    0.9474     1.0165     1.3952     0.9898
 Mg      0.5282    0.0068    0.6054    1.0090     0.9940     1.6358     1.0212
 Ca      0.9290    0.0072    0.9623    0.9193     1.0455     1.0735     0.9986
 Ti      0.9499    0.0120    0.9773    0.8292     1.0521     1.1589     0.9977

Element  El. mass% Ox mass% Norm El%  Norm ox%  At prop  c/k-std   k-value   k-(std) 
 Na       3.53      4.76      3.50      4.72     1.384   1.0061   0.03512   1.77171  
 S        0.0211    0.0527    0.0209    0.0522   0.0059  0.9889   0.000213  0.039652  
 Fe      11.20     14.40     11.09     14.27     1.806   0.9970   0.11232   1.07966  
 Si      21.34     45.66     21.14     45.22     6.846   1.0135   0.21072   0.87962  
 Cl       0.1272    0.1272    0.1260    0.1260   0.0323  0.9846   0.001292  0.089032  
 F        0.1519    0.1519    0.1504    0.1504   0.0720  1.0042   0.001513  0.317763  
 K        1.61      1.94      1.60      1.93     0.372   0.9954   0.01621   2.37059  
 Mn       0.2212    0.2856    0.2191    0.2829   0.0363  1.0387   0.002130  0.006323  
 Al       7.70     14.55      7.63     14.41     2.572   1.0113   0.07617   1.14530  
 P        0.3236    0.7415    0.3204    0.7343   0.0941  0.9898   0.003269  1.911634  
 Mg       2.78      4.61      2.75      4.56     1.030   1.0212   0.02722   0.88395  
 Ca       7.04      9.86      6.98      9.76     1.583   0.9986   0.07054   1.05424  
 Ti       2.29      3.83      2.27      3.79     0.432   0.9977   0.02300   0.94062  
 O       42.62       -       42.21       -      24.000      -         -        
 -----------------------------------------------------------------------------
Total:  100.97    100.97    100.00    100.00    16.266




Unknown Specimen No. 23 
 Group        : bas-Glas        Sample  : 201216_Fr      
 UNK No.      :   23            Comment : 1982-CS2-L5B_6                           
 Stage        :    X=   23.7880  Y=   92.1365  Z=   11.2770 
 Acc. Voltage :    15.0 (kV)    Probe Dia. : 5    Scan : Off 
 Dated on Dec 20 17:34 2016 
 WDS only       No. of accumulation : 1 

Curr.(A) : 1.004E-08 
Element Peak(mm) Net(cps)   Bg-   Bg+  S.D.(%)   D.L.(ppm)  
 1 Na   129.476    424.8    0.0   21.2    1.57      174 
 2 S    171.948      1.6    5.7    5.0   39.32 ?    113 
 3 Fe   134.739    186.3    2.2    4.0    1.67      423 
 4 Si    77.822   3281.7   36.6   16.0    0.39      234 
 5 Cl   151.478     22.2    7.9    8.2    5.09       45 
 6 F    199.140      2.5    3.9    2.9   23.25      380 
 7 K    119.485    461.5   37.4   22.3    0.91       64 
 8 Mn   146.243      2.8    2.4    1.7   16.73      288 
 9 Al    90.995   1069.3   17.6    8.6    0.69      165 
10 P    197.118     26.1    2.7    2.9    4.84      150 
11 Mg   107.534    471.9   39.3    0.0    1.07      172 
12 Ca   107.121   1948.4   33.5   35.7    0.52       89 
13 Ti    88.305    630.0    0.0   47.6    0.92      129 


Element  f(chi)    If/Ip     abs-el    1/s-el      r-el      c/k-el    c/k-std
 Na      0.4004    0.0038    0.4779    0.9922     0.9876     2.1273     0.9939
 S       0.7678    0.0034    0.8197    0.9615     1.0245     1.2342     0.9910
 Fe      0.9814    0.0000    0.9974    0.8099     1.0560     1.1723     0.9982
 Si      0.7026    0.0012    0.7710    0.9866     1.0100     1.3000     1.0128
 Cl      0.8306    0.0064    0.8801    0.9124     1.0310     1.2003     0.9865
 F       0.1921    0.0015    0.2522    1.0178     0.9752     3.9889     1.0052
 K       0.9090    0.0154    0.9479    0.9033     1.0419     1.1040     0.9978
 Mn      0.9759    0.0000    0.9946    0.7982     1.0565     1.1923     1.0399
 Al      0.6473    0.0097    0.7260    0.9679     1.0024     1.4061     1.0048
 P       0.6846    0.0019    0.7418    0.9455     1.0174     1.3988     0.9923
 Mg      0.5317    0.0070    0.6095    1.0070     0.9949     1.6261     1.0152
 Ca      0.9286    0.0068    0.9618    0.9176     1.0463     1.0756     1.0007
 Ti      0.9502    0.0113    0.9777    0.8277     1.0527     1.1607     0.9992

Element  El. mass% Ox mass% Norm El%  Norm ox%  At prop  c/k-std   k-value   k-(std) 
 Na       3.77      5.09      3.72      5.01     1.461   0.9939   0.03798   1.91615  
 S        0.0125    0.0311    0.0123    0.0307   0.0035  0.9910   0.000126  0.023392  
 Fe      10.53     13.55     10.38     13.36     1.679   0.9982   0.10554   1.01456  
 Si      21.85     46.75     21.54     46.08     6.927   1.0128   0.21598   0.90158  
 Cl       0.1367    0.1367    0.1347    0.1347   0.0343  0.9865   0.001385  0.095475  
 F        0.1962    0.1962    0.1934    0.1934   0.0920  1.0052   0.001952  0.410100  
 K        1.72      2.07      1.69      2.04     0.391   0.9978   0.01721   2.51555  
 Mn       0.1817    0.2347    0.1791    0.2313   0.0295  1.0399   0.001748  0.005189  
 Al       8.13     15.36      8.01     15.14     2.682   1.0048   0.08091   1.21644  
 P        0.3213    0.7363    0.3167    0.7258   0.0924  0.9923   0.003238  1.893606  
 Mg       2.52      4.19      2.49      4.13     0.925   1.0152   0.02487   0.80764  
 Ca       6.70      9.37      6.60      9.24     1.488   1.0007   0.06696   1.00070  
 Ti       2.24      3.74      2.21      3.69     0.417   0.9992   0.02243   0.91750  
 O       43.13       -       42.51       -      24.000      -         -        
 -----------------------------------------------------------------------------
Total:  101.44    101.44    100.00    100.00    16.222




Unknown Specimen No. 24 
 Group        : bas-Glas        Sample  : 201216_Fr      
 UNK No.      :   24            Comment : 1982-CS2-L5B_7                           
 Stage        :    X=   25.5760  Y=   91.7775  Z=   11.2515 
 Acc. Voltage :    15.0 (kV)    Probe Dia. : 5    Scan : Off 
 Dated on Dec 20 17:37 2016 
 WDS only       No. of accumulation : 1 

Curr.(A) : 1.005E-08 
Element Peak(mm) Net(cps)   Bg-   Bg+  S.D.(%)   D.L.(ppm)  
 1 Na   129.476    426.8    0.0   21.2    1.57      174 
 2 S    171.948      1.3    6.3    4.9   48.32 ?    114 
 3 Fe   134.739    169.6    2.3    3.9    1.75      421 
 4 Si    77.822   3234.7   32.4   21.5    0.40      233 
 5 Cl   151.478     18.6    8.8    6.3    5.67       43 
 6 F    199.140      2.3    3.6    2.7   24.00      366 
 7 K    119.485    461.5   35.5   23.1    0.90       63 
 8 Mn   146.243      2.6    2.0    1.5   17.02      267 
 9 Al    90.995   1043.1   15.5    9.2    0.70      159 
10 P    197.118     26.1    2.7    2.9    4.85      150 
11 Mg   107.534    515.6   34.4    0.0    1.02      161 
12 Ca   107.121   2149.4   34.2   36.0    0.49       90 
13 Ti    88.305    651.6    0.0   45.0    0.91      125 


Element  f(chi)    If/Ip     abs-el    1/s-el      r-el      c/k-el    c/k-std
 Na      0.4042    0.0038    0.4824    0.9912     0.9879     2.1086     0.9852
 S       0.7692    0.0036    0.8212    0.9606     1.0248     1.2325     0.9897
 Fe      0.9810    0.0000    0.9970    0.8091     1.0562     1.1737     0.9994
 Si      0.7043    0.0013    0.7729    0.9856     1.0103     1.2976     1.0109
 Cl      0.8317    0.0068    0.8812    0.9115     1.0313     1.1990     0.9855
 F       0.1902    0.0014    0.2497    1.0167     0.9755     4.0325     1.0162
 K       0.9097    0.0166    0.9486    0.9024     1.0422     1.1026     0.9965
 Mn      0.9754    0.0000    0.9941    0.7974     1.0566     1.1939     1.0412
 Al      0.6486    0.0097    0.7274    0.9670     1.0027     1.4042     1.0035
 P       0.6863    0.0020    0.7436    0.9446     1.0177     1.3960     0.9904
 Mg      0.5351    0.0070    0.6134    1.0061     0.9952     1.6170     1.0095
 Ca      0.9291    0.0066    0.9623    0.9167     1.0465     1.0761     1.0011
 Ti      0.9493    0.0102    0.9767    0.8269     1.0530     1.1640     1.0020

Element  El. mass% Ox mass% Norm El%  Norm ox%  At prop  c/k-std   k-value   k-(std) 
 Na       3.76      5.06      3.74      5.04     1.469   0.9852   0.03812   1.92326  
 S        0.0101    0.0252    0.0101    0.0251   0.0028  0.9897   0.000102  0.018958 ?
 Fe       9.59     12.34      9.55     12.29     1.544   0.9994   0.09598   0.92259  
 Si      21.49     45.98     21.40     45.79     6.880   1.0109   0.21267   0.88776  
 Cl       0.1146    0.1146    0.1141    0.1141   0.0291  0.9855   0.001163  0.080140  
 F        0.1854    0.1854    0.1846    0.1846   0.0877  1.0162   0.001824  0.383246  
 K        1.71      2.06      1.71      2.05     0.394   0.9965   0.01719   2.51279  
 Mn       0.1682    0.2172    0.1675    0.2163   0.0275  1.0412   0.001615  0.004796  
 Al       7.91     14.95      7.88     14.89     2.636   1.0035   0.07884   1.18545  
 P        0.3198    0.7327    0.3184    0.7297   0.0928  0.9904   0.003229  1.888102  
 Mg       2.74      4.54      2.73      4.52     1.013   1.0095   0.02714   0.88155  
 Ca       7.39     10.34      7.36     10.29     1.657   1.0011   0.07379   1.10284  
 Ti       2.32      3.87      2.31      3.86     0.436   1.0020   0.02318   0.94813  
 O       42.71       -       42.53       -      24.000      -         -        
 -----------------------------------------------------------------------------
Total:  100.42    100.42    100.00    100.00    16.269




Unknown Specimen No. 25 
 Group        : bas-Glas        Sample  : 201216_Fr      
 UNK No.      :   25            Comment : 1982-CS2-L5B_8                           
 Stage        :    X=   25.8550  Y=   91.5430  Z=   11.2460 
 Acc. Voltage :    15.0 (kV)    Probe Dia. : 5    Scan : Off 
 Dated on Dec 20 17:41 2016 
 WDS only       No. of accumulation : 1 

Curr.(A) : 1.005E-08 
Element Peak(mm) Net(cps)   Bg-   Bg+  S.D.(%)   D.L.(ppm)  
 1 Na   129.476    372.6    0.0   20.2    1.68      170 
 2 S    171.948      1.7    5.2    4.9   37.28 ?    110 
 3 Fe   134.739    190.5    3.0    2.8    1.65      387 
 4 Si    77.822   3219.7   34.6   18.7    0.40      234 
 5 Cl   151.478     19.8    8.9    8.1    5.60       46 
 6 F    199.140      2.0    3.5    3.4   28.28      378 
 7 K    119.485    446.0   31.5   21.3    0.92       60 
 8 Mn   146.243      3.8    2.1    1.5   13.12      274 
 9 Al    90.995   1049.1   14.1    8.4    0.70      152 
10 P    197.118     27.3    3.5    3.1    4.78      161 
11 Mg   107.534    520.1   33.8    0.0    1.01      160 
12 Ca   107.121   2093.1   31.1   38.7    0.50       90 
13 Ti    88.305    631.5    0.0   50.4    0.92      132 


Element  f(chi)    If/Ip     abs-el    1/s-el      r-el      c/k-el    c/k-std
 Na      0.3975    0.0038    0.4744    0.9933     0.9871     2.1417     1.0007
 S       0.7685    0.0036    0.8205    0.9625     1.0239     1.2322     0.9895
 Fe      0.9812    0.0000    0.9972    0.8106     1.0557     1.1718     0.9977
 Si      0.7019    0.0013    0.7702    0.9876     1.0095     1.3006     1.0133
 Cl      0.8312    0.0066    0.8807    0.9133     1.0304     1.1986     0.9851
 F       0.1913    0.0014    0.2511    1.0189     0.9747     4.0040     1.0090
 K       0.9094    0.0163    0.9482    0.9042     1.0414     1.1019     0.9959
 Mn      0.9756    0.0000    0.9943    0.7990     1.0562     1.1919     1.0395
 Al      0.6455    0.0095    0.7239    0.9689     1.0018     1.4096     1.0073
 P       0.6856    0.0019    0.7428    0.9465     1.0169     1.3959     0.9903
 Mg      0.5316    0.0069    0.6094    1.0081     0.9943     1.6260     1.0151
 Ca      0.9290    0.0069    0.9622    0.9185     1.0458     1.0744     0.9995
 Ti      0.9496    0.0115    0.9771    0.8285     1.0523     1.1605     0.9990

Element  El. mass% Ox mass% Norm El%  Norm ox%  At prop  c/k-std   k-value   k-(std) 
 Na       3.33      4.49      3.29      4.44     1.299   1.0007   0.03327   1.67881  
 S        0.0129    0.0322    0.0128    0.0319   0.0036  0.9895   0.000130  0.024215  
 Fe      10.75     13.83     10.64     13.69     1.727   0.9977   0.10779   1.03612  
 Si      21.44     45.86     21.21     45.38     6.844   1.0133   0.21169   0.88366  
 Cl       0.1214    0.1214    0.1201    0.1201   0.0307  0.9851   0.001232  0.084939  
 F        0.1563    0.1563    0.1547    0.1547   0.0738  1.0090   0.001549  0.325421  
 K        1.65      1.99      1.64      1.97     0.379   0.9959   0.01661   2.42836  
 Mn       0.2405    0.3105    0.2380    0.3073   0.0393  1.0395   0.002313  0.006869  
 Al       7.99     15.09      7.90     14.93     2.655   1.0073   0.07930   1.19225  
 P        0.3341    0.7657    0.3307    0.7578   0.0968  0.9903   0.003374  1.973181  
 Mg       2.78      4.61      2.75      4.56     1.025   1.0151   0.02738   0.88933  
 Ca       7.18     10.05      7.11      9.95     1.607   0.9995   0.07186   1.07393  
 Ti       2.24      3.74      2.22      3.70     0.420   0.9990   0.02247   0.91885  
 O       42.82       -       42.37       -      24.000      -         -        
 -----------------------------------------------------------------------------
Total:  101.05    101.05    100.00    100.00    16.200




Unknown Specimen No. 26 
 Group        : bas-Glas        Sample  : 201216_Fr      
 UNK No.      :   26            Comment : 1982-CS2-L5B_9                           
 Stage        :    X=   26.2575  Y=   91.8190  Z=   11.2425 
 Acc. Voltage :    15.0 (kV)    Probe Dia. : 5    Scan : Off 
 Dated on Dec 20 17:44 2016 
 WDS only       No. of accumulation : 1 

Curr.(A) : 1.005E-08 
Element Peak(mm) Net(cps)   Bg-   Bg+  S.D.(%)   D.L.(ppm)  
 1 Na   129.476    389.9    0.0   19.0    1.64      165 
 2 S    171.948      2.0    5.8    4.1   30.78      107 
 3 Fe   134.739    193.5    2.9    3.2    1.63      403 
 4 Si    77.822   3188.6   29.1   21.5    0.40      225 
 5 Cl   151.478     19.5    9.5    8.1    5.70       47 
 6 F    199.140      3.2    4.1    3.1   18.71      391 
 7 K    119.485    439.1   35.4   22.0    0.93       63 
 8 Mn   146.243      2.8    2.2    1.7   16.74      282 
 9 Al    90.995   1003.5   17.9    8.9    0.72      167 
10 P    197.118     26.0    3.1    3.3    4.91      160 
11 Mg   107.534    521.7   34.3    0.0    1.01      161 
12 Ca   107.121   2023.3   30.8   36.7    0.51       88 
13 Ti    88.305    643.7    0.0   46.3    0.91      127 


Element  f(chi)    If/Ip     abs-el    1/s-el      r-el      c/k-el    c/k-std
 Na      0.3963    0.0037    0.4730    0.9936     0.9870     2.1476     1.0034
 S       0.7685    0.0035    0.8205    0.9629     1.0238     1.2319     0.9892
 Fe      0.9813    0.0000    0.9973    0.8109     1.0557     1.1713     0.9974
 Si      0.7017    0.0012    0.7701    0.9880     1.0094     1.3005     1.0132
 Cl      0.8312    0.0066    0.8807    0.9137     1.0303     1.1983     0.9849
 F       0.1922    0.0015    0.2523    1.0193     0.9746     3.9837     1.0039
 K       0.9094    0.0161    0.9482    0.9045     1.0413     1.1018     0.9958
 Mn      0.9757    0.0000    0.9944    0.7992     1.0561     1.1914     1.0391
 Al      0.6433    0.0095    0.7215    0.9693     1.0017     1.4140     1.0105
 P       0.6855    0.0019    0.7428    0.9469     1.0168     1.3957     0.9901
 Mg      0.5293    0.0068    0.6068    1.0085     0.9942     1.6326     1.0192
 Ca      0.9290    0.0071    0.9623    0.9189     1.0457     1.0739     0.9991
 Ti      0.9499    0.0117    0.9774    0.8288     1.0523     1.1595     0.9982

Element  El. mass% Ox mass% Norm El%  Norm ox%  At prop  c/k-std   k-value   k-(std) 
 Na       3.49      4.71      3.49      4.70     1.379   1.0034   0.03482   1.75682  
 S        0.0154    0.0384    0.0154    0.0384   0.0044  0.9892   0.000156  0.028927  
 Fe      10.92     14.05     10.90     14.03     1.775   0.9974   0.10952   1.05279  
 Si      21.24     45.43     21.20     45.35     6.861   1.0132   0.20964   0.87511  
 Cl       0.1196    0.1196    0.1194    0.1194   0.0306  0.9849   0.001215  0.083713  
 F        0.2583    0.2583    0.2578    0.2578   0.1234  1.0039   0.002573  0.540531  
 K        1.63      1.96      1.63      1.96     0.378   0.9958   0.01636   2.39122  
 Mn       0.1785    0.2305    0.1782    0.2300   0.0295  1.0391   0.001718  0.005100  
 Al       7.66     14.48      7.65     14.46     2.578   1.0105   0.07585   1.14045  
 P        0.3191    0.7312    0.3185    0.7298   0.0935  0.9901   0.003222  1.884481  
 Mg       2.80      4.64      2.79      4.63     1.045   1.0192   0.02746   0.89199  
 Ca       6.94      9.71      6.93      9.69     1.571   0.9991   0.06946   1.03812  
 Ti       2.29      3.81      2.28      3.81     0.433   0.9982   0.02290   0.93654  
 O       42.32       -       42.24       -      24.000      -         -        
 -----------------------------------------------------------------------------
Total:  100.18    100.18    100.00    100.00    16.301




Unknown Specimen No. 27 
 Group        : bas-Glas        Sample  : 201216_Fr      
 UNK No.      :   27            Comment : UnknA-C21_1                              
 Stage        :    X=    9.4430  Y=   65.5020  Z=   11.5040 
 Acc. Voltage :    15.0 (kV)    Probe Dia. : 5    Scan : Off 
 Dated on Dec 20 17:48 2016 
 WDS only       No. of accumulation : 1 

Curr.(A) : 1.005E-08 
Element Peak(mm) Net(cps)   Bg-   Bg+  S.D.(%)   D.L.(ppm)  
 1 Na   129.476    401.5    0.0   24.9    1.63      189 
 2 S    171.948      4.3    6.1    4.3   16.09      110 
 3 Fe   134.739    186.1    2.7    2.6    1.66      371 
 4 Si    77.822   3151.7   33.8   20.1    0.40      234 
 5 Cl   151.478     11.1    8.2    6.6    8.38       43 
 6 F    199.140      1.0    3.3    2.8   48.32 ?    358 
 7 K    119.485    476.5   39.9   20.5    0.89       65 
 8 Mn   146.243      2.9    2.3    1.2   15.57      266 
 9 Al    90.995   1077.0   16.1    9.3    0.69      162 
10 P    197.118     37.9    2.8    3.0    3.91      153 
11 Mg   107.534    512.5   35.5    0.0    1.02      163 
12 Ca   107.121   2199.5   32.2   37.8    0.48       90 
13 Ti    88.305    639.6    0.0   46.2    0.92      127 


Element  f(chi)    If/Ip     abs-el    1/s-el      r-el      c/k-el    c/k-std
 Na      0.3991    0.0038    0.4763    0.9932     0.9871     2.1334     0.9968
 S       0.7693    0.0037    0.8213    0.9624     1.0240     1.2310     0.9884
 Fe      0.9810    0.0000    0.9970    0.8106     1.0557     1.1721     0.9980
 Si      0.7011    0.0014    0.7694    0.9875     1.0095     1.3020     1.0144
 Cl      0.8317    0.0069    0.8812    0.9132     1.0305     1.1976     0.9842
 F       0.1907    0.0014    0.2503    1.0188     0.9747     4.0169     1.0123
 K       0.9098    0.0169    0.9487    0.9041     1.0415     1.1009     0.9950
 Mn      0.9754    0.0000    0.9940    0.7989     1.0562     1.1923     1.0398
 Al      0.6458    0.0094    0.7243    0.9688     1.0019     1.4091     1.0070
 P       0.6872    0.0020    0.7446    0.9464     1.0169     1.3927     0.9880
 Mg      0.5316    0.0069    0.6094    1.0080     0.9943     1.6259     1.0150
 Ca      0.9290    0.0068    0.9623    0.9184     1.0459     1.0746     0.9997
 Ti      0.9491    0.0110    0.9765    0.8285     1.0524     1.1617     1.0001

Element  El. mass% Ox mass% Norm El%  Norm ox%  At prop  c/k-std   k-value   k-(std) 
 Na       3.57      4.82      3.53      4.75     1.392   0.9968   0.03586   1.80916  
 S        0.0327    0.0817    0.0323    0.0806   0.0091  0.9884   0.000331  0.061487  
 Fe      10.51     13.52     10.37     13.34     1.685   0.9980   0.10529   1.01208  
 Si      21.00     44.93     20.73     44.35     6.698   1.0144   0.20722   0.86499  
 Cl       0.0678    0.0678    0.0670    0.0670   0.0171  0.9842   0.000689  0.047496  
 F        0.0834    0.0834    0.0823    0.0823   0.0393  1.0123   0.000824  0.173006  
 K        1.77      2.13      1.74      2.10     0.405   0.9950   0.01775   2.59472  
 Mn       0.1874    0.2420    0.1850    0.2389   0.0306  1.0398   0.001803  0.005352  
 Al       8.19     15.48      8.09     15.28     2.721   1.0070   0.08140   1.22393  
 P        0.4633    1.0618    0.4574    1.0481   0.1340  0.9880   0.004690  2.742584  
 Mg       2.74      4.54      2.70      4.48     1.009   1.0150   0.02698   0.87633  
 Ca       7.55     10.56      7.45     10.42     1.687   0.9997   0.07551   1.12851  
 Ti       2.28      3.80      2.25      3.75     0.426   1.0001   0.02275   0.93064  
 O       42.87       -       42.32       -      24.000      -         -        
 -----------------------------------------------------------------------------
Total:  101.31    101.31    100.00    100.00    16.252




Unknown Specimen No. 28 
 Group        : bas-Glas        Sample  : 201216_Fr      
 UNK No.      :   28            Comment : UnknA-C21_2                              
 Stage        :    X=    9.2735  Y=   65.0675  Z=   11.5040 
 Acc. Voltage :    15.0 (kV)    Probe Dia. : 5    Scan : Off 
 Dated on Dec 20 17:51 2016 
 WDS only       No. of accumulation : 1 

Curr.(A) : 1.005E-08 
Element Peak(mm) Net(cps)   Bg-   Bg+  S.D.(%)   D.L.(ppm)  
 1 Na   129.476    404.4    0.0   20.5    1.61      171 
 2 S    171.948      7.0    5.5    5.1   10.97      112 
 3 Fe   134.739    173.6    2.3    2.6    1.72      362 
 4 Si    77.822   3127.3   28.7   20.3    0.40      222 
 5 Cl   151.478     22.1    7.7    8.6    5.13       45 
 6 F    199.140      2.0    3.7    3.3   27.95      381 
 7 K    119.485    491.7   33.9   24.1    0.87       63 
 8 Mn   146.243      2.8    2.4    1.7   16.85      291 
 9 Al    90.995   1070.8   14.2    9.4    0.69      155 
10 P    197.118     35.8    3.2    2.9    4.04      155 
11 Mg   107.534    499.8   35.2    0.0    1.03      163 
12 Ca   107.121   2188.9   32.4   31.7    0.48       85 
13 Ti    88.305    639.3    0.0   46.5    0.92      127 


Element  f(chi)    If/Ip     abs-el    1/s-el      r-el      c/k-el    c/k-std
 Na      0.4020    0.0038    0.4798    0.9923     0.9875     2.1188     0.9900
 S       0.7697    0.0038    0.8218    0.9615     1.0244     1.2308     0.9883
 Fe      0.9809    0.0000    0.9969    0.8099     1.0559     1.1730     0.9988
 Si      0.7025    0.0014    0.7709    0.9866     1.0099     1.3000     1.0128
 Cl      0.8320    0.0070    0.8815    0.9124     1.0309     1.1977     0.9844
 F       0.1900    0.0014    0.2494    1.0178     0.9751     4.0338     1.0165
 K       0.9098    0.0169    0.9487    0.9033     1.0418     1.1015     0.9955
 Mn      0.9752    0.0000    0.9939    0.7982     1.0564     1.1932     1.0406
 Al      0.6481    0.0095    0.7269    0.9680     1.0023     1.4047     1.0038
 P       0.6876    0.0021    0.7451    0.9456     1.0173     1.3923     0.9878
 Mg      0.5341    0.0070    0.6122    1.0071     0.9947     1.6192     1.0109
 Ca      0.9288    0.0066    0.9621    0.9176     1.0462     1.0756     1.0007
 Ti      0.9489    0.0104    0.9763    0.8277     1.0527     1.1635     1.0016

Element  El. mass% Ox mass% Norm El%  Norm ox%  At prop  c/k-std   k-value   k-(std) 
 Na       3.58      4.82      3.58      4.82     1.410   0.9900   0.03612   1.82222  
 S        0.0533    0.1331    0.0533    0.1332   0.0151  0.9883   0.000539  0.100247  
 Fe       9.81     12.62      9.82     12.63     1.593   0.9988   0.09823   0.94422  
 Si      20.83     44.55     20.84     44.58     6.722   1.0128   0.20562   0.85830  
 Cl       0.1357    0.1357    0.1358    0.1358   0.0347  0.9844   0.001379  0.095025  
 F        0.1609    0.1609    0.1610    0.1610   0.0768  1.0165   0.001583  0.332523  
 K        1.82      2.20      1.82      2.20     0.423   0.9955   0.01831   2.67744  
 Mn       0.1814    0.2343    0.1816    0.2344   0.0299  1.0406   0.001744  0.005177  
 Al       8.12     15.35      8.13     15.36     2.730   1.0038   0.08094   1.21690  
 P        0.4383    1.0045    0.4386    1.0051   0.1283  0.9878   0.004438  2.595054  
 Mg       2.66      4.41      2.66      4.41     0.992   1.0109   0.02631   0.85459  
 Ca       7.52     10.52      7.52     10.53     1.701   1.0007   0.07515   1.12309  
 Ti       2.28      3.80      2.28      3.80     0.431   1.0016   0.02274   0.93013  
 O       42.35       -       42.38       -      24.000      -         -        
 -----------------------------------------------------------------------------
Total:   99.94     99.94    100.00    100.00    16.287




Unknown Specimen No. 29 
 Group        : bas-Glas        Sample  : 201216_Fr      
 UNK No.      :   29            Comment : UnknA-C21_3                              
 Stage        :    X=   10.2170  Y=   64.6170  Z=   11.5010 
 Acc. Voltage :    15.0 (kV)    Probe Dia. : 5    Scan : Off 
 Dated on Dec 20 17:55 2016 
 WDS only       No. of accumulation : 1 

Curr.(A) : 1.005E-08 
Element Peak(mm) Net(cps)   Bg-   Bg+  S.D.(%)   D.L.(ppm)  
 1 Na   129.476    408.5    0.0   20.2    1.60      170 
 2 S    171.948      5.8    6.4    4.7   12.84      114 
 3 Fe   134.739    168.1    3.6    2.2    1.75      373 
 4 Si    77.822   3156.5   31.0   20.4    0.40      228 
 5 Cl   151.478     19.7    7.7    8.3    5.55       45 
 6 F    199.140      1.4    3.9    3.1   39.00 ?    384 
 7 K    119.485    485.4   37.8   20.0    0.88       63 
 8 Mn   146.243      2.7    2.0    1.4   16.72      264 
 9 Al    90.995   1074.3   14.2    9.2    0.69      155 
10 P    197.118     34.7    2.7    2.8    4.09      148 
11 Mg   107.534    474.8   38.7    0.0    1.07      171 
12 Ca   107.121   2178.5   32.7   39.5    0.49       91 
13 Ti    88.305    622.7    0.0   46.1    0.93      127 


Element  f(chi)    If/Ip     abs-el    1/s-el      r-el      c/k-el    c/k-std
 Na      0.4039    0.0038    0.4820    0.9915     0.9878     2.1101     0.9859
 S       0.7694    0.0037    0.8215    0.9609     1.0246     1.2319     0.9892
 Fe      0.9809    0.0000    0.9969    0.8093     1.0561     1.1736     0.9993
 Si      0.7037    0.0014    0.7723    0.9859     1.0102     1.2984     1.0115
 Cl      0.8318    0.0069    0.8813    0.9118     1.0311     1.1986     0.9851
 F       0.1897    0.0014    0.2490    1.0171     0.9753     4.0423     1.0187
 K       0.9097    0.0168    0.9486    0.9027     1.0420     1.1022     0.9962
 Mn      0.9753    0.0000    0.9939    0.7977     1.0566     1.1938     1.0412
 Al      0.6502    0.0096    0.7292    0.9672     1.0026     1.4007     1.0010
 P       0.6872    0.0021    0.7446    0.9449     1.0176     1.3939     0.9889
 Mg      0.5355    0.0071    0.6139    1.0063     0.9950     1.6153     1.0085
 Ca      0.9288    0.0064    0.9621    0.9170     1.0464     1.0764     1.0013
 Ti      0.9489    0.0101    0.9763    0.8272     1.0529     1.1644     1.0024

Element  El. mass% Ox mass% Norm El%  Norm ox%  At prop  c/k-std   k-value   k-(std) 
 Na       3.60      4.85      3.62      4.88     1.421   0.9859   0.03648   1.84072  
 S        0.0441    0.1102    0.0444    0.1108   0.0125  0.9892   0.000446  0.082902  
 Fe       9.51     12.23      9.56     12.30     1.545   0.9993   0.09511   0.91427  
 Si      21.00     44.92     21.12     45.18     6.787   1.0115   0.20753   0.86632  
 Cl       0.1207    0.1207    0.1214    0.1214   0.0309  0.9851   0.001226  0.084468  
 F        0.1130    0.1130    0.1136    0.1136   0.0540  1.0187   0.001109  0.233040  
 K        1.80      2.17      1.81      2.18     0.418   0.9962   0.01808   2.64344  
 Mn       0.1706    0.2203    0.1716    0.2215   0.0282  1.0412   0.001639  0.004865  
 Al       8.13     15.36      8.18     15.45     2.736   1.0010   0.08120   1.22093  
 P        0.4254    0.9747    0.4278    0.9803   0.1247  0.9889   0.004301  2.515405  
 Mg       2.52      4.18      2.54      4.20     0.942   1.0085   0.02500   0.81188  
 Ca       7.49     10.48      7.53     10.54     1.696   1.0013   0.07479   1.11774  
 Ti       2.22      3.70      2.23      3.73     0.421   1.0024   0.02215   0.90602  
 O       42.30       -       42.54       -      24.000      -         -        
 -----------------------------------------------------------------------------
Total:   99.43     99.43    100.00    100.00    16.216




Unknown Specimen No. 30 
 Group        : bas-Glas        Sample  : 201216_Fr      
 UNK No.      :   30            Comment : UnknA-C21_4                              
 Stage        :    X=   11.4790  Y=   64.6410  Z=   11.4965 
 Acc. Voltage :    15.0 (kV)    Probe Dia. : 5    Scan : Off 
 Dated on Dec 20 17:58 2016 
 WDS only       No. of accumulation : 1 

Curr.(A) : 1.006E-08 
Element Peak(mm) Net(cps)   Bg-   Bg+  S.D.(%)   D.L.(ppm)  
 1 Na   129.476    411.2    0.0   19.0    1.60      165 
 2 S    171.948      5.3    5.5    5.7   14.10      116 
 3 Fe   134.739    173.2    3.2    2.5    1.73      378 
 4 Si    77.822   3152.4   30.2   21.6    0.40      228 
 5 Cl   151.478     22.6    8.6    9.5    5.16       48 
 6 F    199.140      2.4    3.5    3.3   23.69      376 
 7 K    119.485    501.0   38.1   21.5    0.87       64 
 8 Mn   146.243      3.0    2.7    1.7   16.42      299 
 9 Al    90.995   1017.0   13.7    8.4    0.71      150 
10 P    197.118     34.8    3.1    2.9    4.11      154 
11 Mg   107.534    511.7   33.0    0.0    1.02      157 
12 Ca   107.121   2190.2   33.6   36.9    0.49       90 
13 Ti    88.305    638.8    0.0   47.4    0.92      128 


Element  f(chi)    If/Ip     abs-el    1/s-el      r-el      c/k-el    c/k-std
 Na      0.4018    0.0038    0.4796    0.9923     0.9875     2.1200     0.9905
 S       0.7698    0.0038    0.8219    0.9616     1.0243     1.2305     0.9881
 Fe      0.9809    0.0000    0.9969    0.8099     1.0559     1.1730     0.9988
 Si      0.7039    0.0014    0.7725    0.9867     1.0098     1.2974     1.0108
 Cl      0.8321    0.0070    0.8817    0.9125     1.0308     1.1975     0.9841
 F       0.1900    0.0014    0.2494    1.0179     0.9750     4.0340     1.0166
 K       0.9099    0.0169    0.9488    0.9034     1.0418     1.1014     0.9954
 Mn      0.9752    0.0000    0.9939    0.7982     1.0564     1.1932     1.0407
 Al      0.6471    0.0096    0.7258    0.9680     1.0022     1.4067     1.0053
 P       0.6877    0.0021    0.7452    0.9456     1.0173     1.3922     0.9876
 Mg      0.5334    0.0069    0.6115    1.0071     0.9947     1.6212     1.0121
 Ca      0.9288    0.0066    0.9620    0.9177     1.0461     1.0757     1.0007
 Ti      0.9488    0.0104    0.9762    0.8278     1.0526     1.1635     1.0016

Element  El. mass% Ox mass% Norm El%  Norm ox%  At prop  c/k-std   k-value   k-(std) 
 Na       3.63      4.90      3.65      4.92     1.441   0.9905   0.03669   1.85105  
 S        0.0402    0.1004    0.0404    0.1008   0.0114  0.9881   0.000407  0.075614  
 Fe       9.78     12.58      9.82     12.64     1.596   0.9988   0.09792   0.94124  
 Si      20.93     44.78     21.03     44.98     6.791   1.0108   0.20706   0.86434  
 Cl       0.1388    0.1388    0.1394    0.1394   0.0357  0.9841   0.001411  0.097210  
 F        0.1916    0.1916    0.1925    0.1925   0.0919  1.0166   0.001885  0.396016  
 K        1.86      2.24      1.86      2.25     0.433   0.9954   0.01864   2.72565  
 Mn       0.1908    0.2464    0.1916    0.2474   0.0316  1.0407   0.001834  0.005444  
 Al       7.72     14.59      7.75     14.65     2.608   1.0053   0.07679   1.15461  
 P        0.4249    0.9736    0.4267    0.9778   0.1250  0.9876   0.004302  2.515617  
 Mg       2.72      4.52      2.74      4.54     1.021   1.0121   0.02691   0.87408  
 Ca       7.52     10.52      7.55     10.56     1.709   1.0007   0.07511   1.12261  
 Ti       2.27      3.79      2.28      3.81     0.433   1.0016   0.02270   0.92848  
 O       42.14       -       42.32       -      24.000      -         -        
 -----------------------------------------------------------------------------
Total:   99.57     99.57    100.00    100.00    16.326




Unknown Specimen No. 31 
 Group        : bas-Glas        Sample  : 201216_Fr      
 UNK No.      :   31            Comment : UnknA-C21_5                              
 Stage        :    X=   11.5960  Y=   65.4790  Z=   11.4965 
 Acc. Voltage :    15.0 (kV)    Probe Dia. : 5    Scan : Off 
 Dated on Dec 20 18:02 2016 
 WDS only       No. of accumulation : 1 

Curr.(A) : 1.006E-08 
Element Peak(mm) Net(cps)   Bg-   Bg+  S.D.(%)   D.L.(ppm)  
 1 Na   129.476    399.7    0.0   20.5    1.62      171 
 2 S    171.948      5.3    5.7    5.0   13.86      113 
 3 Fe   134.739    168.1    2.0    2.8    1.75      364 
 4 Si    77.822   3157.5   33.3   19.0    0.40      231 
 5 Cl   151.478     23.0    9.9    7.0    5.00       46 
 6 F    199.140      1.7    4.1    3.0   33.62 ?    389 
 7 K    119.485    478.7   37.2   21.8    0.89       64 
 8 Mn   146.243      2.9    2.1    1.4   15.72      266 
 9 Al    90.995   1032.3   14.4    8.9    0.70      154 
10 P    197.118     37.2    3.0    2.8    3.95      151 
11 Mg   107.534    498.6   39.9    0.0    1.04      173 
12 Ca   107.121   2175.1   33.6   36.7    0.49       90 
13 Ti    88.305    639.6    0.0   49.8    0.92      131 


Element  f(chi)    If/Ip     abs-el    1/s-el      r-el      c/k-el    c/k-std
 Na      0.4032    0.0038    0.4813    0.9917     0.9877     2.1132     0.9874
 S       0.7695    0.0037    0.8216    0.9610     1.0245     1.2316     0.9889
 Fe      0.9809    0.0000    0.9969    0.8095     1.0560     1.1735     0.9992
 Si      0.7046    0.0014    0.7732    0.9861     1.0101     1.2967     1.0102
 Cl      0.8319    0.0070    0.8814    0.9119     1.0310     1.1984     0.9849
 F       0.1895    0.0014    0.2488    1.0172     0.9752     4.0458     1.0196
 K       0.9097    0.0169    0.9486    0.9028     1.0420     1.1020     0.9960
 Mn      0.9752    0.0000    0.9939    0.7978     1.0565     1.1938     1.0411
 Al      0.6491    0.0097    0.7280    0.9674     1.0025     1.4028     1.0025
 P       0.6875    0.0021    0.7449    0.9450     1.0175     1.3932     0.9884
 Mg      0.5353    0.0070    0.6137    1.0065     0.9949     1.6160     1.0088
 Ca      0.9289    0.0066    0.9621    0.9171     1.0463     1.0761     1.0011
 Ti      0.9489    0.0102    0.9763    0.8273     1.0528     1.1642     1.0022

Element  El. mass% Ox mass% Norm El%  Norm ox%  At prop  c/k-std   k-value   k-(std) 
 Na       3.52      4.75      3.56      4.79     1.398   0.9874   0.03566   1.79924  
 S        0.0401    0.1001    0.0405    0.1011   0.0114  0.9889   0.000405  0.075363  
 Fe       9.50     12.22      9.59     12.34     1.551   0.9992   0.09503   0.91346  
 Si      20.96     44.85     21.17     45.29     6.809   1.0102   0.20739   0.86572  
 Cl       0.1411    0.1411    0.1425    0.1425   0.0363  0.9849   0.001433  0.098734  
 F        0.1347    0.1347    0.1361    0.1361   0.0647  1.0196   0.001321  0.277592  
 K        1.77      2.14      1.79      2.16     0.414   0.9960   0.01781   2.60430  
 Mn       0.1856    0.2396    0.1874    0.2420   0.0308  1.0411   0.001782  0.005292  
 Al       7.82     14.77      7.89     14.92     2.643   1.0025   0.07795   1.17201  
 P        0.4545    1.0415    0.4591    1.0520   0.1339  0.9884   0.004599  2.689223  
 Mg       2.65      4.39      2.67      4.43     0.993   1.0088   0.02622   0.85161  
 Ca       7.47     10.45      7.54     10.55     1.700   1.0011   0.07460   1.11490  
 Ti       2.28      3.80      2.30      3.84     0.434   1.0022   0.02273   0.92972  
 O       42.09       -       42.51       -      24.000      -         -        
 -----------------------------------------------------------------------------
Total:   99.01     99.01    100.00    100.00    16.219




Unknown Specimen No. 32 
 Group        : bas-Glas        Sample  : 201216_Fr      
 UNK No.      :   32            Comment : UnknA-C21_6                              
 Stage        :    X=   10.7770  Y=   65.5930  Z=   11.5015 
 Acc. Voltage :    15.0 (kV)    Probe Dia. : 5    Scan : Off 
 Dated on Dec 20 18:05 2016 
 WDS only       No. of accumulation : 1 

Curr.(A) : 1.006E-08 
Element Peak(mm) Net(cps)   Bg-   Bg+  S.D.(%)   D.L.(ppm)  
 1 Na   129.476    397.2    0.0   23.0    1.63      181 
 2 S    171.948    116.0    5.1    5.9    1.78      116 
 3 Fe   134.739    189.7    2.4    3.4    1.65      401 
 4 Si    77.822   3099.2   31.0   20.7    0.41      228 
 5 Cl   151.478     21.1    9.1    8.4    5.38       47 
 6 F    199.140      2.6    2.9    3.6   21.07      361 
 7 K    119.485    478.1   36.3   24.9    0.89       64 
 8 Mn   146.243      2.6    2.9    1.8   18.51      307 
 9 Al    90.995   1066.6   15.0   10.3    0.69      161 
10 P    197.118     34.0    2.5    2.5    4.12      141 
11 Mg   107.534    500.7   38.6    0.0    1.04      170 
12 Ca   107.121   2126.0   33.3   36.7    0.49       90 
13 Ti    88.305    637.2    0.0   44.2    0.92      124 


Element  f(chi)    If/Ip     abs-el    1/s-el      r-el      c/k-el    c/k-std
 Na      0.3980    0.0037    0.4750    0.9930     0.9872     2.1397     0.9997
 S       0.7719    0.0036    0.8242    0.9623     1.0240     1.2269     0.9852
 Fe      0.9811    0.0000    0.9971    0.8105     1.0558     1.1721     0.9980
 Si      0.7020    0.0016    0.7703    0.9874     1.0096     1.3002     1.0130
 Cl      0.8306    0.0067    0.8800    0.9131     1.0305     1.1995     0.9859
 F       0.1906    0.0014    0.2502    1.0186     0.9748     4.0193     1.0129
 K       0.9090    0.0162    0.9479    0.9040     1.0415     1.1026     0.9965
 Mn      0.9755    0.0000    0.9942    0.7988     1.0562     1.1922     1.0398
 Al      0.6458    0.0093    0.7243    0.9687     1.0019     1.4093     1.0072
 P       0.6902    0.0025    0.7479    0.9463     1.0170     1.3860     0.9832
 Mg      0.5310    0.0068    0.6087    1.0079     0.9944     1.6282     1.0165
 Ca      0.9285    0.0068    0.9617    0.9183     1.0459     1.0754     1.0004
 Ti      0.9493    0.0111    0.9767    0.8284     1.0524     1.1615     0.9999

Element  El. mass% Ox mass% Norm El%  Norm ox%  At prop  c/k-std   k-value   k-(std) 
 Na       3.54      4.77      3.47      4.67     1.362   0.9997   0.03544   1.78798  
 S        0.8798    2.1971    0.8612    2.1505   0.2427  0.9852   0.008931  1.660073  
 Fe      10.70     13.77     10.47     13.47     1.694   0.9980   0.10725   1.03097  
 Si      20.59     44.06     20.16     43.12     6.484   1.0130   0.20357   0.84975  
 Cl       0.1293    0.1293    0.1266    0.1266   0.0323  0.9859   0.001312  0.090422  
 F        0.2099    0.2099    0.2055    0.2055   0.0977  1.0129   0.002073  0.435466  
 K        1.77      2.14      1.74      2.09     0.401   0.9965   0.01779   2.60073  
 Mn       0.1679    0.2167    0.1643    0.2121   0.0270  1.0398   0.001614  0.004793  
 Al       8.11     15.32      7.94     14.99     2.658   1.0072   0.08054   1.21091  
 P        0.4129    0.9462    0.4041    0.9261   0.1179  0.9832   0.004200  2.455868  
 Mg       2.68      4.44      2.62      4.34     0.974   1.0165   0.02633   0.85520  
 Ca       7.29     10.20      7.14      9.99     1.609   1.0004   0.07291   1.08972  
 Ti       2.26      3.78      2.22      3.70     0.418   0.9999   0.02264   0.92615  
 O       43.42       -       42.50       -      24.000      -         -        
 -----------------------------------------------------------------------------
Total:  102.17    102.17    100.00    100.00    16.118




Unknown Specimen No. 33 
 Group        : bas-Glas        Sample  : 201216_Fr      
 UNK No.      :   33            Comment : UnknA-C21_7                              
 Stage        :    X=   10.3415  Y=   66.1445  Z=   11.5015 
 Acc. Voltage :    15.0 (kV)    Probe Dia. : 5    Scan : Off 
 Dated on Dec 20 18:09 2016 
 WDS only       No. of accumulation : 1 

Curr.(A) : 1.005E-08 
Element Peak(mm) Net(cps)   Bg-   Bg+  S.D.(%)   D.L.(ppm)  
 1 Na   129.476    410.4    0.0   21.3    1.60      175 
 2 S    171.948      6.7    6.4    5.5   11.65      118 
 3 Fe   134.739    175.3    2.4    2.8    1.72      374 
 4 Si    77.822   3075.6   30.3   21.5    0.41      228 
 5 Cl   151.478     20.7    9.6    7.3    5.40       46 
 6 F    199.140      2.6    3.3    3.1   20.99      362 
 7 K    119.485    497.2   37.5   23.7    0.87       65 
 8 Mn   146.243      2.8    2.1    1.9   16.81      289 
 9 Al    90.995   1069.1   14.9    9.1    0.69      157 
10 P    197.118     34.6    3.6    4.2    4.23      178 
11 Mg   107.534    508.4   34.8    0.0    1.03      162 
12 Ca   107.121   2165.5   35.9   39.6    0.49       93 
13 Ti    88.305    638.8    0.0   52.0    0.92      134 


Element  f(chi)    If/Ip     abs-el    1/s-el      r-el      c/k-el    c/k-std
 Na      0.4013    0.0038    0.4789    0.9926     0.9874     2.1223     0.9916
 S       0.7699    0.0038    0.8220    0.9619     1.0243     1.2302     0.9878
 Fe      0.9809    0.0000    0.9969    0.8102     1.0559     1.1726     0.9985
 Si      0.7013    0.0014    0.7696    0.9870     1.0098     1.3019     1.0143
 Cl      0.8321    0.0070    0.8817    0.9128     1.0308     1.1972     0.9839
 F       0.1904    0.0014    0.2500    1.0182     0.9750     4.0231     1.0138
 K       0.9099    0.0168    0.9488    0.9036     1.0417     1.1011     0.9952
 Mn      0.9753    0.0000    0.9939    0.7985     1.0563     1.1928     1.0403
 Al      0.6467    0.0094    0.7254    0.9683     1.0022     1.4075     1.0058
 P       0.6878    0.0021    0.7452    0.9459     1.0172     1.3917     0.9873
 Mg      0.5329    0.0069    0.6109    1.0075     0.9946     1.6224     1.0129
 Ca      0.9288    0.0067    0.9621    0.9180     1.0461     1.0753     1.0003
 Ti      0.9490    0.0106    0.9764    0.8280     1.0526     1.1629     1.0011

Element  El. mass% Ox mass% Norm El%  Norm ox%  At prop  c/k-std   k-value   k-(std) 
 Na       3.63      4.90      3.65      4.93     1.444   0.9916   0.03665   1.84929  
 S        0.0514    0.1283    0.0517    0.1290   0.0146  0.9878   0.000520  0.096696  
 Fe       9.90     12.74      9.96     12.81     1.620   0.9985   0.09918   0.95338  
 Si      20.52     43.89     20.62     44.12     6.673   1.0143   0.20221   0.84410  
 Cl       0.1269    0.1269    0.1275    0.1275   0.0327  0.9839   0.001289  0.088856  
 F        0.2127    0.2127    0.2138    0.2138   0.1023  1.0138   0.002098  0.440785  
 K        1.84      2.22      1.85      2.23     0.431   0.9952   0.01852   2.70744  
 Mn       0.1813    0.2341    0.1823    0.2354   0.0302  1.0403   0.001743  0.005175  
 Al       8.13     15.36      8.17     15.44     2.752   1.0058   0.08080   1.21491  
 P        0.4233    0.9700    0.4255    0.9751   0.1249  0.9873   0.004287  2.507260  
 Mg       2.71      4.50      2.73      4.52     1.019   1.0129   0.02676   0.86922  
 Ca       7.44     10.41      7.48     10.46     1.695   1.0003   0.07434   1.11106  
 Ti       2.27      3.79      2.29      3.81     0.434   1.0011   0.02272   0.92941  
 O       42.03       -       42.25       -      24.000      -         -        
 -----------------------------------------------------------------------------
Total:   99.48     99.48    100.00    100.00    16.373




Unknown Specimen No. 34 
 Group        : bas-Glas        Sample  : 201216_Fr      
 UNK No.      :   34            Comment : UnknA-C21_8                              
 Stage        :    X=   10.3230  Y=   66.8225  Z=   11.5015 
 Acc. Voltage :    15.0 (kV)    Probe Dia. : 5    Scan : Off 
 Dated on Dec 20 18:12 2016 
 WDS only       No. of accumulation : 1 

Curr.(A) : 1.006E-08 
Element Peak(mm) Net(cps)   Bg-   Bg+  S.D.(%)   D.L.(ppm)  
 1 Na   129.476    411.0    0.0   18.2    1.59      161 
 2 S    171.948      6.7    5.3    4.5   11.10      108 
 3 Fe   134.739    176.5    3.2    3.3    1.72      413 
 4 Si    77.822   3153.3   33.0   19.2    0.40      230 
 5 Cl   151.478     23.1    8.3    8.1    4.97       45 
 6 F    199.140      1.7    4.3    2.8   33.23      389 
 7 K    119.485    496.1   35.8   23.4    0.87       63 
 8 Mn   146.243      3.0    1.8    1.8   15.67      274 
 9 Al    90.995   1075.9   15.4   10.3    0.69      162 
10 P    197.118     34.9    4.2    2.5    4.11      158 
11 Mg   107.534    503.2   37.5    0.0    1.03      168 
12 Ca   107.121   2177.4   33.3   37.4    0.49       90 
13 Ti    88.305    635.6    0.0   54.5    0.92      138 


Element  f(chi)    If/Ip     abs-el    1/s-el      r-el      c/k-el    c/k-std
 Na      0.4017    0.0038    0.4795    0.9923     0.9875     2.1202     0.9906
 S       0.7695    0.0037    0.8216    0.9616     1.0243     1.2310     0.9885
 Fe      0.9810    0.0000    0.9970    0.8100     1.0559     1.1728     0.9986
 Si      0.7023    0.0014    0.7707    0.9867     1.0099     1.3004     1.0131
 Cl      0.8318    0.0069    0.8814    0.9125     1.0308     1.1979     0.9845
 F       0.1902    0.0014    0.2498    1.0179     0.9751     4.0280     1.0151
 K       0.9097    0.0167    0.9486    0.9034     1.0418     1.1017     0.9957
 Mn      0.9753    0.0000    0.9940    0.7983     1.0564     1.1930     1.0405
 Al      0.6477    0.0095    0.7264    0.9680     1.0023     1.4055     1.0044
 P       0.6874    0.0021    0.7448    0.9457     1.0173     1.3929     0.9881
 Mg      0.5336    0.0070    0.6117    1.0072     0.9947     1.6206     1.0117
 Ca      0.9287    0.0066    0.9620    0.9177     1.0461     1.0756     1.0007
 Ti      0.9490    0.0105    0.9764    0.8278     1.0526     1.1631     1.0013

Element  El. mass% Ox mass% Norm El%  Norm ox%  At prop  c/k-std   k-value   k-(std) 
 Na       3.63      4.90      3.61      4.87     1.425   0.9906   0.03667   1.85014  
 S        0.0507    0.1267    0.0505    0.1260   0.0143  0.9885   0.000513  0.095397  
 Fe       9.96     12.82      9.91     12.75     1.608   0.9986   0.09976   0.95897  
 Si      20.98     44.87     20.87     44.64     6.734   1.0131   0.20712   0.86459  
 Cl       0.1415    0.1415    0.1408    0.1408   0.0360  0.9845   0.001438  0.099078  
 F        0.1362    0.1362    0.1355    0.1355   0.0647  1.0151   0.001342  0.281965  
 K        1.84      2.21      1.83      2.20     0.424   0.9957   0.01846   2.69890  
 Mn       0.1912    0.2469    0.1903    0.2457   0.0314  1.0405   0.001838  0.005457  
 Al       8.16     15.42      8.12     15.34     2.727   1.0044   0.08124   1.22154  
 P        0.4261    0.9765    0.4240    0.9716   0.1241  0.9881   0.004313  2.521946  
 Mg       2.68      4.44      2.66      4.42     0.993   1.0117   0.02647   0.85955  
 Ca       7.47     10.46      7.43     10.40     1.681   1.0007   0.07468   1.11607  
 Ti       2.26      3.77      2.25      3.75     0.426   1.0013   0.02259   0.92384  
 O       42.59       -       42.37       -      24.000      -         -        
 -----------------------------------------------------------------------------
Total:  100.51    100.51    100.00    100.00    16.288




Unknown Specimen No. 35 
 Group        : bas-Glas        Sample  : 201216_Fr      
 UNK No.      :   35            Comment : UnknA-C21_9                              
 Stage        :    X=    9.8800  Y=   67.1415  Z=   11.5015 
 Acc. Voltage :    15.0 (kV)    Probe Dia. : 5    Scan : Off 
 Dated on Dec 20 18:16 2016 
 WDS only       No. of accumulation : 1 

Curr.(A) : 1.006E-08 
Element Peak(mm) Net(cps)   Bg-   Bg+  S.D.(%)   D.L.(ppm)  
 1 Na   129.476    406.9    0.0   19.9    1.61      169 
 2 S    171.948      7.0    5.1    5.4   10.93      112 
 3 Fe   134.739    164.6    3.6    2.8    1.78      400 
 4 Si    77.822   3184.4   30.0   22.0    0.40      228 
 5 Cl   151.478     21.6    8.7    8.2    5.24       46 
 6 F    199.140      3.5    3.5    2.1   16.48      350 
 7 K    119.485    485.0   37.3   23.3    0.88       64 
 8 Mn   146.243      2.6    1.7    1.8   17.30      272 
 9 Al    90.995   1089.7   14.2    8.3    0.68      152 
10 P    197.118     34.5    4.2    2.7    4.15      161 
11 Mg   107.534    489.2   37.4    0.0    1.05      168 
12 Ca   107.121   2180.6   33.3   39.0    0.49       91 
13 Ti    88.305    632.9    0.0   45.1    0.92      125 


Element  f(chi)    If/Ip     abs-el    1/s-el      r-el      c/k-el    c/k-std
 Na      0.4052    0.0038    0.4836    0.9909     0.9881     2.1039     0.9830
 S       0.7695    0.0037    0.8216    0.9603     1.0249     1.2321     0.9893
 Fe      0.9810    0.0000    0.9969    0.8089     1.0562     1.1740     0.9997
 Si      0.7041    0.0014    0.7726    0.9854     1.0105     1.2981     1.0113
 Cl      0.8318    0.0069    0.8813    0.9113     1.0314     1.1990     0.9854
 F       0.1897    0.0014    0.2490    1.0164     0.9756     4.0436     1.0190
 K       0.9097    0.0167    0.9486    0.9022     1.0423     1.1027     0.9966
 Mn      0.9753    0.0000    0.9940    0.7972     1.0567     1.1942     1.0415
 Al      0.6510    0.0097    0.7302    0.9667     1.0029     1.3992     0.9999
 P       0.6873    0.0021    0.7447    0.9443     1.0179     1.3942     0.9891
 Mg      0.5370    0.0071    0.6156    1.0058     0.9953     1.6113     1.0059
 Ca      0.9288    0.0064    0.9621    0.9165     1.0466     1.0767     1.0017
 Ti      0.9490    0.0099    0.9764    0.8267     1.0531     1.1650     1.0029

Element  El. mass% Ox mass% Norm El%  Norm ox%  At prop  c/k-std   k-value   k-(std) 
 Na       3.57      4.81      3.57      4.81     1.400   0.9830   0.03630   1.83167  
 S        0.0536    0.1339    0.0536    0.1339   0.0151  0.9893   0.000542  0.100732  
 Fe       9.30     11.97      9.30     11.97     1.503   0.9997   0.09306   0.89458  
 Si      21.15     45.25     21.15     45.25     6.793   1.0113   0.20916   0.87311  
 Cl       0.1325    0.1325    0.1325    0.1325   0.0337  0.9854   0.001345  0.092675  
 F        0.2803    0.2803    0.2803    0.2803   0.1331  1.0190   0.002751  0.577865  
 K        1.80      2.17      1.80      2.17     0.415   0.9966   0.01805   2.63857  
 Mn       0.1678    0.2166    0.1678    0.2166   0.0275  1.0415   0.001611  0.004783  
 Al       8.23     15.55      8.23     15.55     2.751   0.9999   0.08229   1.23720  
 P        0.4226    0.9683    0.4225    0.9682   0.1231  0.9891   0.004272  2.498437  
 Mg       2.59      4.29      2.59      4.29     0.960   1.0059   0.02573   0.83561  
 Ca       7.49     10.48      7.49     10.48     1.686   1.0017   0.07479   1.11770  
 Ti       2.26      3.76      2.26      3.76     0.425   1.0029   0.02249   0.91989  
 O       42.57       -       42.56       -      24.000      -         -        
 -----------------------------------------------------------------------------
Total:  100.01    100.01    100.00    100.00    16.266




Unknown Specimen No. 36 
 Group        : bas-Glas        Sample  : 201216_Fr      
 UNK No.      :   36            Comment : UnknA-C22-PS1-L2_1                       
 Stage        :    X=   15.5515  Y=   64.6030  Z=   11.4755 
 Acc. Voltage :    15.0 (kV)    Probe Dia. : 5    Scan : Off 
 Dated on Dec 20 18:19 2016 
 WDS only       No. of accumulation : 1 

Curr.(A) : 1.006E-08 
Element Peak(mm) Net(cps)   Bg-   Bg+  S.D.(%)   D.L.(ppm)  
 1 Na   129.476    337.7    0.0   20.6    1.77      172 
 2 S    171.948      1.5    6.1    5.3   42.77 ?    116 
 3 Fe   134.739    166.1    2.8    3.5    1.77      413 
 4 Si    77.822   3217.3   32.6   17.7    0.40      227 
 5 Cl   151.478     13.2    9.4    7.8    7.63       46 
 6 F    199.140      1.9    3.7    3.4   29.22      382 
 7 K    119.485    286.2   28.5   22.5    1.17       59 
 8 Mn   146.243      2.3    2.5    2.0   20.59      303 
 9 Al    90.995   1027.1   14.7   10.8    0.71      161 
10 P    197.118     19.4    4.5    2.9    5.94      167 
11 Mg   107.534    645.8   43.0    0.0    0.91      180 
12 Ca   107.121   2471.5   32.7   39.8    0.46       92 
13 Ti    88.305    604.7    0.0   45.5    0.94      126 


Element  f(chi)    If/Ip     abs-el    1/s-el      r-el      c/k-el    c/k-std
 Na      0.4043    0.0040    0.4825    0.9906     0.9879     2.1095     0.9856
 S       0.7697    0.0037    0.8218    0.9600     1.0247     1.2324     0.9896
 Fe      0.9809    0.0000    0.9969    0.8086     1.0561     1.1747     1.0002
 Si      0.7044    0.0013    0.7730    0.9850     1.0103     1.2983     1.0114
 Cl      0.8321    0.0069    0.8816    0.9109     1.0312     1.1991     0.9855
 F       0.1890    0.0014    0.2482    1.0161     0.9754     4.0597     1.0231
 K       0.9100    0.0186    0.9489    0.9018     1.0421     1.1009     0.9949
 Mn      0.9752    0.0000    0.9939    0.7969     1.0566     1.1949     1.0421
 Al      0.6481    0.0097    0.7269    0.9663     1.0027     1.4062     1.0049
 P       0.6865    0.0020    0.7438    0.9440     1.0177     1.3965     0.9907
 Mg      0.5399    0.0070    0.6189    1.0054     0.9951     1.6038     1.0013
 Ca      0.9309    0.0063    0.9642    0.9161     1.0465     1.0749     1.0000
 Ti      0.9485    0.0099    0.9759    0.8264     1.0529     1.1661     1.0038

Element  El. mass% Ox mass% Norm El%  Norm ox%  At prop  c/k-std   k-value   k-(std) 
 Na       2.97      4.00      2.97      4.01     1.163   0.9856   0.03013   1.52035  
 S        0.0117    0.0293    0.0117    0.0293   0.0033  0.9896   0.000118  0.022006  
 Fe       9.39     12.08      9.40     12.09     1.514   1.0002   0.09391   0.90268  
 Si      21.38     45.73     21.39     45.77     6.850   1.0114   0.21132   0.88212  
 Cl       0.0808    0.0808    0.0808    0.0808   0.0205  0.9855   0.000819  0.056471  
 F        0.1543    0.1543    0.1545    0.1545   0.0731  1.0231   0.001509  0.316939  
 K        1.06      1.28      1.06      1.28     0.244   0.9949   0.01065   1.55688  
 Mn       0.1466    0.1893    0.1468    0.1895   0.0240  1.0421   0.001407  0.004178  
 Al       7.79     14.73      7.80     14.74     2.601   1.0049   0.07756   1.16612  
 P        0.2371    0.5434    0.2373    0.5439   0.0689  0.9907   0.002394  1.399767  
 Mg       3.40      5.64      3.40      5.64     1.259   1.0013   0.03396   1.10305  
 Ca       8.48     11.86      8.48     11.87     1.904   1.0000   0.08476   1.26683  
 Ti       2.16      3.60      2.16      3.60     0.405   1.0038   0.02149   0.87899  
 O       42.65       -       42.69       -      24.000      -         -        
 -----------------------------------------------------------------------------
Total:   99.91     99.91    100.00    100.00    16.131




Unknown Specimen No. 37 
 Group        : bas-Glas        Sample  : 201216_Fr      
 UNK No.      :   37            Comment : UnknA-C22-PS1-L2_2                       
 Stage        :    X=   15.9360  Y=   64.9965  Z=   11.4745 
 Acc. Voltage :    15.0 (kV)    Probe Dia. : 5    Scan : Off 
 Dated on Dec 20 18:23 2016 
 WDS only       No. of accumulation : 1 

Curr.(A) : 1.006E-08 
Element Peak(mm) Net(cps)   Bg-   Bg+  S.D.(%)   D.L.(ppm)  
 1 Na   129.476    340.0    0.0   20.8    1.77      172 
 2 S    171.948      2.5    6.8    4.5   26.29      114 
 3 Fe   134.739    167.2    2.3    1.4    1.75      297 
 4 Si    77.822   3246.4   31.1   17.6    0.40      223 
 5 Cl   151.478     12.5    8.6    8.7    7.99       47 
 6 F    199.140      1.9    3.7    1.9   27.16      352 
 7 K    119.485    288.8   31.2   20.8    1.17       59 
 8 Mn   146.243      2.3    1.6    1.9   18.87      270 
 9 Al    90.995   1019.9   14.2   10.1    0.71      157 
10 P    197.118     20.6    4.3    2.8    5.67      163 
11 Mg   107.534    632.1   41.4    0.0    0.92      176 
12 Ca   107.121   2428.6   33.3   38.8    0.46       91 
13 Ti    88.305    609.4    0.0   44.2    0.94      124 


Element  f(chi)    If/Ip     abs-el    1/s-el      r-el      c/k-el    c/k-std
 Na      0.4041    0.0039    0.4823    0.9906     0.9879     2.1105     0.9861
 S       0.7694    0.0036    0.8215    0.9599     1.0248     1.2329     0.9900
 Fe      0.9809    0.0000    0.9969    0.8086     1.0562     1.1746     1.0002
 Si      0.7050    0.0013    0.7737    0.9850     1.0103     1.2972     1.0106
 Cl      0.8318    0.0069    0.8814    0.9109     1.0313     1.1996     0.9859
 F       0.1891    0.0014    0.2483    1.0161     0.9755     4.0572     1.0224
 K       0.9099    0.0183    0.9488    0.9018     1.0422     1.1013     0.9954
 Mn      0.9753    0.0000    0.9939    0.7969     1.0566     1.1949     1.0421
 Al      0.6483    0.0098    0.7272    0.9663     1.0027     1.4056     1.0045
 P       0.6862    0.0020    0.7436    0.9440     1.0177     1.3971     0.9911
 Mg      0.5396    0.0070    0.6185    1.0054     0.9952     1.6047     1.0018
 Ca      0.9308    0.0064    0.9641    0.9161     1.0465     1.0750     1.0001
 Ti      0.9487    0.0100    0.9761    0.8264     1.0530     1.1657     1.0035

Element  El. mass% Ox mass% Norm El%  Norm ox%  At prop  c/k-std   k-value   k-(std) 
 Na       2.99      4.03      2.99      4.03     1.168   0.9861   0.03034   1.53072  
 S        0.0194    0.0483    0.0193    0.0483   0.0054  0.9900   0.000195  0.036338  
 Fe       9.45     12.16      9.45     12.15     1.520   1.0002   0.09452   0.90854  
 Si      21.55     46.10     21.54     46.07     6.888   1.0106   0.21323   0.89010  
 Cl       0.0768    0.0768    0.0767    0.0767   0.0194  0.9859   0.000779  0.053660  
 F        0.1577    0.1577    0.1577    0.1577   0.0745  1.0224   0.001543  0.324130  
 K        1.07      1.29      1.07      1.29     0.246   0.9954   0.01075   1.57125  
 Mn       0.1500    0.1937    0.1499    0.1936   0.0245  1.0421   0.001439  0.004274  
 Al       7.74     14.62      7.73     14.61     2.574   1.0045   0.07701   1.15786  
 P        0.2530    0.5798    0.2529    0.5795   0.0734  0.9911   0.002553  1.492900  
 Mg       3.33      5.52      3.33      5.52     1.230   1.0018   0.03325   1.07978  
 Ca       8.33     11.65      8.33     11.65     1.866   1.0001   0.08329   1.24481  
 Ti       2.17      3.63      2.17      3.62     0.407   1.0035   0.02166   0.88575  
 O       42.77       -       42.74       -      24.000      -         -        
 -----------------------------------------------------------------------------
Total:  100.06    100.06    100.00    100.00    16.097




Unknown Specimen No. 38 
 Group        : bas-Glas        Sample  : 201216_Fr      
 UNK No.      :   38            Comment : UnknA-C22-PS1-L2_3                       
 Stage        :    X=   15.2080  Y=   65.0475  Z=   11.4775 
 Acc. Voltage :    15.0 (kV)    Probe Dia. : 5    Scan : Off 
 Dated on Dec 20 18:26 2016 
 WDS only       No. of accumulation : 1 

Curr.(A) : 1.006E-08 
Element Peak(mm) Net(cps)   Bg-   Bg+  S.D.(%)   D.L.(ppm)  
 1 Na   129.476    361.1    0.0   20.9    1.71      173 
 2 S    171.948      1.7    6.9    5.8   41.43 ?    122 
 3 Fe   134.739    167.9    2.6    2.8    1.76      378 
 4 Si    77.822   3188.4   30.1   17.3    0.40      220 
 5 Cl   151.478     10.3    7.7    8.5    9.11       45 
 6 F    199.140      1.1    3.1    3.1   43.81 ?    356 
 7 K    119.485    296.2   30.7   21.5    1.15       59 
 8 Mn   146.243      2.5    2.1    1.5   17.65      271 
 9 Al    90.995   1012.3   14.7    8.5    0.71      154 
10 P    197.118     18.7    2.5    2.2    5.79      136 
11 Mg   107.534    633.3   35.7    0.0    0.91      164 
12 Ca   107.121   2443.4   32.1   36.8    0.46       89 
13 Ti    88.305    591.5    0.0   47.4    0.96      128 


Element  f(chi)    If/Ip     abs-el    1/s-el      r-el      c/k-el    c/k-std
 Na      0.4038    0.0039    0.4819    0.9909     0.9878     2.1115     0.9866
 S       0.7697    0.0037    0.8218    0.9603     1.0246     1.2322     0.9894
 Fe      0.9809    0.0000    0.9969    0.8088     1.0561     1.1743     0.9999
 Si      0.7039    0.0013    0.7724    0.9853     1.0102     1.2990     1.0120
 Cl      0.8321    0.0069    0.8816    0.9112     1.0311     1.1989     0.9853
 F       0.1894    0.0014    0.2487    1.0164     0.9753     4.0508     1.0208
 K       0.9100    0.0185    0.9490    0.9021     1.0420     1.1007     0.9948
 Mn      0.9752    0.0000    0.9939    0.7972     1.0566     1.1946     1.0418
 Al      0.6469    0.0096    0.7255    0.9667     1.0026     1.4087     1.0067
 P       0.6865    0.0020    0.7438    0.9443     1.0176     1.3963     0.9906
 Mg      0.5381    0.0070    0.6168    1.0057     0.9950     1.6090     1.0045
 Ca      0.9308    0.0064    0.9642    0.9164     1.0464     1.0747     0.9998
 Ti      0.9486    0.0101    0.9760    0.8267     1.0529     1.1655     1.0033

Element  El. mass% Ox mass% Norm El%  Norm ox%  At prop  c/k-std   k-value   k-(std) 
 Na       3.18      4.28      3.20      4.31     1.253   0.9866   0.03221   1.62532  
 S        0.0127    0.0317    0.0128    0.0319   0.0036  0.9894   0.000128  0.023849  
 Fe       9.49     12.21      9.55     12.29     1.541   0.9999   0.09494   0.91266  
 Si      21.20     45.35     21.32     45.61     6.841   1.0120   0.20942   0.87418  
 Cl       0.0635    0.0635    0.0639    0.0639   0.0162  0.9853   0.000645  0.044418  
 F        0.0924    0.0924    0.0929    0.0929   0.0441  1.0208   0.000905  0.190135  
 K        1.10      1.32      1.10      1.33     0.254   0.9948   0.01102   1.61141  
 Mn       0.1623    0.2096    0.1633    0.2108   0.0268  1.0418   0.001558  0.004626  
 Al       7.70     14.54      7.74     14.63     2.585   1.0067   0.07644   1.14928  
 P        0.2290    0.5247    0.2303    0.5277   0.0670  0.9906   0.002312  1.351773  
 Mg       3.35      5.55      3.37      5.58     1.247   1.0045   0.03331   1.08173  
 Ca       8.38     11.72      8.43     11.79     1.895   0.9998   0.08380   1.25242  
 Ti       2.11      3.52      2.12      3.54     0.399   1.0033   0.02102   0.85985  
 O       42.37       -       42.61       -      24.000      -         -        
 -----------------------------------------------------------------------------
Total:   99.43     99.43    100.00    100.00    16.173




Unknown Specimen No. 39 
 Group        : bas-Glas        Sample  : 201216_Fr      
 UNK No.      :   39            Comment : UnknA-C22-PS1-L2_4                       
 Stage        :    X=   13.9905  Y=   65.5060  Z=   11.4850 
 Acc. Voltage :    15.0 (kV)    Probe Dia. : 5    Scan : Off 
 Dated on Dec 20 18:29 2016 
 WDS only       No. of accumulation : 1 

Curr.(A) : 1.006E-08 
Element Peak(mm) Net(cps)   Bg-   Bg+  S.D.(%)   D.L.(ppm)  
 1 Na   129.476    338.5    0.0   18.9    1.77      164 
 2 S    171.948      2.5    5.8    4.5   26.05      110 
 3 Fe   134.739    164.9    2.3    3.2    1.77      390 
 4 Si    77.822   3225.6   29.3   17.0    0.40      217 
 5 Cl   151.478     12.3    9.0    8.5    8.12       47 
 6 F    199.140      1.9    2.5    2.9   26.08      329 
 7 K    119.485    277.6   30.6   20.9    1.20       59 
 8 Mn   146.243      2.0    2.1    1.8   22.60      285 
 9 Al    90.995   1038.3   15.3   11.7    0.70      166 
10 P    197.118     19.5    2.3    3.2    5.79      151 
11 Mg   107.534    632.2   41.4    0.0    0.92      176 
12 Ca   107.121   2437.1   36.1   36.5    0.46       91 
13 Ti    88.305    600.9    0.0   47.5    0.95      128 


Element  f(chi)    If/Ip     abs-el    1/s-el      r-el      c/k-el    c/k-std
 Na      0.4049    0.0040    0.4832    0.9903     0.9881     2.1066     0.9843
 S       0.7694    0.0036    0.8215    0.9597     1.0249     1.2331     0.9902
 Fe      0.9809    0.0000    0.9969    0.8084     1.0562     1.1749     1.0004
 Si      0.7046    0.0013    0.7732    0.9847     1.0104     1.2983     1.0114
 Cl      0.8318    0.0069    0.8814    0.9107     1.0314     1.1998     0.9860
 F       0.1892    0.0014    0.2483    1.0158     0.9756     4.0578     1.0226
 K       0.9099    0.0184    0.9488    0.9016     1.0423     1.1014     0.9955
 Mn      0.9753    0.0000    0.9939    0.7967     1.0567     1.1951     1.0423
 Al      0.6490    0.0097    0.7279    0.9660     1.0028     1.4045     1.0037
 P       0.6862    0.0020    0.7435    0.9437     1.0179     1.3974     0.9914
 Mg      0.5404    0.0071    0.6195    1.0051     0.9953     1.6024     1.0004
 Ca      0.9309    0.0063    0.9642    0.9159     1.0466     1.0752     1.0002
 Ti      0.9487    0.0098    0.9761    0.8262     1.0530     1.1662     1.0039

Element  El. mass% Ox mass% Norm El%  Norm ox%  At prop  c/k-std   k-value   k-(std) 
 Na       2.97      4.01      2.98      4.02     1.164   0.9843   0.03020   1.52395  
 S        0.0189    0.0473    0.0190    0.0474   0.0053  0.9902   0.000191  0.035552  
 Fe       9.33     12.00      9.35     12.03     1.503   1.0004   0.09324   0.89624  
 Si      21.43     45.85     21.49     45.97     6.867   1.0114   0.21187   0.88440  
 Cl       0.0755    0.0755    0.0757    0.0757   0.0192  0.9860   0.000765  0.052740  
 F        0.1532    0.1532    0.1536    0.1536   0.0726  1.0226   0.001498  0.314733  
 K        1.03      1.24      1.03      1.24     0.237   0.9955   0.01033   1.51019  
 Mn       0.1248    0.1612    0.1252    0.1616   0.0204  1.0423   0.001198  0.003556  
 Al       7.87     14.87      7.89     14.91     2.625   1.0037   0.07840   1.17876  
 P        0.2390    0.5477    0.2396    0.5491   0.0695  0.9914   0.002411  1.409714  
 Mg       3.33      5.52      3.34      5.53     1.232   1.0004   0.03325   1.07986  
 Ca       8.36     11.70      8.38     11.73     1.877   1.0002   0.08358   1.24920  
 Ti       2.14      3.58      2.15      3.59     0.403   1.0039   0.02136   0.87346  
 O       42.67       -       42.78       -      24.000      -         -        
 -----------------------------------------------------------------------------
Total:   99.74     99.74    100.00    100.00    16.095




Unknown Specimen No. 40 
 Group        : bas-Glas        Sample  : 201216_Fr      
 UNK No.      :   40            Comment : UnknA-C22-PS1-L2_5                       
 Stage        :    X=   13.5940  Y=   64.9440  Z=   11.4875 
 Acc. Voltage :    15.0 (kV)    Probe Dia. : 5    Scan : Off 
 Dated on Dec 20 18:33 2016 
 WDS only       No. of accumulation : 1 

Curr.(A) : 1.006E-08 
Element Peak(mm) Net(cps)   Bg-   Bg+  S.D.(%)   D.L.(ppm)  
 1 Na   129.476    345.4    0.0   19.2    1.75      166 
 2 S    171.948      3.3    5.9    4.7   20.43      111 
 3 Fe   134.739    162.2    3.2    3.6    1.80      426 
 4 Si    77.822   3292.1   31.9   18.8    0.39      227 
 5 Cl   151.478     11.9    9.6    8.7    8.41       48 
 6 F    199.140      1.0    3.7    2.8   50.74 ?    372 
 7 K    119.485    272.1   30.7   20.7    1.21       59 
 8 Mn   146.243      2.3    2.1    1.8   19.57      283 
 9 Al    90.995   1040.6   14.6   12.4    0.70      165 
10 P    197.118     18.0    2.2    3.0    6.04      146 
11 Mg   107.534    646.0   43.0    0.0    0.91      180 
12 Ca   107.121   2454.2   31.2   37.8    0.46       89 
13 Ti    88.305    589.9    0.0   44.1    0.95      124 


Element  f(chi)    If/Ip     abs-el    1/s-el      r-el      c/k-el    c/k-std
 Na      0.4066    0.0040    0.4853    0.9896     0.9883     2.0987     0.9806
 S       0.7692    0.0036    0.8213    0.9590     1.0251     1.2340     0.9909
 Fe      0.9810    0.0000    0.9970    0.8079     1.0563     1.1754     1.0008
 Si      0.7056    0.0012    0.7743    0.9841     1.0107     1.2970     1.0104
 Cl      0.8317    0.0068    0.8812    0.9101     1.0316     1.2006     0.9867
 F       0.1889    0.0014    0.2480    1.0151     0.9758     4.0654     1.0245
 K       0.9098    0.0183    0.9487    0.9010     1.0425     1.1021     0.9961
 Mn      0.9753    0.0000    0.9940    0.7962     1.0568     1.1956     1.0427
 Al      0.6499    0.0099    0.7289    0.9654     1.0031     1.4029     1.0026
 P       0.6858    0.0020    0.7431    0.9431     1.0181     1.3988     0.9924
 Mg      0.5418    0.0071    0.6211    1.0044     0.9955     1.5988     0.9981
 Ca      0.9309    0.0062    0.9642    0.9153     1.0468     1.0758     1.0008
 Ti      0.9487    0.0096    0.9761    0.8256     1.0532     1.1669     1.0045

Element  El. mass% Ox mass% Norm El%  Norm ox%  At prop  c/k-std   k-value   k-(std) 
 Na       3.02      4.07      3.01      4.05     1.170   0.9806   0.03082   1.55504  
 S        0.0252    0.0630    0.0251    0.0627   0.0070  0.9909   0.000255  0.047316  
 Fe       9.17     11.80      9.13     11.74     1.462   1.0008   0.09167   0.88122  
 Si      21.84     46.72     21.73     46.47     6.921   1.0104   0.21624   0.90264  
 Cl       0.0733    0.0733    0.0729    0.0729   0.0184  0.9867   0.000743  0.051218  
 F        0.0831    0.0831    0.0827    0.0827   0.0389  1.0245   0.000811  0.170398  
 K        1.01      1.21      1.00      1.21     0.230   0.9961   0.01012   1.48010  
 Mn       0.1480    0.1911    0.1472    0.1901   0.0240  1.0427   0.001419  0.004214  
 Al       7.88     14.88      7.83     14.80     2.598   1.0026   0.07857   1.18139  
 P        0.2210    0.5063    0.2198    0.5036   0.0635  0.9924   0.002226  1.302042  
 Mg       3.39      5.62      3.37      5.59     1.242   0.9981   0.03398   1.10347  
 Ca       8.42     11.79      8.38     11.72     1.871   1.0008   0.08417   1.25796  
 Ti       2.11      3.51      2.09      3.49     0.391   1.0045   0.02097   0.85751  
 O       43.14       -       42.91       -      24.000      -         -        
 -----------------------------------------------------------------------------
Total:  100.54    100.54    100.00    100.00    16.036




Unknown Specimen No. 41 
 Group        : bas-Glas        Sample  : 201216_Fr      
 UNK No.      :   41            Comment : UnknA-C22-PS1-L2_6                       
 Stage        :    X=   13.0415  Y=   65.5825  Z=   11.4890 
 Acc. Voltage :    15.0 (kV)    Probe Dia. : 5    Scan : Off 
 Dated on Dec 20 18:36 2016 
 WDS only       No. of accumulation : 1 

Curr.(A) : 1.006E-08 
Element Peak(mm) Net(cps)   Bg-   Bg+  S.D.(%)   D.L.(ppm)  
 1 Na   129.476    347.1    0.0   18.4    1.74      162 
 2 S    171.948      2.9    6.0    5.1   23.60      114 
 3 Fe   134.739    168.2    3.3    2.9    1.76      398 
 4 Si    77.822   3274.8   29.4   20.3    0.39      223 
 5 Cl   151.478     11.7    7.8    8.0    8.21       45 
 6 F    199.140      1.4    3.1    3.3   37.58 ?    359 
 7 K    119.485    284.4   29.6   23.0    1.18       60 
 8 Mn   146.243      1.9    2.1    2.1   23.87      296 
 9 Al    90.995   1024.6   17.5   12.0    0.71      173 
10 P    197.118     18.6    3.7    3.3    6.10      166 
11 Mg   107.534    643.0   41.5    0.0    0.91      177 
12 Ca   107.121   2475.8   31.2   38.0    0.46       89 
13 Ti    88.305    611.8    0.0   46.9    0.94      128 


Element  f(chi)    If/Ip     abs-el    1/s-el      r-el      c/k-el    c/k-std
 Na      0.4044    0.0040    0.4827    0.9905     0.9879     2.1090     0.9854
 S       0.7695    0.0037    0.8216    0.9599     1.0248     1.2328     0.9899
 Fe      0.9809    0.0000    0.9969    0.8085     1.0562     1.1747     1.0003
 Si      0.7051    0.0013    0.7737    0.9849     1.0103     1.2972     1.0106
 Cl      0.8319    0.0069    0.8815    0.9108     1.0313     1.1995     0.9858
 F       0.1891    0.0014    0.2483    1.0160     0.9755     4.0584     1.0227
 K       0.9099    0.0185    0.9488    0.9017     1.0422     1.1012     0.9952
 Mn      0.9752    0.0000    0.9939    0.7968     1.0566     1.1950     1.0422
 Al      0.6482    0.0098    0.7270    0.9662     1.0027     1.4060     1.0047
 P       0.6862    0.0020    0.7435    0.9439     1.0177     1.3972     0.9912
 Mg      0.5397    0.0070    0.6186    1.0053     0.9952     1.6046     1.0017
 Ca      0.9309    0.0063    0.9642    0.9160     1.0465     1.0750     1.0001
 Ti      0.9486    0.0099    0.9760    0.8263     1.0530     1.1660     1.0038

Element  El. mass% Ox mass% Norm El%  Norm ox%  At prop  c/k-std   k-value   k-(std) 
 Na       3.05      4.11      3.03      4.08     1.182   0.9854   0.03097   1.56269  
 S        0.0220    0.0549    0.0218    0.0544   0.0061  0.9899   0.000222  0.041247  
 Fe       9.51     12.23      9.43     12.13     1.517   1.0003   0.09509   0.91405  
 Si      21.73     46.48     21.55     46.10     6.890   1.0106   0.21510   0.89789  
 Cl       0.0716    0.0716    0.0710    0.0710   0.0180  0.9858   0.000727  0.050072  
 F        0.1101    0.1101    0.1092    0.1092   0.0516  1.0227   0.001076  0.226126  
 K        1.05      1.27      1.04      1.26     0.240   0.9952   0.01058   1.54707  
 Mn       0.1211    0.1563    0.1201    0.1550   0.0196  1.0422   0.001162  0.003449  
 Al       7.77     14.69      7.71     14.56     2.566   1.0047   0.07737   1.16326  
 P        0.2274    0.5212    0.2256    0.5169   0.0654  0.9912   0.002295  1.341899  
 Mg       3.39      5.62      3.36      5.57     1.241   1.0017   0.03382   1.09825  
 Ca       8.49     11.88      8.42     11.78     1.887   1.0001   0.08491   1.26900  
 Ti       2.18      3.64      2.16      3.61     0.406   1.0038   0.02174   0.88932  
 O       43.11       -       42.75       -      24.000      -         -        
 -----------------------------------------------------------------------------
Total:  100.83    100.83    100.00    100.00    16.091




Unknown Specimen No. 42 
 Group        : bas-Glas        Sample  : 201216_Fr      
 UNK No.      :   42            Comment : UnknA-C22-PS1-L2_7                       
 Stage        :    X=   14.1765  Y=   66.9295  Z=   11.4855 
 Acc. Voltage :    15.0 (kV)    Probe Dia. : 5    Scan : Off 
 Dated on Dec 20 18:40 2016 
 WDS only       No. of accumulation : 1 

Curr.(A) : 1.006E-08 
Element Peak(mm) Net(cps)   Bg-   Bg+  S.D.(%)   D.L.(ppm)  
 1 Na   129.476    335.3    0.0   19.0    1.78      165 
 2 S    171.948      2.4    5.6    4.5   27.20      109 
 3 Fe   134.739    168.7    3.2    2.7    1.75      387 
 4 Si    77.822   3269.9   28.0   19.2    0.39      218 
 5 Cl   151.478     15.5    7.9    8.1    6.63       45 
 6 F    199.140      1.6    3.3    2.9   32.90      361 
 7 K    119.485    275.8   30.8   24.9    1.21       61 
 8 Mn   146.243      2.9    1.7    1.5   15.57      260 
 9 Al    90.995   1038.6   15.2   11.5    0.70      165 
10 P    197.118     18.9    3.0    2.3    5.81      143 
11 Mg   107.534    635.1   39.1    0.0    0.91      171 
12 Ca   107.121   2455.2   32.8   35.1    0.46       88 
13 Ti    88.305    596.4    0.0   46.6    0.95      127 


Element  f(chi)    If/Ip     abs-el    1/s-el      r-el      c/k-el    c/k-std
 Na      0.4040    0.0040    0.4822    0.9906     0.9879     2.1110     0.9863
 S       0.7693    0.0036    0.8214    0.9599     1.0248     1.2331     0.9902
 Fe      0.9810    0.0000    0.9970    0.8086     1.0561     1.1746     1.0002
 Si      0.7047    0.0012    0.7733    0.9850     1.0103     1.2978     1.0111
 Cl      0.8318    0.0068    0.8813    0.9109     1.0312     1.1998     0.9860
 F       0.1891    0.0014    0.2483    1.0161     0.9754     4.0577     1.0226
 K       0.9098    0.0183    0.9487    0.9018     1.0421     1.1014     0.9954
 Mn      0.9753    0.0000    0.9940    0.7969     1.0566     1.1948     1.0420
 Al      0.6486    0.0098    0.7275    0.9663     1.0027     1.4050     1.0041
 P       0.6860    0.0020    0.7433    0.9440     1.0177     1.3976     0.9915
 Mg      0.5399    0.0071    0.6188    1.0054     0.9951     1.6038     1.0013
 Ca      0.9309    0.0063    0.9642    0.9161     1.0465     1.0750     1.0001
 Ti      0.9487    0.0100    0.9761    0.8264     1.0529     1.1657     1.0035

Element  El. mass% Ox mass% Norm El%  Norm ox%  At prop  c/k-std   k-value   k-(std) 
 Na       2.95      3.98      2.93      3.95     1.145   0.9863   0.02992   1.50954  
 S        0.0180    0.0449    0.0179    0.0446   0.0050  0.9902   0.000182  0.033786  
 Fe       9.54     12.27      9.47     12.18     1.523   1.0002   0.09535   0.91659  
 Si      21.71     46.43     21.56     46.11     6.891   1.0111   0.21478   0.89654  
 Cl       0.0950    0.0950    0.0943    0.0943   0.0239  0.9860   0.000963  0.066380  
 F        0.1287    0.1287    0.1278    0.1278   0.0604  1.0226   0.001258  0.264386  
 K        1.02      1.23      1.01      1.22     0.233   0.9954   0.01026   1.50016  
 Mn       0.1860    0.2401    0.1847    0.2385   0.0302  1.0420   0.001785  0.005299  
 Al       7.87     14.88      7.82     14.77     2.602   1.0041   0.07842   1.17910  
 P        0.2317    0.5309    0.2300    0.5272   0.0667  0.9915   0.002336  1.366312  
 Mg       3.34      5.55      3.32      5.51     1.227   1.0013   0.03340   1.08491  
 Ca       8.42     11.78      8.36     11.70     1.873   1.0001   0.08420   1.25847  
 Ti       2.13      3.55      2.11      3.52     0.396   1.0035   0.02120   0.86691  
 O       43.06       -       42.76       -      24.000      -         -        
 -----------------------------------------------------------------------------
Total:  100.70    100.70    100.00    100.00    16.075




Unknown Specimen No. 43 
 Group        : bas-Glas        Sample  : 201216_Fr      
 UNK No.      :   43            Comment : UnknA-C22-PS1-L2_8                       
 Stage        :    X=   14.4965  Y=   66.5395  Z=   11.4855 
 Acc. Voltage :    15.0 (kV)    Probe Dia. : 5    Scan : Off 
 Dated on Dec 20 18:43 2016 
 WDS only       No. of accumulation : 1 

Curr.(A) : 1.006E-08 
Element Peak(mm) Net(cps)   Bg-   Bg+  S.D.(%)   D.L.(ppm)  
 1 Na   129.476    329.2    0.0   19.3    1.79      166 
 2 S    171.948      2.0    5.8    4.8   32.46      112 
 3 Fe   134.739    169.2    3.1    2.8    1.75      389 
 4 Si    77.822   3307.2   32.9   18.7    0.39      229 
 5 Cl   151.478     13.3    9.0    7.3    7.46       45 
 6 F    199.140      1.8    3.3    2.9   28.66      359 
 7 K    119.485    267.2   29.3   21.0    1.22       58 
 8 Mn   146.243      2.4    2.2    1.7   18.93      282 
 9 Al    90.995   1025.7   14.6   11.1    0.71      162 
10 P    197.118     18.5    2.7    3.0    5.99      151 
11 Mg   107.534    632.6   39.8    0.0    0.92      173 
12 Ca   107.121   2496.1   32.8   39.5    0.45       91 
13 Ti    88.305    605.4    0.0   47.0    0.94      128 


Element  f(chi)    If/Ip     abs-el    1/s-el      r-el      c/k-el    c/k-std
 Na      0.4037    0.0040    0.4819    0.9905     0.9879     2.1123     0.9870
 S       0.7694    0.0037    0.8215    0.9599     1.0247     1.2331     0.9902
 Fe      0.9809    0.0000    0.9969    0.8085     1.0561     1.1747     1.0003
 Si      0.7057    0.0013    0.7744    0.9849     1.0103     1.2961     1.0098
 Cl      0.8318    0.0069    0.8814    0.9109     1.0312     1.1997     0.9860
 F       0.1889    0.0014    0.2481    1.0160     0.9754     4.0621     1.0237
 K       0.9099    0.0185    0.9488    0.9018     1.0421     1.1012     0.9952
 Mn      0.9753    0.0000    0.9939    0.7969     1.0566     1.1950     1.0422
 Al      0.6489    0.0098    0.7278    0.9663     1.0027     1.4043     1.0036
 P       0.6860    0.0020    0.7433    0.9439     1.0177     1.3977     0.9915
 Mg      0.5400    0.0071    0.6190    1.0053     0.9951     1.6034     1.0010
 Ca      0.9310    0.0063    0.9643    0.9161     1.0465     1.0749     1.0000
 Ti      0.9486    0.0100    0.9760    0.8263     1.0529     1.1660     1.0037

Element  El. mass% Ox mass% Norm El%  Norm ox%  At prop  c/k-std   k-value   k-(std) 
 Na       2.90      3.91      2.87      3.87     1.120   0.9870   0.02937   1.48206  
 S        0.0152    0.0379    0.0150    0.0375   0.0042  0.9902   0.000153  0.028455  
 Fe       9.57     12.31      9.47     12.18     1.521   1.0003   0.09567   0.91966  
 Si      21.92     46.89     21.69     46.39     6.929   1.0098   0.21723   0.90677  
 Cl       0.0816    0.0816    0.0808    0.0808   0.0204  0.9860   0.000828  0.057053  
 F        0.1498    0.1498    0.1482    0.1482   0.0700  1.0237   0.001463  0.307408  
 K        0.9893    1.1918    0.9789    1.1792   0.2247  0.9952   0.009941  1.453362  
 Mn       0.1533    0.1979    0.1517    0.1958   0.0248  1.0422   0.001471  0.004367  
 Al       7.77     14.68      7.69     14.53     2.557   1.0036   0.07745   1.16448  
 P        0.2264    0.5189    0.2241    0.5134   0.0649  0.9915   0.002284  1.335570  
 Mg       3.33      5.52      3.29      5.46     1.216   1.0010   0.03327   1.08054  
 Ca       8.56     11.98      8.47     11.85     1.896   1.0000   0.08561   1.27942  
 Ti       2.16      3.60      2.14      3.56     0.400   1.0037   0.02151   0.87993  
 O       43.25       -       42.79       -      24.000      -         -        
 -----------------------------------------------------------------------------
Total:  101.07    101.07    100.00    100.00    16.049




Unknown Specimen No. 44 
 Group        : bas-Glas        Sample  : 201216_Fr      
 UNK No.      :   44            Comment : UnknA-C22-PS1-L2_9                       
 Stage        :    X=   14.9590  Y=   67.0540  Z=   11.4815 
 Acc. Voltage :    15.0 (kV)    Probe Dia. : 5    Scan : Off 
 Dated on Dec 20 18:47 2016 
 WDS only       No. of accumulation : 1 

Curr.(A) : 1.006E-08 
Element Peak(mm) Net(cps)   Bg-   Bg+  S.D.(%)   D.L.(ppm)  
 1 Na   129.476    345.1    0.0   19.0    1.75      165 
 2 S    171.948      1.5    6.5    5.2   42.71 ?    117 
 3 Fe   134.739    165.8    2.0    2.7    1.76      359 
 4 Si    77.822   3279.8   32.2   19.9    0.39      230 
 5 Cl   151.478     14.1    7.9    7.1    6.97       43 
 6 F    199.140      1.6    2.9    2.5   31.47      335 
 7 K    119.485    280.1   28.5   21.1    1.19       58 
 8 Mn   146.243      2.1    2.3    1.4   20.78      275 
 9 Al    90.995   1025.3   14.9    9.7    0.71      159 
10 P    197.118     19.8    2.2    2.5    5.63      138 
11 Mg   107.534    649.6   39.7    0.0    0.90      173 
12 Ca   107.121   2451.4   32.9   37.4    0.46       90 
13 Ti    88.305    597.7    0.0   45.1    0.95      125 


Element  f(chi)    If/Ip     abs-el    1/s-el      r-el      c/k-el    c/k-std
 Na      0.4053    0.0040    0.4837    0.9901     0.9881     2.1048     0.9834
 S       0.7693    0.0036    0.8214    0.9595     1.0249     1.2335     0.9904
 Fe      0.9810    0.0000    0.9969    0.8082     1.0562     1.1750     1.0005
 Si      0.7053    0.0013    0.7740    0.9845     1.0105     1.2970     1.0105
 Cl      0.8318    0.0068    0.8813    0.9105     1.0314     1.2000     0.9863
 F       0.1892    0.0014    0.2484    1.0156     0.9756     4.0582     1.0227
 K       0.9098    0.0183    0.9487    0.9014     1.0423     1.1017     0.9957
 Mn      0.9753    0.0000    0.9940    0.7966     1.0567     1.1952     1.0424
 Al      0.6487    0.0098    0.7276    0.9659     1.0029     1.4051     1.0041
 P       0.6860    0.0020    0.7433    0.9436     1.0179     1.3979     0.9917
 Mg      0.5406    0.0071    0.6197    1.0049     0.9953     1.6021     1.0002
 Ca      0.9309    0.0063    0.9642    0.9157     1.0466     1.0754     1.0004
 Ti      0.9487    0.0098    0.9761    0.8260     1.0531     1.1663     1.0040

Element  El. mass% Ox mass% Norm El%  Norm ox%  At prop  c/k-std   k-value   k-(std) 
 Na       3.03      4.08      3.01      4.06     1.175   0.9834   0.03079   1.55369  
 S        0.0118    0.0294    0.0117    0.0293   0.0033  0.9904   0.000119  0.022114  
 Fe       9.37     12.06      9.32     11.99     1.497   1.0005   0.09371   0.90077  
 Si      21.76     46.55     21.63     46.28     6.909   1.0105   0.21542   0.89925  
 Cl       0.0868    0.0868    0.0863    0.0863   0.0218  0.9863   0.000880  0.060649  
 F        0.1266    0.1266    0.1258    0.1258   0.0594  1.0227   0.001238  0.260029  
 K        1.04      1.25      1.03      1.24     0.237   0.9957   0.01042   1.52392  
 Mn       0.1337    0.1726    0.1329    0.1716   0.0217  1.0424   0.001283  0.003808  
 Al       7.77     14.69      7.73     14.60     2.569   1.0041   0.07742   1.16406  
 P        0.2424    0.5556    0.2410    0.5523   0.0698  0.9917   0.002445  1.429606  
 Mg       3.42      5.67      3.40      5.63     1.253   1.0002   0.03416   1.10954  
 Ca       8.41     11.77      8.36     11.70     1.872   1.0004   0.08407   1.25650  
 Ti       2.13      3.56      2.12      3.54     0.397   1.0040   0.02124   0.86879  
 O       43.06       -       42.80       -      24.000      -         -        
 -----------------------------------------------------------------------------
Total:  100.59    100.59    100.00    100.00    16.085




Unknown Specimen No. 45 
 Group        : bas-Glas        Sample  : 201216_Fr      
 UNK No.      :   45            Comment : UnknA-C22-PS1-L3_1                       
 Stage        :    X=   18.7920  Y=   64.5185  Z=   11.4640 
 Acc. Voltage :    15.0 (kV)    Probe Dia. : 5    Scan : Off 
 Dated on Dec 20 18:50 2016 
 WDS only       No. of accumulation : 1 

Curr.(A) : 1.007E-08 
Element Peak(mm) Net(cps)   Bg-   Bg+  S.D.(%)   D.L.(ppm)  
 1 Na   129.476    334.2    0.0   18.1    1.78      161 
 2 S    171.948      2.2    5.6    4.7   28.79      110 
 3 Fe   134.739    177.7    3.2    2.3    1.70      368 
 4 Si    77.822   3336.6   31.8   18.4    0.39      226 
 5 Cl   151.478     12.1    9.1    8.3    8.21       47 
 6 F    199.140      0.8    3.4    2.7   63.22 ?    357 
 7 K    119.485    243.6   29.5   23.1    1.29       59 
 8 Mn   146.243      3.2    1.9    1.5   14.56      261 
 9 Al    90.995   1066.1   14.4    9.4    0.69      156 
10 P    197.118     18.6    3.1    3.2    6.03      158 
11 Mg   107.534    622.0   45.3    0.0    0.93      184 
12 Ca   107.121   2296.3   34.2   37.7    0.47       91 
13 Ti    88.305    587.3    0.0   47.3    0.96      128 


Element  f(chi)    If/Ip     abs-el    1/s-el      r-el      c/k-el    c/k-std
 Na      0.4027    0.0040    0.4806    0.9906     0.9880     2.1176     0.9894
 S       0.7679    0.0034    0.8199    0.9600     1.0248     1.2356     0.9922
 Fe      0.9813    0.0000    0.9973    0.8086     1.0562     1.1741     0.9997
 Si      0.7037    0.0012    0.7723    0.9850     1.0104     1.2996     1.0125
 Cl      0.8307    0.0064    0.8801    0.9109     1.0313     1.2018     0.9877
 F       0.1903    0.0014    0.2499    1.0161     0.9755     4.0319     1.0161
 K       0.9092    0.0173    0.9481    0.9019     1.0422     1.1031     0.9970
 Mn      0.9758    0.0000    0.9945    0.7969     1.0567     1.1941     1.0414
 Al      0.6484    0.0098    0.7272    0.9663     1.0027     1.4054     1.0044
 P       0.6842    0.0018    0.7413    0.9440     1.0178     1.4014     0.9942
 Mg      0.5388    0.0071    0.6176    1.0054     0.9952     1.6067     1.0031
 Ca      0.9308    0.0065    0.9641    0.9162     1.0465     1.0749     1.0000
 Ti      0.9496    0.0107    0.9771    0.8264     1.0530     1.1637     1.0018

Element  El. mass% Ox mass% Norm El%  Norm ox%  At prop  c/k-std   k-value   k-(std) 
 Na       2.95      3.97      2.90      3.91     1.130   0.9894   0.02979   1.50309  
 S        0.0171    0.0428    0.0169    0.0421   0.0047  0.9922   0.000173  0.032071  
 Fe      10.03     12.91      9.89     12.72     1.583   0.9997   0.10038   0.96493  
 Si      22.15     47.37     21.82     46.68     6.949   1.0125   0.21894   0.91392  
 Cl       0.0741    0.0741    0.0730    0.0730   0.0184  0.9877   0.000750  0.051722  
 F        0.0627    0.0627    0.0618    0.0618   0.0291  1.0161   0.000618  0.129739  
 K        0.9029    1.0877    0.8897    1.0717   0.2035  0.9970   0.009057  1.324098  
 Mn       0.2034    0.2627    0.2005    0.2588   0.0326  1.0414   0.001953  0.005800  
 Al       8.07     15.26      7.96     15.03     2.638   1.0044   0.08042   1.20918  
 P        0.2284    0.5233    0.2250    0.5156   0.0650  0.9942   0.002297  1.343276  
 Mg       3.28      5.43      3.23      5.36     1.188   1.0031   0.03268   1.06146  
 Ca       7.87     11.01      7.75     10.85     1.730   1.0000   0.07868   1.17586  
 Ti       2.09      3.48      2.06      3.43     0.384   1.0018   0.02085   0.85281  
 O       43.57       -       42.93       -      24.000      -         -        
 -----------------------------------------------------------------------------
Total:  101.49    101.49    100.00    100.00    15.955




Unknown Specimen No. 46 
 Group        : bas-Glas        Sample  : 201216_Fr      
 UNK No.      :   46            Comment : UnknA-C22-PS1-L3_2                       
 Stage        :    X=   18.7840  Y=   64.9785  Z=   11.4645 
 Acc. Voltage :    15.0 (kV)    Probe Dia. : 5    Scan : Off 
 Dated on Dec 20 18:54 2016 
 WDS only       No. of accumulation : 1 

Curr.(A) : 1.007E-08 
Element Peak(mm) Net(cps)   Bg-   Bg+  S.D.(%)   D.L.(ppm)  
 1 Na   129.476    287.9    0.0   19.3    1.93      166 
 2 S    171.948      3.0    5.3    4.5   21.86      107 
 3 Fe   134.739    166.5    2.7    3.7    1.77      419 
 4 Si    77.822   3347.8   30.7   19.6    0.39      225 
 5 Cl   151.478     10.6    9.0    9.4    9.27       48 
 6 F    199.140      1.5    3.3    2.7   34.42 ?    356 
 7 K    119.485    206.2   28.1   21.6    1.42       58 
 8 Mn   146.243      1.5    1.8    2.7   30.04      309 
 9 Al    90.995   1069.5   17.5    9.2    0.69      166 
10 P    197.118     19.2    3.0    3.2    5.90      157 
11 Mg   107.534    644.9   41.7    0.0    0.91      177 
12 Ca   107.121   2546.3   31.8   37.6    0.45       89 
13 Ti    88.305    602.4    0.0   45.5    0.94      126 


Element  f(chi)    If/Ip     abs-el    1/s-el      r-el      c/k-el    c/k-std
 Na      0.4049    0.0040    0.4833    0.9897     0.9882     2.1071     0.9845
 S       0.7689    0.0036    0.8210    0.9591     1.0250     1.2346     0.9913
 Fe      0.9810    0.0000    0.9969    0.8079     1.0563     1.1754     1.0009
 Si      0.7061    0.0012    0.7748    0.9841     1.0106     1.2962     1.0098
 Cl      0.8314    0.0068    0.8810    0.9101     1.0315     1.2010     0.9871
 F       0.1885    0.0014    0.2475    1.0152     0.9757     4.0745     1.0268
 K       0.9097    0.0187    0.9486    0.9010     1.0424     1.1018     0.9958
 Mn      0.9753    0.0000    0.9940    0.7962     1.0568     1.1957     1.0428
 Al      0.6515    0.0099    0.7307    0.9655     1.0029     1.3993     1.0000
 P       0.6855    0.0020    0.7428    0.9432     1.0180     1.3995     0.9929
 Mg      0.5435    0.0072    0.6230    1.0045     0.9954     1.5939     0.9950
 Ca      0.9315    0.0062    0.9648    0.9153     1.0467     1.0751     1.0002
 Ti      0.9487    0.0097    0.9761    0.8257     1.0531     1.1669     1.0046

Element  El. mass% Ox mass% Norm El%  Norm ox%  At prop  c/k-std   k-value   k-(std) 
 Na       2.53      3.40      2.49      3.36     0.966   0.9845   0.02566   1.29472  
 S        0.0227    0.0567    0.0224    0.0559   0.0062  0.9913   0.000229  0.042559  
 Fe       9.41     12.10      9.28     11.94     1.482   1.0009   0.09401   0.90367  
 Si      22.16     47.41     21.86     46.77     6.940   1.0098   0.21967   0.91699  
 Cl       0.0653    0.0653    0.0644    0.0644   0.0162  0.9871   0.000661  0.045564  
 F        0.1217    0.1217    0.1201    0.1201   0.0563  1.0268   0.001185  0.249004  
 K        0.7632    0.9193    0.7529    0.9069   0.1717  0.9958   0.007664  1.120496  
 Mn       0.0964    0.1245    0.0951    0.1228   0.0154  1.0428   0.000925  0.002746  
 Al       8.07     15.24      7.96     15.03     2.629   1.0000   0.08068   1.21302  
 P        0.2359    0.5405    0.2327    0.5332   0.0670  0.9929   0.002376  1.389344  
 Mg       3.37      5.59      3.33      5.51     1.220   0.9950   0.03388   1.10050  
 Ca       8.73     12.21      8.61     12.04     1.915   1.0002   0.08724   1.30388  
 Ti       2.15      3.58      2.12      3.54     0.394   1.0046   0.02139   0.87469  
 O       43.66       -       43.07       -      24.000      -         -        
 -----------------------------------------------------------------------------
Total:  101.37    101.37    100.00    100.00    15.879




Unknown Specimen No. 47 
 Group        : bas-Glas        Sample  : 201216_Fr      
 UNK No.      :   47            Comment : UnknA-C22-PS1-L3_3                       
 Stage        :    X=   19.1025  Y=   64.6690  Z=   11.4645 
 Acc. Voltage :    15.0 (kV)    Probe Dia. : 5    Scan : Off 
 Dated on Dec 20 18:57 2016 
 WDS only       No. of accumulation : 1 

Curr.(A) : 1.006E-08 
Element Peak(mm) Net(cps)   Bg-   Bg+  S.D.(%)   D.L.(ppm)  
 1 Na   129.476    295.8    0.0   20.0    1.90      169 
 2 S    171.948      1.9    6.3    5.4   34.61 ?    117 
 3 Fe   134.739    160.2    3.3    3.5    1.81      424 
 4 Si    77.822   3341.4   32.9   17.7    0.39      227 
 5 Cl   151.478     12.4    8.2    7.2    7.77       44 
 6 F    199.140      0.8    3.7    2.7   60.70 ?    369 
 7 K    119.485     74.2   25.1   21.9    2.72       56 
 8 Mn   146.243      2.6    1.7    1.8   17.60      270 
 9 Al    90.995   1089.5   14.4   10.4    0.69      159 
10 P    197.118     16.2    3.3    3.5    6.67      165 
11 Mg   107.534    648.6   41.1    0.0    0.91      176 
12 Ca   107.121   2649.6   36.2   37.2    0.44       91 
13 Ti    88.305    585.8    0.0   48.5    0.96      130 


Element  f(chi)    If/Ip     abs-el    1/s-el      r-el      c/k-el    c/k-std
 Na      0.4068    0.0041    0.4856    0.9889     0.9885     2.0984     0.9804
 S       0.7688    0.0035    0.8208    0.9583     1.0253     1.2356     0.9922
 Fe      0.9810    0.0000    0.9970    0.8073     1.0564     1.1761     1.0014
 Si      0.7058    0.0012    0.7745    0.9833     1.0109     1.2974     1.0108
 Cl      0.8313    0.0066    0.8809    0.9094     1.0318     1.2020     0.9879
 F       0.1880    0.0014    0.2469    1.0143     0.9759     4.0863     1.0298
 K       0.9096    0.0195    0.9485    0.9003     1.0426     1.1017     0.9957
 Mn      0.9754    0.0000    0.9940    0.7956     1.0569     1.1963     1.0433
 Al      0.6525    0.0099    0.7318    0.9647     1.0033     1.3980     0.9991
 P       0.6851    0.0019    0.7423    0.9424     1.0183     1.4012     0.9940
 Mg      0.5448    0.0073    0.6245    1.0037     0.9957     1.5906     0.9930
 Ca      0.9326    0.0061    0.9660    0.9146     1.0469     1.0745     0.9996
 Ti      0.9487    0.0095    0.9761    0.8250     1.0533     1.1678     1.0053

Element  El. mass% Ox mass% Norm El%  Norm ox%  At prop  c/k-std   k-value   k-(std) 
 Na       2.59      3.49      2.56      3.45     0.989   0.9804   0.02639   1.33160  
 S        0.0148    0.0371    0.0147    0.0367   0.0041  0.9922   0.000150  0.027808  
 Fe       9.07     11.67      8.97     11.54     1.427   1.0014   0.09059   0.87080  
 Si      22.17     47.42     21.93     46.91     6.935   1.0108   0.21947   0.91614  
 Cl       0.0761    0.0761    0.0753    0.0753   0.0189  0.9879   0.000770  0.053097  
 F        0.0686    0.0686    0.0679    0.0679   0.0317  1.0298   0.000666  0.140010  
 K        0.2749    0.3311    0.2719    0.3275   0.0618  0.9957   0.002760  0.403581  
 Mn       0.1635    0.2111    0.1617    0.2088   0.0262  1.0433   0.001567  0.004653  
 Al       8.22     15.53      8.13     15.36     2.676   0.9991   0.08227   1.23695  
 P        0.1989    0.4557    0.1967    0.4508   0.0564  0.9940   0.002001  1.170029  
 Mg       3.39      5.62      3.35      5.55     1.224   0.9930   0.03411   1.10783  
 Ca       9.08     12.71      8.98     12.57     1.991   0.9996   0.09087   1.35810  
 Ti       2.09      3.49      2.07      3.45     0.384   1.0053   0.02082   0.85155  
 O       43.70       -       43.22       -      24.000      -         -        
 -----------------------------------------------------------------------------
Total:  101.10    101.10    100.00    100.00    15.826




Unknown Specimen No. 48 
 Group        : bas-Glas        Sample  : 201216_Fr      
 UNK No.      :   48            Comment : UnknA-C22-PS1-L3_4                       
 Stage        :    X=   19.5485  Y=   65.5010  Z=   11.4660 
 Acc. Voltage :    15.0 (kV)    Probe Dia. : 5    Scan : Off 
 Dated on Dec 20 19:01 2016 
 WDS only       No. of accumulation : 1 

Curr.(A) : 1.007E-08 
Element Peak(mm) Net(cps)   Bg-   Bg+  S.D.(%)   D.L.(ppm)  
 1 Na   129.476    275.0    0.0   18.0    1.97      160 
 2 S    171.948      3.6    5.4    4.9   18.99      110 
 3 Fe   134.739    164.8    2.8    2.8    1.77      382 
 4 Si    77.822   3339.2   27.0   18.9    0.39      214 
 5 Cl   151.478     14.3    7.9    6.5    6.81       42 
 6 F    199.140      1.5    3.3    3.5   35.03 ?    372 
 7 K    119.485    268.9   30.3   21.2    1.22       59 
 8 Mn   146.243      2.5    2.4    1.6   18.54      285 
 9 Al    90.995   1069.5   13.4   11.3    0.69      158 
10 P    197.118     17.6    2.5    2.2    6.01      135 
11 Mg   107.534    668.0   40.4    0.0    0.89      174 
12 Ca   107.121   2590.8   33.8   37.2    0.45       90 
13 Ti    88.305    587.2    0.0   47.7    0.96      129 


Element  f(chi)    If/Ip     abs-el    1/s-el      r-el      c/k-el    c/k-std
 Na      0.4050    0.0040    0.4834    0.9899     0.9880     2.1064     0.9842
 S       0.7695    0.0037    0.8216    0.9593     1.0249     1.2334     0.9904
 Fe      0.9808    0.0000    0.9968    0.8080     1.0562     1.1755     1.0009
 Si      0.7062    0.0013    0.7749    0.9843     1.0104     1.2958     1.0095
 Cl      0.8319    0.0070    0.8814    0.9103     1.0314     1.2001     0.9863
 F       0.1880    0.0013    0.2468    1.0154     0.9756     4.0851     1.0295
 K       0.9099    0.0189    0.9488    0.9012     1.0423     1.1013     0.9954
 Mn      0.9751    0.0000    0.9938    0.7964     1.0567     1.1957     1.0428
 Al      0.6515    0.0099    0.7307    0.9657     1.0028     1.3993     1.0000
 P       0.6861    0.0020    0.7434    0.9434     1.0179     1.3981     0.9918
 Mg      0.5443    0.0072    0.6240    1.0047     0.9953     1.5913     0.9935
 Ca      0.9310    0.0061    0.9643    0.9155     1.0466     1.0757     1.0007
 Ti      0.9482    0.0096    0.9756    0.8258     1.0530     1.1675     1.0050

Element  El. mass% Ox mass% Norm El%  Norm ox%  At prop  c/k-std   k-value   k-(std) 
 Na       2.41      3.25      2.37      3.20     0.923   0.9842   0.02451   1.23667  
 S        0.0273    0.0681    0.0268    0.0670   0.0075  0.9904   0.000275  0.051199  
 Fe       9.31     11.98      9.16     11.79     1.466   1.0009   0.09306   0.89457  
 Si      22.10     47.27     21.75     46.52     6.918   1.0095   0.21911   0.91462  
 Cl       0.0881    0.0881    0.0867    0.0867   0.0219  0.9863   0.000893  0.061545  
 F        0.1237    0.1237    0.1217    0.1217   0.0573  1.0295   0.001201  0.252397  
 K        0.9948    1.1984    0.9790    1.1793   0.2238  0.9954   0.009995  1.461213  
 Mn       0.1586    0.2048    0.1561    0.2015   0.0254  1.0428   0.001521  0.004515  
 Al       8.06     15.24      7.94     14.99     2.629   1.0000   0.08067   1.21296  
 P        0.2156    0.4940    0.2121    0.4861   0.0612  0.9918   0.002173  1.270940  
 Mg       3.49      5.78      3.43      5.69     1.261   0.9935   0.03509   1.13980  
 Ca       8.88     12.43      8.74     12.23     1.949   1.0007   0.08877   1.32667  
 Ti       2.10      3.50      2.06      3.44     0.385   1.0050   0.02085   0.85274  
 O       43.66       -       42.97       -      24.000      -         -        
 -----------------------------------------------------------------------------
Total:  101.62    101.62    100.00    100.00    15.928




Unknown Specimen No. 49 
 Group        : bas-Glas        Sample  : 201216_Fr      
 UNK No.      :   49            Comment : UnknA-C22-PS1-L3_5                       
 Stage        :    X=   19.3190  Y=   66.0355  Z=   11.4665 
 Acc. Voltage :    15.0 (kV)    Probe Dia. : 5    Scan : Off 
 Dated on Dec 20 19:04 2016 
 WDS only       No. of accumulation : 1 

Curr.(A) : 1.007E-08 
Element Peak(mm) Net(cps)   Bg-   Bg+  S.D.(%)   D.L.(ppm)  
 1 Na   129.476     35.1    0.0   13.6    6.29      139 
 2 S    171.948      1.7    4.9    4.1   35.09 ?    103 
 3 Fe   134.739    100.8    3.4    2.8    2.30      395 
 4 Si    77.822   3479.5   32.0   17.4    0.38      224 
 5 Cl   151.478      0.4    8.3    8.2  203.39 ?     45 
 6 F    199.140      0.6    3.3    2.0   76.98 ?    340 
 7 K    119.485      0.2   22.9   23.6  500.99 ?     55 
 8 Mn   146.243      1.9    1.5    1.7   22.42      262 
 9 Al    90.995    440.6   15.1    8.0    1.09      154 
10 P    197.118      0.1    2.9    4.3  844.59 ?    173 
11 Mg   107.534   1666.6   68.9    0.0    0.56      227 
12 Ca   107.121   4851.8   37.3   46.4    0.32       98 
13 Ti    88.305    385.9    0.0   47.8    1.21      129 


Element  f(chi)    If/Ip     abs-el    1/s-el      r-el      c/k-el    c/k-std
 Na      0.4185    0.0047    0.4995    0.9853     0.9881     2.0467     0.9563
 S       0.7799    0.0056    0.8327    0.9548     1.0249     1.2204     0.9800
 Fe      0.9783    0.0000    0.9942    0.8042     1.0562     1.1841     1.0083
 Si      0.7258    0.0018    0.7965    0.9797     1.0105     1.2659     0.9863
 F       0.1774    0.0011    0.2329    1.0106     0.9756     4.3500     1.0962
 Mn      0.9718    0.0000    0.9904    0.7926     1.0567     1.2055     1.0514
 Al      0.6415    0.0106    0.7195    0.9611     1.0029     1.4268     1.0196
 Mg      0.5705    0.0063    0.6540    1.0000     0.9953     1.5268     0.9532
 Ca      0.9370    0.0037    0.9706    0.9112     1.0466     1.0764     1.0013
 Ti      0.9395    0.0052    0.9667    0.8219     1.0531     1.1890     1.0236

Element  El. mass% Ox mass% Norm El%  Norm ox%  At prop  c/k-std   k-value   k-(std) 
 Na       0.2992    0.4033    0.2933    0.3954   0.1149  0.9563   0.003129  0.157860  
 S        0.0128    0.0320    0.0125    0.0313   0.0035  0.9800   0.000131  0.024275  
 Fe       5.74      7.38      5.63      7.24     0.907   1.0083   0.05694   0.54731  
 Si      22.49     48.11     22.05     47.17     7.067   0.9863   0.22831   0.95305  
 Cl       0.0022    0.0022    0.0022    0.0022   0.0006  0.9781   0.000023  0.001581 ?
 F        0.0528    0.0528    0.0518    0.0518   0.0245  1.0962   0.000482  0.101197  
 K        0.0009    0.0011    0.0009    0.0011   0.0002  0.9819   0.000009  0.001358 ?
 Mn       0.1193    0.1541    0.1170    0.1511   0.0192  1.0514   0.001135  0.003370  
 Al       3.39      6.40      3.32      6.28     1.108   1.0196   0.03324   0.49971  
 P        0.0009    0.0021    0.0009    0.0020   0.0003  0.9792   0.000009  0.005420 ?
 Mg       8.34     13.83      8.18     13.56     3.028   0.9532   0.08756   2.84383  
 Ca      16.64     23.28     16.31     22.83     3.664   1.0013   0.16623   2.48440  
 Ti       1.40      2.34      1.37      2.29     0.258   1.0236   0.01370   0.56030  
 O       43.51       -       42.66       -      24.000      -         -        
 -----------------------------------------------------------------------------
Total:  102.00    102.00    100.00    100.00    16.196




Unknown Specimen No. 50 
 Group        : bas-Glas        Sample  : 201216_Fr      
 UNK No.      :   50            Comment : UnknA-C22-PS1-L3_6                       
 Stage        :    X=   20.0500  Y=   66.1935  Z=   11.4665 
 Acc. Voltage :    15.0 (kV)    Probe Dia. : 5    Scan : Off 
 Dated on Dec 20 19:08 2016 
 WDS only       No. of accumulation : 1 

Curr.(A) : 1.007E-08 
Element Peak(mm) Net(cps)   Bg-   Bg+  S.D.(%)   D.L.(ppm)  
 1 Na   129.476    255.9    0.0   18.3    2.05      162 
 2 S    171.948      1.2    6.4    6.0   56.19 ?    121 
 3 Fe   134.739    164.5    2.7    3.0    1.78      389 
 4 Si    77.822   3386.5   31.8   16.3    0.39      222 
 5 Cl   151.478     11.3   10.2    8.0    8.77       48 
 6 F    199.140      0.9    3.7    3.3   56.54 ?    380 
 7 K    119.485    261.6   31.5   21.3    1.24       60 
 8 Mn   146.243      2.4    1.9    1.5   18.05      264 
 9 Al    90.995   1085.2   17.4   11.0    0.69      170 
10 P    197.118     18.7    2.1    2.7    5.84      140 
11 Mg   107.534    664.3   41.4    0.0    0.89      176 
12 Ca   107.121   2644.7   32.7   38.6    0.44       91 
13 Ti    88.305    587.6    0.0   47.5    0.96      128 


Element  f(chi)    If/Ip     abs-el    1/s-el      r-el      c/k-el    c/k-std
 Na      0.4052    0.0041    0.4837    0.9897     0.9881     2.1058     0.9839
 S       0.7693    0.0037    0.8214    0.9591     1.0249     1.2339     0.9908
 Fe      0.9808    0.0000    0.9968    0.8079     1.0562     1.1757     1.0011
 Si      0.7069    0.0013    0.7757    0.9841     1.0105     1.2947     1.0087
 Cl      0.8318    0.0070    0.8814    0.9101     1.0314     1.2003     0.9865
 F       0.1875    0.0013    0.2462    1.0152     0.9756     4.0964     1.0323
 K       0.9099    0.0191    0.9488    0.9010     1.0423     1.1013     0.9953
 Mn      0.9751    0.0000    0.9937    0.7962     1.0567     1.1960     1.0431
 Al      0.6529    0.0100    0.7323    0.9655     1.0028     1.3965     0.9980
 P       0.6860    0.0020    0.7433    0.9432     1.0179     1.3986     0.9922
 Mg      0.5456    0.0073    0.6254    1.0045     0.9953     1.5877     0.9912
 Ca      0.9311    0.0061    0.9644    0.9153     1.0466     1.0758     1.0008
 Ti      0.9481    0.0095    0.9754    0.8257     1.0530     1.1680     1.0055

Element  El. mass% Ox mass% Norm El%  Norm ox%  At prop  c/k-std   k-value   k-(std) 
 Na       2.24      3.02      2.19      2.96     0.851   0.9839   0.02281   1.15072  
 S        0.0092    0.0229    0.0090    0.0224   0.0025  0.9908   0.000092  0.017191 ?
 Fe       9.30     11.96      9.09     11.70     1.451   1.0011   0.09292   0.89320  
 Si      22.38     47.88     21.88     46.81     6.945   1.0087   0.22222   0.92760  
 Cl       0.0692    0.0692    0.0677    0.0677   0.0170  0.9865   0.000701  0.048341  
 F        0.0759    0.0759    0.0742    0.0742   0.0348  1.0323   0.000735  0.154380  
 K        0.9677    1.1657    0.9462    1.1398   0.2157  0.9953   0.009723  1.421481  
 Mn       0.1551    0.2003    0.1517    0.1959   0.0246  1.0431   0.001487  0.004416  
 Al       8.17     15.43      7.98     15.09     2.638   0.9980   0.08186   1.23084  
 P        0.2296    0.5261    0.2245    0.5144   0.0646  0.9922   0.002314  1.353140  
 Mg       3.46      5.74      3.38      5.61     1.240   0.9912   0.03491   1.13365  
 Ca       9.07     12.69      8.87     12.40     1.972   1.0008   0.09061   1.35425  
 Ti       2.10      3.50      2.05      3.42     0.382   1.0055   0.02086   0.85332  
 O       44.06       -       43.08       -      24.000      -         -        
 -----------------------------------------------------------------------------
Total:  102.28    102.28    100.00    100.00    15.837




Unknown Specimen No. 51 
 Group        : bas-Glas        Sample  : 201216_Fr      
 UNK No.      :   51            Comment : UnknA-C22-PS1-L3_7                       
 Stage        :    X=   21.1185  Y=   65.9955  Z=   11.4625 
 Acc. Voltage :    15.0 (kV)    Probe Dia. : 5    Scan : Off 
 Dated on Dec 20 19:11 2016 
 WDS only       No. of accumulation : 1 

Curr.(A) : 1.007E-08 
Element Peak(mm) Net(cps)   Bg-   Bg+  S.D.(%)   D.L.(ppm)  
 1 Na   129.476    313.2    0.0   17.7    1.84      159 
 2 S    171.948      2.8    6.3    5.4   24.42      117 
 3 Fe   134.739    165.5    2.7    2.9    1.77      384 
 4 Si    77.822   3355.5   29.1   17.3    0.39      217 
 5 Cl   151.478     13.0    8.5    8.1    7.61       46 
 6 F    199.140      1.1    4.2    2.9   49.03 ?    388 
 7 K    119.485    203.4   28.9   21.3    1.44       58 
 8 Mn   146.243      2.3    2.3    1.9   19.89      292 
 9 Al    90.995   1072.7   18.2    9.9    0.69      170 
10 P    197.118     17.2    2.9    2.6    6.19      147 
11 Mg   107.534    641.1   41.5    0.0    0.91      176 
12 Ca   107.121   2473.0   33.9   36.6    0.46       90 
13 Ti    88.305    588.9    0.0   47.1    0.96      128 


Element  f(chi)    If/Ip     abs-el    1/s-el      r-el      c/k-el    c/k-std
 Na      0.4059    0.0040    0.4844    0.9894     0.9883     2.1025     0.9824
 S       0.7686    0.0035    0.8206    0.9589     1.0252     1.2354     0.9920
 Fe      0.9811    0.0000    0.9971    0.8077     1.0564     1.1755     1.0009
 Si      0.7057    0.0012    0.7744    0.9839     1.0107     1.2970     1.0105
 Cl      0.8312    0.0066    0.8807    0.9099     1.0316     1.2018     0.9877
 F       0.1889    0.0014    0.2480    1.0149     0.9758     4.0658     1.0246
 K       0.9095    0.0183    0.9484    0.9008     1.0425     1.1026     0.9966
 Mn      0.9755    0.0000    0.9941    0.7960     1.0569     1.1956     1.0427
 Al      0.6513    0.0099    0.7304    0.9652     1.0031     1.4001     1.0005
 P       0.6849    0.0019    0.7421    0.9429     1.0181     1.4009     0.9938
 Mg      0.5430    0.0072    0.6225    1.0042     0.9956     1.5954     0.9960
 Ca      0.9313    0.0062    0.9647    0.9151     1.0468     1.0754     1.0005
 Ti      0.9490    0.0098    0.9764    0.8255     1.0532     1.1666     1.0043

Element  El. mass% Ox mass% Norm El%  Norm ox%  At prop  c/k-std   k-value   k-(std) 
 Na       2.74      3.70      2.71      3.65     1.049   0.9824   0.02792   1.40857  
 S        0.0217    0.0542    0.0214    0.0535   0.0060  0.9920   0.000219  0.040651  
 Fe       9.35     12.03      9.23     11.88     1.473   1.0009   0.09347   0.89845  
 Si      22.23     47.55     21.94     46.94     6.961   1.0105   0.22018   0.91911  
 Cl       0.0802    0.0802    0.0792    0.0792   0.0199  0.9877   0.000812  0.055962  
 F        0.0900    0.0900    0.0888    0.0888   0.0416  1.0246   0.000878  0.184444  
 K        0.7536    0.9078    0.7439    0.8961   0.1695  0.9966   0.007562  1.105606  
 Mn       0.1484    0.1917    0.1465    0.1892   0.0238  1.0427   0.001424  0.004227  
 Al       8.09     15.29      7.99     15.10     2.639   1.0005   0.08092   1.21666  
 P        0.2117    0.4851    0.2090    0.4788   0.0601  0.9938   0.002130  1.245648  
 Mg       3.35      5.56      3.31      5.49     1.214   0.9960   0.03368   1.09392  
 Ca       8.48     11.86      8.37     11.71     1.860   1.0005   0.08473   1.26632  
 Ti       2.10      3.50      2.07      3.46     0.386   1.0043   0.02091   0.85514  
 O       43.66       -       43.09       -      24.000      -         -        
 -----------------------------------------------------------------------------
Total:  101.31    101.31    100.00    100.00    15.903




Unknown Specimen No. 52 
 Group        : bas-Glas        Sample  : 201216_Fr      
 UNK No.      :   52            Comment : UnknA-C22-PS1-L3_8                       
 Stage        :    X=   21.4720  Y=   65.7015  Z=   11.4635 
 Acc. Voltage :    15.0 (kV)    Probe Dia. : 5    Scan : Off 
 Dated on Dec 20 19:15 2016 
 WDS only       No. of accumulation : 1 

Curr.(A) : 1.007E-08 
Element Peak(mm) Net(cps)   Bg-   Bg+  S.D.(%)   D.L.(ppm)  
 1 Na   129.476    317.7    0.0   19.9    1.83      168 
 2 S    171.948      2.0    5.3    5.7   32.71      115 
 3 Fe   134.739    155.9    2.9    3.2    1.83      402 
 4 Si    77.822   3395.9   31.0   16.2    0.39      220 
 5 Cl   151.478     10.7    7.9    9.5    9.08       47 
 6 F    199.140      1.3    2.6    4.1   38.48 ?    361 
 7 K    119.485    164.3   25.8   19.7    1.62       55 
 8 Mn   146.243      1.8    2.0    2.3   25.37      299 
 9 Al    90.995   1087.9   13.8    8.9    0.69      152 
10 P    197.118     17.8    3.8    2.2    6.08      149 
11 Mg   107.534    653.0   41.8    0.0    0.90      177 
12 Ca   107.121   2560.2   34.1   37.6    0.45       91 
13 Ti    88.305    597.6    0.0   42.8    0.95      122 


Element  f(chi)    If/Ip     abs-el    1/s-el      r-el      c/k-el    c/k-std
 Na      0.4092    0.0041    0.4884    0.9882     0.9888     2.0870     0.9751
 S       0.7687    0.0035    0.8207    0.9577     1.0256     1.2361     0.9926
 Fe      0.9810    0.0000    0.9970    0.8068     1.0566     1.1766     1.0019
 Si      0.7070    0.0012    0.7758    0.9827     1.0112     1.2956     1.0094
 Cl      0.8313    0.0066    0.8808    0.9088     1.0321     1.2025     0.9883
 F       0.1881    0.0013    0.2470    1.0136     0.9762     4.0858     1.0296
 K       0.9096    0.0187    0.9485    0.8998     1.0429     1.1029     0.9968
 Mn      0.9754    0.0000    0.9940    0.7951     1.0571     1.1968     1.0438
 Al      0.6535    0.0101    0.7330    0.9640     1.0036     1.3961     0.9977
 P       0.6851    0.0019    0.7423    0.9418     1.0186     1.4016     0.9943
 Mg      0.5461    0.0073    0.6260    1.0030     0.9960     1.5875     0.9911
 Ca      0.9318    0.0060    0.9651    0.9140     1.0472     1.0760     1.0010
 Ti      0.9488    0.0091    0.9762    0.8245     1.0536     1.1685     1.0059

Element  El. mass% Ox mass% Norm El%  Norm ox%  At prop  c/k-std   k-value   k-(std) 
 Na       2.76      3.72      2.72      3.66     1.048   0.9751   0.02832   1.42883  
 S        0.0155    0.0387    0.0153    0.0381   0.0042  0.9926   0.000156  0.029041  
 Fe       8.82     11.34      8.67     11.16     1.378   1.0019   0.08803   0.84622  
 Si      22.47     48.06     22.10     47.27     6.981   1.0094   0.22283   0.93015  
 Cl       0.0657    0.0657    0.0646    0.0646   0.0162  0.9883   0.000665  0.045828  
 F        0.1074    0.1074    0.1056    0.1056   0.0493  1.0296   0.001043  0.219107  
 K        0.6088    0.7333    0.5988    0.7213   0.1359  0.9968   0.006107  0.892852  
 Mn       0.1139    0.1470    0.1120    0.1446   0.0181  1.0438   0.001091  0.003239  
 Al       8.18     15.46      8.05     15.21     2.648   0.9977   0.08206   1.23386  
 P        0.2187    0.5012    0.2151    0.4930   0.0616  0.9943   0.002200  1.286296  
 Mg       3.40      5.64      3.34      5.55     1.221   0.9911   0.03431   1.11434  
 Ca       8.78     12.28      8.64     12.08     1.912   1.0010   0.08772   1.31096  
 Ti       2.13      3.56      2.10      3.50     0.389   1.0059   0.02122   0.86786  
 O       43.99       -       43.27       -      24.000      -         -        
 -----------------------------------------------------------------------------
Total:  101.67    101.67    100.00    100.00    15.862




Unknown Specimen No. 53 
 Group        : bas-Glas        Sample  : 201216_Fr      
 UNK No.      :   53            Comment : UnknA-C22-PS1-L3_9                       
 Stage        :    X=   21.2760  Y=   65.0955  Z=   11.4635 
 Acc. Voltage :    15.0 (kV)    Probe Dia. : 5    Scan : Off 
 Dated on Dec 20 19:18 2016 
 WDS only       No. of accumulation : 1 

Curr.(A) : 1.007E-08 
Element Peak(mm) Net(cps)   Bg-   Bg+  S.D.(%)   D.L.(ppm)  
 1 Na   129.476    332.8    0.0   21.4    1.79      175 
 2 S    171.948      3.1    6.3    4.7   21.72      113 
 3 Fe   134.739    146.4    1.8    2.9    1.88      364 
 4 Si    77.822   3400.9   29.0   20.1    0.39      222 
 5 Cl   151.478     12.6    7.3    6.9    7.52       42 
 6 F    199.140      0.5    4.1    2.9  107.96 ?    386 
 7 K    119.485    288.7   35.1   21.1    1.18       62 
 8 Mn   146.243      2.0    2.1    2.2   23.05      299 
 9 Al    90.995   1105.7   15.2    9.1    0.68      158 
10 P    197.118     21.3    2.2    2.5    5.39      138 
11 Mg   107.534    639.3   41.6    0.0    0.91      177 
12 Ca   107.121   2419.1   34.6   33.9    0.46       88 
13 Ti    88.305    609.2    0.0   49.5    0.94      131 


Element  f(chi)    If/Ip     abs-el    1/s-el      r-el      c/k-el    c/k-std
 Na      0.4125    0.0041    0.4924    0.9874     0.9892     2.0708     0.9675
 S       0.7686    0.0035    0.8207    0.9570     1.0260     1.2367     0.9930
 Fe      0.9810    0.0000    0.9970    0.8062     1.0568     1.1773     1.0024
 Si      0.7079    0.0012    0.7769    0.9819     1.0116     1.2943     1.0084
 Cl      0.8312    0.0067    0.8807    0.9081     1.0324     1.2030     0.9887
 F       0.1876    0.0013    0.2463    1.0128     0.9766     4.0988     1.0329
 K       0.9095    0.0177    0.9484    0.8991     1.0432     1.1045     0.9983
 Mn      0.9753    0.0000    0.9940    0.7946     1.0573     1.1975     1.0444
 Al      0.6559    0.0102    0.7357    0.9633     1.0040     1.3914     0.9943
 P       0.6852    0.0019    0.7425    0.9411     1.0190     1.4018     0.9945
 Mg      0.5484    0.0074    0.6287    1.0022     0.9964     1.5811     0.9871
 Ca      0.9306    0.0059    0.9639    0.9133     1.0475     1.0780     1.0029
 Ti      0.9488    0.0086    0.9762    0.8239     1.0539     1.1696     1.0069

Element  El. mass% Ox mass% Norm El%  Norm ox%  At prop  c/k-std   k-value   k-(std) 
 Na       2.87      3.87      2.83      3.82     1.091   0.9675   0.02967   1.49679  
 S        0.0240    0.0599    0.0237    0.0592   0.0065  0.9930   0.000242  0.044911  
 Fe       8.29     10.66      8.18     10.52     1.296   1.0024   0.08267   0.79469  
 Si      22.48     48.10     22.20     47.49     6.994   1.0084   0.22316   0.93154  
 Cl       0.0774    0.0774    0.0764    0.0764   0.0191  0.9887   0.000783  0.053963  
 F        0.0395    0.0395    0.0390    0.0390   0.0182  1.0329   0.000382  0.080298  
 K        1.07      1.29      1.06      1.27     0.239   0.9983   0.01073   1.56870  
 Mn       0.1273    0.1643    0.1256    0.1622   0.0202  1.0444   0.001219  0.003618  
 Al       8.29     15.67      8.19     15.47     2.685   0.9943   0.08341   1.25410  
 P        0.2613    0.5988    0.2580    0.5912   0.0737  0.9945   0.002628  1.536582  
 Mg       3.31      5.50      3.27      5.43     1.191   0.9871   0.03359   1.09084  
 Ca       8.31     11.63      8.21     11.48     1.812   1.0029   0.08288   1.23873  
 Ti       2.18      3.63      2.15      3.59     0.397   1.0069   0.02163   0.88459  
 O       43.95       -       43.39       -      24.000      -         -        
 -----------------------------------------------------------------------------
Total:  101.28    101.28    100.00    100.00    15.845




Unknown Specimen No. 54 
 Group        : bas-Glas        Sample  : 201216_Fr      
 UNK No.      :   54            Comment : VGA99_                                   
 Stage        :    X=   42.5180  Y=   29.7050  Z=   11.4010 
 Acc. Voltage :    15.0 (kV)    Probe Dia. : 5    Scan : Off 
 Dated on Dec 20 19:22 2016 
 WDS only       No. of accumulation : 1 

Curr.(A) : 1.007E-08 
Element Peak(mm) Net(cps)   Bg-   Bg+  S.D.(%)   D.L.(ppm)  
 1 Na   129.476    233.2    0.0   16.2    2.14      152 
 2 S    171.948      2.4    5.4    4.6   26.36      108 
 3 Fe   134.739    187.9    1.7    3.8    1.66      403 
 4 Si    77.822   3669.5   27.2   17.7    0.37      213 
 5 Cl   151.478      3.3   10.5    7.7   25.83       48 
 6 F    199.140      0.6    3.6    3.3   89.62 ?    378 
 7 K    119.485    182.4   27.1   22.3    1.53       57 
 8 Mn   146.243      2.5    2.1    1.7   18.16      280 
 9 Al    90.995    872.9   13.4   10.3    0.77      155 
10 P    197.118     15.0    3.0    2.4    6.72      144 
11 Mg   107.534    602.1   38.0    0.0    0.94      169 
12 Ca   107.121   1957.5   33.1   32.6    0.51       86 
13 Ti    88.305    689.1    0.0   48.9    0.88      130 


Element  f(chi)    If/Ip     abs-el    1/s-el      r-el      c/k-el    c/k-std
 Na      0.3980    0.0040    0.4750    0.9904     0.9879     2.1431     1.0013
 S       0.7652    0.0030    0.8170    0.9598     1.0247     1.2408     0.9963
 Fe      0.9817    0.0000    0.9976    0.8085     1.0561     1.1740     0.9996
 Si      0.7126    0.0010    0.7820    0.9848     1.0102     1.2840     1.0003
 Cl      0.8286    0.0057    0.8780    0.9108     1.0312     1.2059     0.9911
 F       0.1901    0.0014    0.2496    1.0159     0.9754     4.0370     1.0174
 K       0.9082    0.0158    0.9470    0.9017     1.0421     1.1063     0.9999
 Mn      0.9762    0.0000    0.9949    0.7968     1.0566     1.1939     1.0413
 Al      0.6495    0.0109    0.7284    0.9662     1.0026     1.4019     1.0019
 P       0.6807    0.0016    0.7375    0.9438     1.0177     1.4093     0.9998
 Mg      0.5396    0.0072    0.6185    1.0052     0.9951     1.6048     1.0019
 Ca      0.9305    0.0073    0.9638    0.9160     1.0464     1.0746     0.9997
 Ti      0.9513    0.0115    0.9788    0.8263     1.0529     1.1610     0.9995

Element  El. mass% Ox mass% Norm El%  Norm ox%  At prop  c/k-std   k-value   k-(std) 
 Na       2.08      2.80      2.07      2.79     0.792   1.0013   0.02078   1.04857  
 S        0.0187    0.0467    0.0186    0.0463   0.0051  0.9963   0.000188  0.034854  
 Fe      10.61     13.65     10.54     13.55     1.661   0.9996   0.10613   1.02021  
 Si      24.07     51.50     23.91     51.15     7.496   1.0003   0.24079   1.00512  
 Cl       0.0201    0.0201    0.0200    0.0200   0.0050  0.9911   0.000203  0.013970  
 F        0.0459    0.0459    0.0455    0.0455   0.0211  1.0174   0.000451  0.094688  
 K        0.6780    0.8168    0.6734    0.8112   0.1517  0.9999   0.006781  0.991394  
 Mn       0.1607    0.2075    0.1596    0.2061   0.0256  1.0413   0.001543  0.004582  
 Al       6.60     12.46      6.55     12.38     2.138   1.0019   0.06585   0.99001  
 P        0.1856    0.4254    0.1844    0.4225   0.0524  0.9998   0.001857  1.085764  
 Mg       3.17      5.25      3.15      5.22     1.140   1.0019   0.03163   1.02743  
 Ca       6.70      9.38      6.66      9.32     1.463   0.9997   0.06707   1.00235  
 Ti       2.45      4.08      2.43      4.05     0.446   0.9995   0.02447   1.00065  
 O       43.90       -       43.60       -      24.000      -         -        
 -----------------------------------------------------------------------------
Total:  100.69    100.69    100.00    100.00    15.397




Unknown Specimen No. 55 
 Group        : bas-Glas        Sample  : 201216_Fr      
 UNK No.      :   55            Comment : VGA99_                                   
 Stage        :    X=   42.3735  Y=   29.7465  Z=   11.4010 
 Acc. Voltage :    15.0 (kV)    Probe Dia. : 5    Scan : Off 
 Dated on Dec 20 19:25 2016 
 WDS only       No. of accumulation : 1 

Curr.(A) : 1.008E-08 
Element Peak(mm) Net(cps)   Bg-   Bg+  S.D.(%)   D.L.(ppm)  
 1 Na   129.476    212.9    0.0   18.2    2.26      161 
 2 S    171.948      0.8    5.7    5.8   78.17 ?    117 
 3 Fe   134.739    185.2    2.5    2.4    1.67      356 
 4 Si    77.822   3666.2   30.7   19.6    0.37      225 
 5 Cl   151.478      2.9    8.1    8.3   27.44       45 
 6 F    199.140      0.9    3.7    3.1   56.31 ?    378 
 7 K    119.485    182.2   27.1   22.3    1.53       57 
 8 Mn   146.243      2.0    2.3    1.6   22.21      282 
 9 Al    90.995    878.7   18.6    8.7    0.77      168 
10 P    197.118     13.6    2.9    2.2    7.09      140 
11 Mg   107.534    596.0   39.5    0.0    0.95      172 
12 Ca   107.121   1956.8   33.3   34.8    0.51       88 
13 Ti    88.305    689.0    0.0   47.1    0.88      128 


Element  f(chi)    If/Ip     abs-el    1/s-el      r-el      c/k-el    c/k-std
 Na      0.3984    0.0040    0.4755    0.9902     0.9879     2.1416     1.0006
 S       0.7652    0.0030    0.8170    0.9596     1.0248     1.2411     0.9966
 Fe      0.9816    0.0000    0.9976    0.8083     1.0561     1.1742     0.9999
 Si      0.7131    0.0010    0.7826    0.9846     1.0103     1.2833     0.9997
 Cl      0.8286    0.0057    0.8780    0.9106     1.0312     1.2061     0.9913
 F       0.1899    0.0014    0.2493    1.0157     0.9755     4.0428     1.0188
 K       0.9082    0.0158    0.9470    0.9015     1.0422     1.1065     1.0000
 Mn      0.9761    0.0000    0.9948    0.7966     1.0566     1.1942     1.0415
 Al      0.6508    0.0109    0.7299    0.9659     1.0027     1.3993     1.0000
 P       0.6805    0.0016    0.7374    0.9436     1.0177     1.4099     1.0002
 Mg      0.5410    0.0072    0.6201    1.0050     0.9951     1.6009     0.9994
 Ca      0.9305    0.0072    0.9638    0.9158     1.0465     1.0749     0.9999
 Ti      0.9512    0.0114    0.9787    0.8261     1.0529     1.1615     0.9999

Element  El. mass% Ox mass% Norm El%  Norm ox%  At prop  c/k-std   k-value   k-(std) 
 Na       1.90      2.56      1.90      2.56     0.725   1.0006   0.01895   0.95629  
 S        0.0063    0.0158    0.0063    0.0158   0.0017  0.9966   0.000064  0.011823 ?
 Fe      10.45     13.44     10.45     13.44     1.645   0.9999   0.10449   1.00446  
 Si      24.03     51.40     24.02     51.39     7.519   0.9997   0.24033   1.00319  
 Cl       0.0181    0.0181    0.0181    0.0181   0.0045  0.9913   0.000182  0.012552  
 F        0.0749    0.0749    0.0749    0.0749   0.0347  1.0188   0.000735  0.154448  
 K        0.6766    0.8150    0.6765    0.8149   0.1521  1.0000   0.006766  0.989124  
 Mn       0.1261    0.1629    0.1261    0.1629   0.0202  1.0415   0.001211  0.003596  
 Al       6.62     12.51      6.62     12.51     2.158   1.0000   0.06622   0.99565  
 P        0.1678    0.3845    0.1678    0.3844   0.0476  1.0002   0.001677  0.980911  
 Mg       3.13      5.18      3.13      5.18     1.131   0.9994   0.03129   1.01609  
 Ca       6.70      9.37      6.70      9.37     1.469   0.9999   0.06698   1.00102  
 Ti       2.44      4.08      2.44      4.08     0.448   0.9999   0.02444   0.99958  
 O       43.68       -       43.68       -      24.000      -         -        
 -----------------------------------------------------------------------------
Total:  100.01    100.01    100.00    100.00    15.356




Unknown Specimen No. 56 
 Group        : bas-Glas        Sample  : 201216_Fr      
 UNK No.      :   56            Comment : VG-2_                                    
 Stage        :    X=   60.2780  Y=   33.6935  Z=   11.3740 
 Acc. Voltage :    15.0 (kV)    Probe Dia. : 5    Scan : Off 
 Dated on Dec 20 19:29 2016 
 WDS only       No. of accumulation : 1 

Curr.(A) : 1.008E-08 
Element Peak(mm) Net(cps)   Bg-   Bg+  S.D.(%)   D.L.(ppm)  
 1 Na   129.476    238.6    0.0   19.7    2.13      167 
 2 S    171.948     18.9    6.1    5.1    5.30      115 
 3 Fe   134.739    162.4    3.7    3.2    1.79      418 
 4 Si    77.822   3630.7   30.4   16.3    0.37      218 
 5 Cl   151.478      5.6    7.8    8.7   15.45       46 
 6 F    199.140      0.2    2.7    2.8  240.25 ?    333 
 7 K    119.485     43.4   22.6   21.3    3.95       54 
 8 Mn   146.243      2.4    2.1    1.9   19.42      288 
 9 Al    90.995    979.9   16.2    8.2    0.72      158 
10 P    197.118      6.0    3.1    2.8   12.83      152 
11 Mg   107.534    831.3   43.2    0.0    0.80      180 
12 Ca   107.121   2346.8   36.9   36.1    0.47       91 
13 Ti    88.305    312.1    0.0   47.8    1.36      129 


Element  f(chi)    If/Ip     abs-el    1/s-el      r-el      c/k-el    c/k-std
 Na      0.4110    0.0043    0.4905    0.9856     0.9896     2.0812     0.9724
 S       0.7656    0.0030    0.8174    0.9552     1.0264     1.2441     0.9989
 Fe      0.9821    0.0000    0.9981    0.8048     1.0570     1.1778     1.0029
 Si      0.7105    0.0010    0.7797    0.9801     1.0120     1.2918     1.0064
 Cl      0.8284    0.0057    0.8777    0.9065     1.0328     1.2101     0.9945
 F       0.1910    0.0014    0.2508    1.0109     0.9769     4.0318     1.0160
 K       0.9080    0.0168    0.9469    0.8975     1.0436     1.1090     1.0023
 Mn      0.9768    0.0000    0.9955    0.7932     1.0576     1.1976     1.0444
 Al      0.6525    0.0107    0.7318    0.9615     1.0044     1.4000     1.0005
 P       0.6804    0.0017    0.7373    0.9393     1.0194     1.4141     1.0032
 Mg      0.5520    0.0074    0.6328    1.0003     0.9968     1.5731     0.9821
 Ca      0.9317    0.0050    0.9651    0.9117     1.0479     1.0792     1.0040
 Ti      0.9498    0.0100    0.9773    0.8224     1.0541     1.1686     1.0060

Element  El. mass% Ox mass% Norm El%  Norm ox%  At prop  c/k-std   k-value   k-(std) 
 Na       2.07      2.78      2.05      2.76     0.778   0.9724   0.02124   1.07181  
 S        0.1450    0.3621    0.1436    0.3586   0.0392  0.9989   0.001452  0.269843  
 Fe       9.19     11.82      9.10     11.70     1.424   1.0029   0.09161   0.88059  
 Si      23.94     51.20     23.70     50.71     7.376   1.0064   0.23800   0.99348  
 Cl       0.0345    0.0345    0.0341    0.0341   0.0084  0.9945   0.000346  0.023876  
 F        0.0147    0.0147    0.0145    0.0145   0.0067  1.0160   0.000144  0.030327 ?
 K        0.1615    0.1945    0.1599    0.1926   0.0357  1.0023   0.001611  0.235518  
 Mn       0.1517    0.1959    0.1502    0.1940   0.0239  1.0444   0.001453  0.004313  
 Al       7.39     13.96      7.31     13.82     2.370   1.0005   0.07385   1.11030  
 P        0.0748    0.1713    0.0740    0.1697   0.0209  1.0032   0.000745  0.435860  
 Mg       4.28      7.10      4.24      7.04     1.526   0.9821   0.04363   1.41712  
 Ca       8.06     11.28      7.99     11.17     1.742   1.0040   0.08033   1.20054  
 Ti       1.11      1.86      1.10      1.84     0.201   1.0060   0.01107   0.45274  
 O       44.36       -       43.93       -      24.000      -         -        
 -----------------------------------------------------------------------------
Total:  100.98    100.98    100.00    100.00    15.550




Unknown Specimen No. 57 
 Group        : bas-Glas        Sample  : 201216_Fr      
 UNK No.      :   57            Comment : VG-2_                                    
 Stage        :    X=   60.0725  Y=   33.7340  Z=   11.3740 
 Acc. Voltage :    15.0 (kV)    Probe Dia. : 5    Scan : Off 
 Dated on Dec 20 19:32 2016 
 WDS only       No. of accumulation : 1 

Curr.(A) : 1.008E-08 
Element Peak(mm) Net(cps)   Bg-   Bg+  S.D.(%)   D.L.(ppm)  
 1 Na   129.476    239.5    0.0   16.1    2.11      151 
 2 S    171.948     19.4    5.8    5.1    5.18      113 
 3 Fe   134.739    160.6    2.9    3.2    1.80      402 
 4 Si    77.822   3649.7   32.3   18.7    0.37      227 
 5 Cl   151.478      4.9    7.8    7.9   16.95       44 
 6 F    199.140      0.3    3.9    2.3  158.15 ?    364 
 7 K    119.485     42.5   23.9   21.5    4.05       55 
 8 Mn   146.243      3.1    1.3    1.9   14.92      264 
 9 Al    90.995    988.4   16.2    9.1    0.72      161 
10 P    197.118      7.4    2.7    2.7   10.83      146 
11 Mg   107.534    844.7   38.3    0.0    0.79      169 
12 Ca   107.121   2363.3   33.6   34.9    0.47       88 
13 Ti    88.305    313.4    0.0   42.0    1.35      121 


Element  f(chi)    If/Ip     abs-el    1/s-el      r-el      c/k-el    c/k-std
 Na      0.4117    0.0044    0.4913    0.9854     0.9897     2.0780     0.9709
 S       0.7656    0.0030    0.8175    0.9550     1.0265     1.2442     0.9990
 Fe      0.9821    0.0000    0.9981    0.8046     1.0570     1.1780     1.0030
 Si      0.7106    0.0010    0.7798    0.9799     1.0121     1.2918     1.0064
 Cl      0.8284    0.0057    0.8777    0.9063     1.0329     1.2102     0.9947
 F       0.1908    0.0014    0.2505    1.0107     0.9770     4.0378     1.0176
 K       0.9080    0.0168    0.9469    0.8973     1.0437     1.1091     1.0024
 Mn      0.9768    0.0000    0.9955    0.7930     1.0576     1.1978     1.0446
 Al      0.6528    0.0107    0.7321    0.9613     1.0045     1.3996     1.0002
 P       0.6806    0.0017    0.7374    0.9391     1.0195     1.4140     1.0032
 Mg      0.5527    0.0074    0.6336    1.0001     0.9969     1.5714     0.9810
 Ca      0.9317    0.0050    0.9651    0.9115     1.0479     1.0794     1.0041
 Ti      0.9498    0.0099    0.9773    0.8223     1.0542     1.1689     1.0063

Element  El. mass% Ox mass% Norm El%  Norm ox%  At prop  c/k-std   k-value   k-(std) 
 Na       2.07      2.79      2.04      2.75     0.775   0.9709   0.02132   1.07585  
 S        0.1487    0.3713    0.1465    0.3657   0.0399  0.9990   0.001488  0.276644  
 Fe       9.09     11.69      8.95     11.51     1.400   1.0030   0.09060   0.87088  
 Si      24.05     51.45     23.69     50.68     7.367   1.0064   0.23924   0.99869  
 Cl       0.0303    0.0303    0.0298    0.0298   0.0073  0.9947   0.000304  0.020983  
 F        0.0249    0.0249    0.0246    0.0246   0.0113  1.0176   0.000245  0.051483 ?
 K        0.1583    0.1907    0.1560    0.1879   0.0348  1.0024   0.001580  0.230939  
 Mn       0.1998    0.2580    0.1968    0.2542   0.0313  1.0446   0.001913  0.005680  
 Al       7.45     14.07      7.34     13.86     2.375   1.0002   0.07449   1.11993  
 P        0.0923    0.2114    0.0909    0.2082   0.0256  1.0032   0.000920  0.537832  
 Mg       4.35      7.21      4.28      7.10     1.539   0.9810   0.04433   1.43990  
 Ca       8.12     11.36      8.00     11.19     1.743   1.0041   0.08089   1.20895  
 Ti       1.12      1.87      1.10      1.84     0.201   1.0063   0.01112   0.45462  
 O       44.63       -       43.96       -      24.000      -         -        
 -----------------------------------------------------------------------------
Total:  101.53    101.53    100.00    100.00    15.550




Unknown Specimen No. 58 
 Group        : bas-Glas        Sample  : 201216_Fr      
 UNK No.      :   58            Comment : KE3_                                     
 Stage        :    X=   47.7580  Y=   23.3765  Z=   11.3985 
 Acc. Voltage :    15.0 (kV)    Probe Dia. : 5    Scan : Off 
 Dated on Dec 20 19:35 2016 
 WDS only       No. of accumulation : 1 

Curr.(A) : 1.008E-08 
Element Peak(mm) Net(cps)   Bg-   Bg+  S.D.(%)   D.L.(ppm)  
 1 Na   129.476    578.8    0.0   22.8    1.34      180 
 2 S    171.948      1.3    5.1    4.1   45.49 ?    103 
 3 Fe   134.739    101.6    2.2    2.5    2.27      354 
 4 Si    77.822   5318.6   41.7   25.3    0.31      260 
 5 Cl   151.478     62.2    7.6    6.8    2.57       42 
 6 F    199.140      6.5    3.8    2.0   10.19      356 
 7 K    119.485    930.1   47.5   20.7    0.62       69 
 8 Mn   146.243      2.5    2.5    1.9   19.34      302 
 9 Al    90.995    656.2   14.2    9.4    0.89      155 
10 P    197.118      0.6    2.8    2.8   94.10 ?    149 
11 Mg   107.534      4.4   22.3    0.0   25.99      129 
12 Ca   107.121     88.1   28.7   29.9    3.08       82 
13 Ti    88.305     55.1    0.0   40.7    3.97      119 


Element  f(chi)    If/Ip     abs-el    1/s-el      r-el      c/k-el    c/k-std
 Na      0.4438    0.0045    0.5297    0.9729     0.9952     1.9410     0.9069
 S       0.7538    0.0020    0.8048    0.9434     1.0320     1.2738     1.0228
 Fe      0.9846    0.0000    1.0007    0.7955     1.0599     1.1853     1.0093
 Si      0.7550    0.0007    0.8285    0.9678     1.0179     1.2244     0.9539
 Cl      0.8200    0.0032    0.8688    0.8953     1.0383     1.2343     1.0144
 F       0.1953    0.0014    0.2564    0.9978     0.9822     3.9737     1.0014
 K       0.9023    0.0020    0.9409    0.8865     1.0486     1.1410     1.0312
 Mn      0.9800    0.0000    0.9988    0.7839     1.0608     1.2041     1.0501
 Al      0.6917    0.0171    0.7758    0.9493     1.0103     1.3214     0.9443
 P       0.6657    0.0011    0.7213    0.9276     1.0252     1.4563     1.0331
 Mg      0.5646    0.0096    0.6472    0.9876     1.0026     1.5455     0.9648
 Ca      0.9190    0.0025    0.9519    0.9007     1.0526     1.1054     1.0283
 Ti      0.9551    0.0073    0.9827    0.8126     1.0583     1.1748     1.0113

Element  El. mass% Ox mass% Norm El%  Norm ox%  At prop  c/k-std   k-value   k-(std) 
 Na       4.67      6.30      4.68      6.30     1.683   0.9069   0.05154   2.60031  
 S        0.0101    0.0253    0.0101    0.0253   0.0026  1.0228   0.000099  0.018399 ?
 Fe       5.79      7.44      5.79      7.45     0.857   1.0093   0.05733   0.55108  
 Si      33.26     71.15     33.27     71.17     9.799   0.9539   0.34865   1.45537  
 Cl       0.3925    0.3925    0.3927    0.3927   0.0916  1.0144   0.003870  0.266688  
 F        0.5142    0.5142    0.5144    0.5144   0.2240  1.0014   0.005135  1.078763  
 K        3.56      4.29      3.56      4.29     0.754   1.0312   0.03454   5.04966  
 Mn       0.1588    0.2050    0.1588    0.2051   0.0239  1.0501   0.001512  0.004489  
 Al       4.67      8.82      4.67      8.83     1.433   0.9443   0.04945   0.74357  
 P        0.0077    0.0175    0.0077    0.0175   0.0020  1.0331   0.000074  0.043315 ?
 Mg       0.0225    0.0374    0.0225    0.0374   0.0077  0.9648   0.000234  0.007586  
 Ca       0.3101    0.4340    0.3103    0.4341   0.0640  1.0283   0.003016  0.045077  
 Ti       0.1977    0.3297    0.1978    0.3299   0.0342  1.0113   0.001955  0.079944  
 O       46.40       -       46.42       -      24.000      -         -        
 -----------------------------------------------------------------------------
Total:   99.96     99.96    100.00    100.00    14.976




Unknown Specimen No. 59 
 Group        : bas-Glas        Sample  : 201216_Fr      
 UNK No.      :   59            Comment : KE3_                                     
 Stage        :    X=   47.7435  Y=   23.5635  Z=   11.3985 
 Acc. Voltage :    15.0 (kV)    Probe Dia. : 5    Scan : Off 
 Dated on Dec 20 19:39 2016 
 WDS only       No. of accumulation : 1 

Curr.(A) : 1.007E-08 
Element Peak(mm) Net(cps)   Bg-   Bg+  S.D.(%)   D.L.(ppm)  
 1 Na   129.476    576.4    0.0   23.2    1.34      182 
 2 S    171.948      1.7    5.1    5.5   38.02 ?    113 
 3 Fe   134.739    104.6    2.5    3.1    2.25      389 
 4 Si    77.822   5312.8   42.2   24.1    0.31      259 
 5 Cl   151.478     61.1    7.7    7.6    2.61       44 
 6 F    199.140      4.9    4.2    3.2   13.26      395 
 7 K    119.485    920.7   49.6   21.7    0.63       70 
 8 Mn   146.243      2.3    2.1    1.9   19.96      285 
 9 Al    90.995    654.2   13.5    8.6    0.89      150 
10 P    197.118      0.7    2.6    2.3   77.16 ?    138 
11 Mg   107.534      2.0   21.5    0.0   54.20 ?    127 
12 Ca   107.121     81.2   29.9   29.8    3.28       82 
13 Ti    88.305     55.2    0.0   42.2    4.00      121 


Element  f(chi)    If/Ip     abs-el    1/s-el      r-el      c/k-el    c/k-std
 Na      0.4429    0.0045    0.5287    0.9732     0.9951     1.9445     0.9085
 S       0.7536    0.0019    0.8046    0.9436     1.0319     1.2739     1.0229
 Fe      0.9847    0.0000    1.0007    0.7956     1.0598     1.1851     1.0091
 Si      0.7547    0.0007    0.8282    0.9680     1.0177     1.2248     0.9542
 Cl      0.8198    0.0032    0.8687    0.8955     1.0381     1.2344     1.0145
 F       0.1954    0.0014    0.2565    0.9981     0.9820     3.9720     1.0010
 K       0.9023    0.0020    0.9408    0.8868     1.0484     1.1409     1.0311
 Mn      0.9801    0.0000    0.9988    0.7841     1.0607     1.2038     1.0499
 Al      0.6912    0.0170    0.7753    0.9496     1.0101     1.3222     0.9449
 P       0.6655    0.0011    0.7211    0.9278     1.0250     1.4566     1.0333
 Mg      0.5639    0.0096    0.6464    0.9879     1.0025     1.5472     0.9659
 Ca      0.9190    0.0026    0.9519    0.9009     1.0525     1.1051     1.0281
 Ti      0.9551    0.0075    0.9827    0.8128     1.0582     1.1743     1.0109

Element  El. mass% Ox mass% Norm El%  Norm ox%  At prop  c/k-std   k-value   k-(std) 
 Na       4.67      6.29      4.67      6.29     1.679   0.9085   0.05138   2.59208  
 S        0.0134    0.0334    0.0134    0.0334   0.0034  1.0229   0.000131  0.024279  
 Fe       5.96      7.67      5.96      7.67     0.883   1.0091   0.05908   0.56790  
 Si      33.27     71.16     33.28     71.19     9.795   0.9542   0.34861   1.45523  
 Cl       0.3861    0.3861    0.3863    0.3863   0.0901  1.0145   0.003806  0.262289  
 F        0.3925    0.3925    0.3927    0.3927   0.1709  1.0010   0.003921  0.823806  
 K        3.53      4.25      3.53      4.25     0.747   1.0311   0.03422   5.00365  
 Mn       0.1464    0.1891    0.1465    0.1892   0.0220  1.0499   0.001395  0.004141  
 Al       4.66      8.81      4.67      8.81     1.430   0.9449   0.04935   0.74197  
 P        0.0088    0.0201    0.0088    0.0201   0.0023  1.0333   0.000085  0.049681 ?
 Mg       0.0102    0.0168    0.0102    0.0168   0.0035  0.9659   0.000105  0.003413 ?
 Ca       0.2859    0.4000    0.2860    0.4002   0.0590  1.0281   0.002781  0.041564  
 Ti       0.1981    0.3305    0.1982    0.3307   0.0342  1.0109   0.001960  0.080168  
 O       46.43       -       46.45       -      24.000      -         -        
 -----------------------------------------------------------------------------
Total:   99.95     99.95    100.00    100.00    14.919




Unknown Specimen No. 60 
 Group        : bas-Glas        Sample  : 201216_Fr      
 UNK No.      :   60            Comment : Scap                                     
 Stage        :    X=   21.2415  Y=   23.6125  Z=   11.5290 
 Acc. Voltage :    15.0 (kV)    Probe Dia. : 5    Scan : Off 
 Dated on Dec 20 19:42 2016 
 WDS only       No. of accumulation : 1 

Curr.(A) : 1.008E-08 
Element Peak(mm) Net(cps)   Bg-   Bg+  S.D.(%)   D.L.(ppm)  
 1 Na   129.476    504.8    0.0   26.2    1.44      193 
 2 S    171.948     72.7    5.9    4.5    2.29      110 
 3 Fe   134.739      1.6    2.3    1.8   33.56 ?    320 
 4 Si    77.822   3625.7   28.9   20.2    0.37      221 
 5 Cl   151.478    231.0    8.3    7.1    1.24       44 
 6 F    199.140     -0.6    3.2    2.5  100.00 ?    346 
 7 K    119.485    195.2   23.9   19.3    1.45       54 
 8 Mn   146.243      0.2    1.9    1.9  184.79 ?    283 
 9 Al    90.995   1982.6   19.8   10.2    0.51      176 
10 P    197.118     -0.4    3.0    2.6  100.00 ?    147 
11 Mg   107.534      2.9   19.0    0.0   36.07 ?    119 
12 Ca   107.121   2881.4   30.9   36.5    0.42       88 
13 Ti    88.305     -2.3    0.0   41.8  100.00 ?    120 


Element  f(chi)    If/Ip     abs-el    1/s-el      r-el      c/k-el    c/k-std
 Na      0.4763    0.0050    0.5685    0.9699     0.9963     1.8111     0.8462
 S       0.7698    0.0044    0.8219    0.9405     1.0330     1.2469     1.0012
 Fe      0.9811    0.0000    0.9971    0.7931     1.0604     1.1925     1.0154
 Si      0.7193    0.0016    0.7893    0.9648     1.0189     1.2867     1.0025
 Cl      0.8303    0.0063    0.8798    0.8925     1.0392     1.2177     1.0008
 K       0.9057    0.0169    0.9444    0.8838     1.0495     1.1226     1.0146
 Mn      0.9755    0.0000    0.9942    0.7815     1.0613     1.2126     1.0576
 Al      0.7195    0.0120    0.8070    0.9464     1.0113     1.2793     0.9142
 Mg      0.5983    0.0108    0.6858    0.9845     1.0037     1.4598     0.9114
 Ca      0.9285    0.0000    0.9618    0.8980     1.0534     1.0992     1.0225

Element  El. mass% Ox mass% Norm El%  Norm ox%  At prop  c/k-std   k-value   k-(std) 
 Na       3.80      5.13      3.81      5.13     1.391   0.8462   0.04495   2.26791  
 S        0.5594    1.3970    0.5600    1.3984   0.1467  1.0012   0.005587  1.038536  
 Fe       0.0909    0.1170    0.0910    0.1171   0.0137  1.0154   0.000895  0.008607  
 Si      23.83     50.97     23.85     51.02     7.132   1.0025   0.23767   0.99211  
 Cl       1.44      1.44      1.44      1.44     0.341   1.0008   0.01437   0.99010  
 F        0.00      0.00      0.00      0.00     0.000   0.2520   0.00000   0.00000 ?
 K        0.7353    0.8858    0.7361    0.8867   0.1581  1.0146   0.007248  1.059619  
 Mn       0.0129    0.0167    0.0129    0.0167   0.0020  1.0576   0.000122  0.000363 ?
 Al      13.66     25.81     13.67     25.84     4.257   0.9142   0.14941   2.24646  
 P        0.00      0.00      0.00      0.00     0.000   0.7094   0.00000   0.00000 ?
 Mg       0.0139    0.0230    0.0139    0.0230   0.0048  0.9114   0.000152  0.004945  
 Ca      10.08     14.11     10.10     14.13     2.116   1.0225   0.09863   1.47400  
 Ti       0.00      0.00      0.00      0.00     0.000   0.8609  -0.00008  -0.00334 ?
 O       45.67       -       45.72       -      24.000      -         -        
 -----------------------------------------------------------------------------
Total:   99.90     99.90    100.00    100.00    15.562




Unknown Specimen No. 61 
 Group        : bas-Glas        Sample  : 201216_Fr      
 UNK No.      :   61            Comment : Scap                                     
 Stage        :    X=   21.2335  Y=   23.6980  Z=   11.5315 
 Acc. Voltage :    15.0 (kV)    Probe Dia. : 5    Scan : Off 
 Dated on Dec 20 19:46 2016 
 WDS only       No. of accumulation : 1 

Curr.(A) : 1.008E-08 
Element Peak(mm) Net(cps)   Bg-   Bg+  S.D.(%)   D.L.(ppm)  
 1 Na   129.476    527.3    0.0   22.9    1.41      181 
 2 S    171.948     69.1    4.9    5.3    2.36      111 
 3 Fe   134.739      2.6    2.0    1.7   21.69      306 
 4 Si    77.822   3619.9   29.1   17.7    0.37      217 
 5 Cl   151.478    233.0   10.1    7.3    1.24       46 
 6 F    199.140      0.2    3.2    2.7  227.95 ?    349 
 7 K    119.485    189.6   24.3   20.9    1.48       55 
 8 Mn   146.243      0.5    2.2    1.5   76.34 ?    272 
 9 Al    90.995   1981.4   18.5   10.7    0.51      173 
10 P    197.118      0.2    2.9    2.9  277.97 ?    151 
11 Mg   107.534      1.8   20.3    0.0   59.97 ?    123 
12 Ca   107.121   2877.4   32.5   37.4    0.42       89 
13 Ti    88.305      0.4    0.0   39.0  350.90 ?    116 


Element  f(chi)    If/Ip     abs-el    1/s-el      r-el      c/k-el    c/k-std
 Na      0.4761    0.0050    0.5683    0.9701     0.9962     1.8118     0.8465
 S       0.7697    0.0044    0.8218    0.9406     1.0330     1.2468     1.0012
 Fe      0.9812    0.0000    0.9972    0.7932     1.0604     1.1923     1.0152
 Si      0.7187    0.0016    0.7887    0.9649     1.0189     1.2876     1.0032
 Cl      0.8304    0.0063    0.8799    0.8927     1.0392     1.2175     1.0006
 F       0.1816    0.0011    0.2384    0.9948     0.9831     4.2839     1.0796
 K       0.9057    0.0169    0.9444    0.8840     1.0494     1.1224     1.0144
 Mn      0.9756    0.0000    0.9942    0.7817     1.0613     1.2124     1.0574
 Al      0.7185    0.0120    0.8058    0.9466     1.0113     1.2811     0.9155
 Mg      0.5969    0.0108    0.6842    0.9847     1.0037     1.4631     0.9134
 Ca      0.9286    0.0001    0.9618    0.8981     1.0534     1.0989     1.0223

Element  El. mass% Ox mass% Norm El%  Norm ox%  At prop  c/k-std   k-value   k-(std) 
 Na       3.97      5.36      3.97      5.35     1.453   0.8465   0.04696   2.36909  
 S        0.5320    1.3286    0.5315    1.3273   0.1395  1.0012   0.005314  0.987772  
 Fe       0.1491    0.1918    0.1489    0.1916   0.0224  1.0152   0.001468  0.014113  
 Si      23.80     50.92     23.78     50.87     7.123   1.0032   0.23730   0.99055  
 Cl       1.45      1.45      1.45      1.45     0.344   1.0006   0.01449   0.99846  
 F        0.0174    0.0174    0.0173    0.0173   0.0077  1.0796   0.000161  0.033773 ?
 K        0.7143    0.8605    0.7136    0.8596   0.1536  1.0144   0.007042  1.029490  
 Mn       0.0311    0.0401    0.0310    0.0401   0.0048  1.0574   0.000294  0.000872  
 Al      13.67     25.83     13.66     25.80     4.259   0.9155   0.14931   2.24500  
 P        0.0025    0.0057    0.0025    0.0057   0.0007  1.0038   0.000025  0.014438 ?
 Mg       0.0084    0.0139    0.0084    0.0139   0.0029  0.9134   0.000092  0.002985 ?
 Ca      10.07     14.09     10.06     14.07     2.112   1.0223   0.09849   1.47192  
 Ti       0.0015    0.0024    0.0015    0.0024   0.0003  1.0317   0.000014  0.000580 ?
 O       45.68       -       45.64       -      24.000      -         -        
 -----------------------------------------------------------------------------
Total:  100.10    100.10    100.00    100.00    15.622




Unknown Specimen No. 62 
 Group        : bas-Glas        Sample  : 201216_Fr      
 UNK No.      :   62            Comment : UnknA-BatokeCS1-3_1                      
 Stage        :    X=   43.4325  Y=   79.0760  Z=   11.3900 
 Acc. Voltage :    15.0 (kV)    Probe Dia. : 5    Scan : Off 
 Dated on Dec 20 19:49 2016 
 WDS only       No. of accumulation : 1 

Curr.(A) : 1.008E-08 
Element Peak(mm) Net(cps)   Bg-   Bg+  S.D.(%)   D.L.(ppm)  
 1 Na   129.476    432.1    0.0   24.6    1.56      187 
 2 S    171.948      1.0    5.8    5.1   63.53 ?    114 
 3 Fe   134.739    136.2    3.3    2.1    1.95      360 
 4 Si    77.822   3535.4   33.4   19.4    0.38      231 
 5 Cl   151.478     10.8    8.3    7.2    8.63       44 
 6 F    199.140      3.0    3.7    3.2   19.72      379 
 7 K    119.485    524.1   37.3   22.9    0.84       64 
 8 Mn   146.243      2.6    1.7    1.6   17.01      260 
 9 Al    90.995   1278.3   17.5   10.1    0.63      168 
10 P    197.118     43.9    2.6    2.6    3.58      143 
11 Mg   107.534    354.3   33.3    0.0    1.24      158 
12 Ca   107.121   1720.0   28.4   34.8    0.55       85 
13 Ti    88.305    503.7    0.0   49.2    1.04      130 


Element  f(chi)    If/Ip     abs-el    1/s-el      r-el      c/k-el    c/k-std
 Na      0.4198    0.0041    0.5011    0.9848     0.9907     2.0371     0.9518
 S       0.7649    0.0031    0.8167    0.9545     1.0275     1.2446     0.9994
 Fe      0.9819    0.0000    0.9979    0.8043     1.0576     1.1780     1.0031
 Si      0.7092    0.0012    0.7783    0.9794     1.0132     1.2933     1.0076
 Cl      0.8285    0.0058    0.8778    0.9058     1.0339     1.2094     0.9939
 F       0.1902    0.0014    0.2497    1.0101     0.9780     4.0487     1.0203
 K       0.9080    0.0130    0.9468    0.8969     1.0446     1.1128     1.0058
 Mn      0.9765    0.0000    0.9952    0.7927     1.0582     1.1978     1.0447
 Al      0.6671    0.0107    0.7482    0.9608     1.0056     1.3688     0.9782
 P       0.6821    0.0017    0.7391    0.9386     1.0205     1.4101     1.0003
 Mg      0.5501    0.0081    0.6306    0.9996     0.9980     1.5769     0.9845
 Ca      0.9272    0.0052    0.9604    0.9111     1.0488     1.0839     1.0084
 Ti      0.9507    0.0085    0.9782    0.8219     1.0550     1.1691     1.0064

Element  El. mass% Ox mass% Norm El%  Norm ox%  At prop  c/k-std   k-value   k-(std) 
 Na       3.66      4.94      3.62      4.88     1.378   0.9518   0.03848   1.94138  
 S        0.0076    0.0190    0.0075    0.0188   0.0021  0.9994   0.000076  0.014174 ?
 Fe       7.71      9.91      7.63      9.81     1.194   1.0031   0.07683   0.73856  
 Si      23.33     49.92     23.09     49.40     7.188   1.0076   0.23175   0.96741  
 Cl       0.0670    0.0670    0.0663    0.0663   0.0163  0.9939   0.000674  0.046429  
 F        0.2399    0.2399    0.2374    0.2374   0.1093  1.0203   0.002351  0.494005  
 K        1.96      2.36      1.94      2.33     0.433   1.0058   0.01946   2.84538  
 Mn       0.1663    0.2147    0.1646    0.2125   0.0262  1.0447   0.001592  0.004727  
 Al       9.42     17.80      9.32     17.62     3.021   0.9782   0.09634   1.44843  
 P        0.5415    1.2409    0.5359    1.2281   0.1513  1.0003   0.005413  3.165770  
 Mg       1.83      3.04      1.81      3.00     0.652   0.9845   0.01859   0.60392  
 Ca       5.94      8.31      5.87      8.22     1.282   1.0084   0.05887   0.87985  
 Ti       1.80      3.00      1.78      2.97     0.325   1.0064   0.01787   0.73075  
 O       44.38       -       43.92       -      24.000      -         -        
 -----------------------------------------------------------------------------
Total:  101.05    101.05    100.00    100.00    15.777




Unknown Specimen No. 63 
 Group        : bas-Glas        Sample  : 201216_Fr      
 UNK No.      :   63            Comment : UnknA-BatokeCS1-3_2                      
 Stage        :    X=   43.8935  Y=   79.3265  Z=   11.3910 
 Acc. Voltage :    15.0 (kV)    Probe Dia. : 5    Scan : Off 
 Dated on Dec 20 19:53 2016 
 WDS only       No. of accumulation : 1 

Curr.(A) : 1.007E-08 
Element Peak(mm) Net(cps)   Bg-   Bg+  S.D.(%)   D.L.(ppm)  
 1 Na   129.476    598.6    0.0   26.7    1.32      195 
 2 S    171.948      0.8    4.9    5.6   74.22 ?    113 
 3 Fe   134.739    149.3    3.2    2.7    1.87      386 
 4 Si    77.822   3127.9   30.3   21.4    0.40      227 
 5 Cl   151.478     13.1    8.7    6.9    7.44       44 
 6 F    199.140      3.4    3.5    3.4   17.53      377 
 7 K    119.485    539.9   34.8   23.5    0.83       63 
 8 Mn   146.243      1.8    2.6    2.4   25.88      322 
 9 Al    90.995   1121.0   19.1    9.8    0.68      172 
10 P    197.118     43.8    4.6    4.1    3.70      184 
11 Mg   107.534    637.5   40.5    0.0    0.91      174 
12 Ca   107.121   2092.4   31.2   36.4    0.50       88 
13 Ti    88.305    541.9    0.0   50.1    1.00      132 


Element  f(chi)    If/Ip     abs-el    1/s-el      r-el      c/k-el    c/k-std
 Na      0.4160    0.0040    0.4965    0.9881     0.9895     2.0516     0.9586
 S       0.7694    0.0035    0.8214    0.9577     1.0263     1.2342     0.9910
 Fe      0.9814    0.0000    0.9974    0.8069     1.0569     1.1757     1.0011
 Si      0.7004    0.0013    0.7686    0.9826     1.0119     1.3067     1.0180
 Cl      0.8319    0.0066    0.8814    0.9088     1.0327     1.2009     0.9869
 F       0.1921    0.0014    0.2523    1.0136     0.9769     3.9977     1.0074
 K       0.9099    0.0155    0.9488    0.8998     1.0435     1.1054     0.9990
 Mn      0.9758    0.0000    0.9945    0.7952     1.0575     1.1957     1.0428
 Al      0.6471    0.0093    0.7258    0.9640     1.0043     1.4100     1.0077
 P       0.6875    0.0019    0.7450    0.9418     1.0193     1.3956     0.9901
 Mg      0.5379    0.0070    0.6166    1.0029     0.9967     1.6111     1.0058
 Ca      0.9285    0.0056    0.9618    0.9141     1.0478     1.0796     1.0043
 Ti      0.9494    0.0089    0.9769    0.8246     1.0541     1.1674     1.0050

Element  El. mass% Ox mass% Norm El%  Norm ox%  At prop  c/k-std   k-value   k-(std) 
 Na       5.11      6.89      5.03      6.79     1.982   0.9586   0.05336   2.69207  
 S        0.0064    0.0160    0.0063    0.0158   0.0018  0.9910   0.000065  0.012039 ?
 Fe       8.44     10.86      8.31     10.69     1.347   1.0011   0.08433   0.81059  
 Si      20.87     44.65     20.56     43.97     6.623   1.0180   0.20524   0.85674  
 Cl       0.0806    0.0806    0.0794    0.0794   0.0203  0.9869   0.000817  0.056305  
 F        0.2702    0.2702    0.2661    0.2661   0.1268  1.0074   0.002682  0.563528  
 K        2.00      2.42      1.97      2.38     0.457   0.9990   0.02007   2.93405  
 Mn       0.1178    0.1521    0.1160    0.1498   0.0191  1.0428   0.001130  0.003354  
 Al       8.52     16.09      8.39     15.85     2.814   1.0077   0.08457   1.27147  
 P        0.5361    1.2284    0.5279    1.2097   0.1543  0.9901   0.005414  3.166276  
 Mg       3.37      5.59      3.32      5.50     1.235   1.0058   0.03349   1.08785  
 Ca       7.20     10.07      7.09      9.92     1.601   1.0043   0.07169   1.07146  
 Ti       1.93      3.23      1.90      3.18     0.360   1.0050   0.01924   0.78695  
 O       43.08       -       42.43       -      24.000      -         -        
 -----------------------------------------------------------------------------
Total:  101.54    101.54    100.00    100.00    16.741




Unknown Specimen No. 64 
 Group        : bas-Glas        Sample  : 201216_Fr      
 UNK No.      :   64            Comment : UnknA-BatokeCS1-3_3                      
 Stage        :    X=   44.6270  Y=   80.2290  Z=   11.3965 
 Acc. Voltage :    15.0 (kV)    Probe Dia. : 5    Scan : Off 
 Dated on Dec 20 19:56 2016 
 WDS only       No. of accumulation : 1 

Curr.(A) : 1.008E-08 
Element Peak(mm) Net(cps)   Bg-   Bg+  S.D.(%)   D.L.(ppm)  
 1 Na   129.476    439.5    0.0   22.3    1.55      178 
 2 S    171.948      1.8    4.8    5.1   34.44 ?    109 
 3 Fe   134.739    147.7    3.8    1.7    1.87      352 
 4 Si    77.822   3476.2   32.8   20.9    0.38      232 
 5 Cl   151.478      2.9   10.3    7.3   28.67       47 
 6 F    199.140      3.4    3.9    2.9   17.49      377 
 7 K    119.485    542.9   36.3   23.1    0.83       64 
 8 Mn   146.243      1.7    2.3    1.9   26.63      294 
 9 Al    90.995   1270.2   16.6   13.6    0.63      175 
10 P    197.118     45.7    2.6    3.0    3.52      150 
11 Mg   107.534    359.2   31.2    0.0    1.23      153 
12 Ca   107.121   1705.5   32.2   35.6    0.55       88 
13 Ti    88.305    503.3    0.0   45.6    1.04      126 


Element  f(chi)    If/Ip     abs-el    1/s-el      r-el      c/k-el    c/k-std
 Na      0.4163    0.0041    0.4968    0.9860     0.9902     2.0530     0.9592
 S       0.7651    0.0031    0.8168    0.9557     1.0270     1.2434     0.9984
 Fe      0.9820    0.0000    0.9980    0.8053     1.0573     1.1769     1.0021
 Si      0.7071    0.0012    0.7760    0.9806     1.0127     1.2962     1.0098
 Cl      0.8286    0.0058    0.8779    0.9069     1.0335     1.2082     0.9930
 F       0.1913    0.0014    0.2511    1.0114     0.9776     4.0218     1.0135
 K       0.9082    0.0130    0.9470    0.8979     1.0442     1.1117     1.0047
 Mn      0.9766    0.0000    0.9953    0.7936     1.0579     1.1967     1.0436
 Al      0.6638    0.0104    0.7444    0.9620     1.0051     1.3750     0.9826
 P       0.6824    0.0017    0.7394    0.9398     1.0201     1.4083     0.9991
 Mg      0.5464    0.0079    0.6263    1.0008     0.9975     1.5868     0.9906
 Ca      0.9272    0.0054    0.9604    0.9122     1.0484     1.0829     1.0074
 Ti      0.9508    0.0090    0.9783    0.8229     1.0546     1.1673     1.0049

Element  El. mass% Ox mass% Norm El%  Norm ox%  At prop  c/k-std   k-value   k-(std) 
 Na       3.75      5.06      3.71      5.00     1.418   0.9592   0.03914   1.97465  
 S        0.0141    0.0352    0.0139    0.0348   0.0038  0.9984   0.000141  0.026246  
 Fe       8.35     10.74      8.24     10.61     1.298   1.0021   0.08333   0.80099  
 Si      22.99     49.18     22.71     48.57     7.107   1.0098   0.22787   0.95122  
 Cl       0.0177    0.0177    0.0175    0.0175   0.0043  0.9930   0.000178  0.012269  
 F        0.2739    0.2739    0.2705    0.2705   0.1252  1.0135   0.002703  0.567840  
 K        2.03      2.44      2.00      2.41     0.450   1.0047   0.02016   2.94765  
 Mn       0.1056    0.1363    0.1043    0.1346   0.0167  1.0436   0.001012  0.003004  
 Al       9.40     17.77      9.29     17.54     3.026   0.9826   0.09572   1.43921  
 P        0.5631    1.2903    0.5561    1.2742   0.1579  0.9991   0.005636  3.295788  
 Mg       1.87      3.10      1.84      3.06     0.667   0.9906   0.01885   0.61228  
 Ca       5.88      8.23      5.81      8.13     1.274   1.0074   0.05838   0.87248  
 Ti       1.79      2.99      1.77      2.95     0.325   1.0049   0.01785   0.73009  
 O       44.22       -       43.67       -      24.000      -         -        
 -----------------------------------------------------------------------------
Total:  101.26    101.26    100.00    100.00    15.873




Unknown Specimen No. 65 
 Group        : bas-Glas        Sample  : 201216_Fr      
 UNK No.      :   65            Comment : UnknA-BatokeCS1-3_4                      
 Stage        :    X=   43.8440  Y=   80.8640  Z=   11.3995 
 Acc. Voltage :    15.0 (kV)    Probe Dia. : 5    Scan : Off 
 Dated on Dec 20 20:00 2016 
 WDS only       No. of accumulation : 1 

Curr.(A) : 1.006E-08 
Element Peak(mm) Net(cps)   Bg-   Bg+  S.D.(%)   D.L.(ppm)  
 1 Na   129.476    761.7    0.0   27.3    1.17      198 
 2 S    171.948      2.3    3.9    3.9   25.14       97 
 3 Fe   134.739    130.0    2.6    2.0    2.00      339 
 4 Si    77.822   3189.1   31.7   19.6    0.40      228 
 5 Cl   151.478      4.9   10.5    8.3   18.07       48 
 6 F    199.140      1.3    3.9    3.4   40.72 ?    388 
 7 K    119.485    293.5   31.6   21.8    1.16       60 
 8 Mn   146.243      2.9    2.0    1.8   16.09      281 
 9 Al    90.995   1159.0   14.3    8.3    0.66      152 
10 P    197.118     40.5    3.1    2.8    3.76      152 
11 Mg   107.534    587.4   39.0    0.0    0.95      171 
12 Ca   107.121   2246.4   28.5   35.4    0.48       86 
13 Ti    88.305    555.2    0.0   49.2    0.99      131 


Element  f(chi)    If/Ip     abs-el    1/s-el      r-el      c/k-el    c/k-std
 Na      0.4248    0.0040    0.5070    0.9854     0.9907     2.0125     0.9403
 S       0.7689    0.0033    0.8210    0.9551     1.0275     1.2371     0.9933
 Fe      0.9816    0.0000    0.9976    0.8048     1.0576     1.1778     1.0029
 Si      0.7009    0.0012    0.7691    0.9800     1.0132     1.3079     1.0189
 Cl      0.8315    0.0062    0.8811    0.9064     1.0339     1.2037     0.9893
 F       0.1916    0.0015    0.2516    1.0107     0.9780     4.0149     1.0118
 K       0.9099    0.0163    0.9488    0.8974     1.0446     1.1063     0.9999
 Mn      0.9761    0.0000    0.9947    0.7932     1.0582     1.1977     1.0445
 Al      0.6493    0.0094    0.7282    0.9614     1.0056     1.4074     1.0058
 P       0.6868    0.0018    0.7442    0.9392     1.0205     1.3994     0.9928
 Mg      0.5382    0.0071    0.6169    1.0002     0.9980     1.6126     1.0067
 Ca      0.9308    0.0053    0.9641    0.9117     1.0488     1.0790     1.0038
 Ti      0.9500    0.0079    0.9774    0.8224     1.0550     1.1700     1.0072

Element  El. mass% Ox mass% Norm El%  Norm ox%  At prop  c/k-std   k-value   k-(std) 
 Na       6.38      8.61      6.23      8.40     2.432   0.9403   0.06796   3.42874  
 S        0.0178    0.0445    0.0174    0.0434   0.0049  0.9933   0.000179  0.033312  
 Fe       7.37      9.48      7.19      9.25     1.156   1.0029   0.07351   0.70658  
 Si      21.31     45.59     20.80     44.49     6.645   1.0189   0.20947   0.87440  
 Cl       0.0302    0.0302    0.0295    0.0295   0.0075  0.9893   0.000305  0.021044  
 F        0.1079    0.1079    0.1053    0.1053   0.0497  1.0118   0.001066  0.223975  
 K        1.09      1.32      1.07      1.28     0.245   0.9999   0.01092   1.59687  
 Mn       0.1885    0.2434    0.1840    0.2376   0.0301  1.0445   0.001805  0.005359  
 Al       8.80     16.62      8.58     16.22     2.856   1.0058   0.08752   1.31584  
 P        0.4972    1.1394    0.4852    1.1119   0.1406  0.9928   0.005008  2.928835  
 Mg       3.11      5.16      3.03      5.03     1.120   1.0067   0.03089   1.00340  
 Ca       7.73     10.82      7.55     10.56     1.690   1.0038   0.07704   1.15146  
 Ti       1.99      3.31      1.94      3.24     0.363   1.0072   0.01973   0.80709  
 O       43.84       -       42.79       -      24.000      -         -        
 -----------------------------------------------------------------------------
Total:  102.47    102.47    100.00    100.00    16.739




Unknown Specimen No. 66 
 Group        : bas-Glas        Sample  : 201216_Fr      
 UNK No.      :   66            Comment : UnknA-BatokeCS1-3_5                      
 Stage        :    X=   42.9360  Y=   80.7245  Z=   11.3995 
 Acc. Voltage :    15.0 (kV)    Probe Dia. : 5    Scan : Off 
 Dated on Dec 20 20:03 2016 
 WDS only       No. of accumulation : 1 

Curr.(A) : 1.007E-08 
Element Peak(mm) Net(cps)   Bg-   Bg+  S.D.(%)   D.L.(ppm)  
 1 Na   129.476    448.4    0.0   22.9    1.53      181 
 2 S    171.948     -0.2    5.4    5.3  100.00 ?    113 
 3 Fe   134.739    138.9    2.6    2.1    1.93      344 
 4 Si    77.822   3415.3   30.5   20.4    0.39      226 
 5 Cl   151.478     10.8    8.7    7.1    8.69       44 
 6 F    199.140      2.1    4.0    3.7   28.12      398 
 7 K    119.485    443.0   33.6   18.5    0.92       60 
 8 Mn   146.243      2.0    1.3    2.4   22.26      282 
 9 Al    90.995   1259.1   17.1   10.6    0.64      168 
10 P    197.118     45.3    3.3    3.2    3.56      160 
11 Mg   107.534    397.4   35.3    0.0    1.17      163 
12 Ca   107.121   1810.6   33.2   33.9    0.54       87 
13 Ti    88.305    534.5    0.0   46.3    1.01      127 


Element  f(chi)    If/Ip     abs-el    1/s-el      r-el      c/k-el    c/k-std
 Na      0.4185    0.0041    0.4995    0.9855     0.9904     2.0425     0.9543
 Fe      0.9818    0.0000    0.9978    0.8049     1.0574     1.1775     1.0027
 Si      0.7069    0.0012    0.7757    0.9800     1.0129     1.2971     1.0105
 Cl      0.8289    0.0058    0.8783    0.9064     1.0337     1.2082     0.9929
 F       0.1903    0.0014    0.2499    1.0108     0.9777     4.0433     1.0189
 K       0.9083    0.0138    0.9471    0.8975     1.0444     1.1112     1.0042
 Mn      0.9764    0.0000    0.9951    0.7932     1.0581     1.1974     1.0443
 Al      0.6636    0.0104    0.7442    0.9614     1.0053     1.3760     0.9833
 P       0.6829    0.0017    0.7400    0.9393     1.0203     1.4078     0.9987
 Mg      0.5478    0.0079    0.6280    1.0003     0.9977     1.5832     0.9884
 Ca      0.9282    0.0055    0.9614    0.9117     1.0486     1.0821     1.0067
 Ti      0.9507    0.0086    0.9781    0.8225     1.0548     1.1685     1.0059

Element  El. mass% Ox mass% Norm El%  Norm ox%  At prop  c/k-std   k-value   k-(std) 
 Na       3.81      5.14      3.80      5.12     1.451   0.9543   0.03997   2.01668  
 S        0.00      0.00      0.00      0.00     0.000   0.8030   0.00000   0.00000 ?
 Fe       7.87     10.12      7.84     10.08     1.232   1.0027   0.07845   0.75411  
 Si      22.64     48.43     22.56     48.26     7.050   1.0105   0.22411   0.93549  
 Cl       0.0668    0.0668    0.0666    0.0666   0.0165  0.9929   0.000673  0.046394  
 F        0.1663    0.1663    0.1657    0.1657   0.0766  1.0189   0.001632  0.342954  
 K        1.65      1.99      1.65      1.99     0.370   1.0042   0.01647   2.40760  
 Mn       0.1275    0.1646    0.1270    0.1640   0.0203  1.0443   0.001221  0.003624  
 Al       9.34     17.65      9.31     17.58     3.027   0.9833   0.09498   1.42802  
 P        0.5593    1.2816    0.5573    1.2770   0.1579  0.9987   0.005600  3.274672  
 Mg       2.06      3.42      2.06      3.41     0.742   0.9884   0.02088   0.67805  
 Ca       6.25      8.74      6.22      8.71     1.363   1.0067   0.06204   0.92715  
 Ti       1.91      3.18      1.90      3.17     0.349   1.0059   0.01898   0.77618  
 O       43.90       -       43.75       -      24.000      -         -        
 -----------------------------------------------------------------------------
Total:  100.36    100.36    100.00    100.00    15.855




Unknown Specimen No. 67 
 Group        : bas-Glas        Sample  : 201216_Fr      
 UNK No.      :   67            Comment : UnknA-BatokeCS1-3_6                      
 Stage        :    X=   43.0500  Y=   80.2125  Z=   11.3950 
 Acc. Voltage :    15.0 (kV)    Probe Dia. : 5    Scan : Off 
 Dated on Dec 20 20:07 2016 
 WDS only       No. of accumulation : 1 

Curr.(A) : 1.008E-08 
Element Peak(mm) Net(cps)   Bg-   Bg+  S.D.(%)   D.L.(ppm)  
 1 Na   129.476    460.1    0.0   19.4    1.51      166 
 2 S    171.948      0.2    5.9    5.5  309.43 ?    117 
 3 Fe   134.739    148.0    3.1    2.4    1.87      370 
 4 Si    77.822   3386.4   36.7   23.1    0.39      245 
 5 Cl   151.478     36.1    6.9    6.9    3.57       42 
 6 F    199.140      3.5    3.9    3.5   17.47      392 
 7 K    119.485    598.9   39.9   25.0    0.79       66 
 8 Mn   146.243      2.1    2.6    1.9   22.45      304 
 9 Al    90.995   1202.2   16.0    8.6    0.65      159 
10 P    197.118     43.4    2.6    3.1    3.62      152 
11 Mg   107.534    473.9   35.6    0.0    1.07      163 
12 Ca   107.121   1659.1   35.1   34.9    0.56       89 
13 Ti    88.305    545.4    0.0   44.5    1.00      124 


Element  f(chi)    If/Ip     abs-el    1/s-el      r-el      c/k-el    c/k-std
 Na      0.4160    0.0041    0.4965    0.9868     0.9900     2.0531     0.9593
 Fe      0.9818    0.0000    0.9978    0.8059     1.0572     1.1763     1.0016
 Si      0.7057    0.0013    0.7745    0.9814     1.0124     1.2979     1.0112
 Cl      0.8295    0.0059    0.8789    0.9077     1.0332     1.2061     0.9913
 F       0.1916    0.0014    0.2516    1.0122     0.9773     4.0122     1.0111
 K       0.9082    0.0129    0.9470    0.8986     1.0440     1.1113     1.0043
 Mn      0.9764    0.0000    0.9951    0.7942     1.0578     1.1961     1.0432
 Al      0.6586    0.0102    0.7386    0.9627     1.0048     1.3854     0.9901
 P       0.6836    0.0018    0.7407    0.9406     1.0198     1.4049     0.9967
 Mg      0.5450    0.0076    0.6247    1.0016     0.9972     1.5905     0.9929
 Ca      0.9266    0.0056    0.9598    0.9129     1.0482     1.0827     1.0072
 Ti      0.9507    0.0091    0.9782    0.8235     1.0544     1.1667     1.0043

Element  El. mass% Ox mass% Norm El%  Norm ox%  At prop  c/k-std   k-value   k-(std) 
 Na       3.93      5.30      3.89      5.25     1.502   0.9593   0.04096   2.06684  
 S        0.0015    0.0039    0.0015    0.0038   0.0004  0.9962   0.000016  0.002888 ?
 Fe       8.37     10.76      8.29     10.66     1.316   1.0016   0.08353   0.80292  
 Si      22.43     47.99     22.23     47.55     7.019   1.0112   0.22199   0.92665  
 Cl       0.2227    0.2227    0.2207    0.2207   0.0552  0.9913   0.002247  0.154849  
 F        0.2817    0.2817    0.2791    0.2791   0.1303  1.0111   0.002786  0.585376  
 K        2.23      2.69      2.21      2.67     0.502   1.0043   0.02224   3.25128  
 Mn       0.1325    0.1710    0.1312    0.1695   0.0212  1.0432   0.001270  0.003770  
 Al       8.97     16.94      8.89     16.79     2.921   0.9901   0.09060   1.36214  
 P        0.5339    1.2234    0.5290    1.2122   0.1515  0.9967   0.005356  3.132381  
 Mg       2.47      4.10      2.45      4.06     0.893   0.9929   0.02488   0.80793  
 Ca       5.72      8.00      5.67      7.93     1.254   1.0072   0.05679   0.84870  
 Ti       1.94      3.24      1.93      3.21     0.357   1.0043   0.01935   0.79124  
 O       43.69       -       43.29       -      24.000      -         -        
 -----------------------------------------------------------------------------
Total:  100.92    100.92    100.00    100.00    16.123




Unknown Specimen No. 68 
 Group        : bas-Glas        Sample  : 201216_Fr      
 UNK No.      :   68            Comment : UnknA-BatokeCS1-3_7                      
 Stage        :    X=   45.4165  Y=   79.8920  Z=   11.3950 
 Acc. Voltage :    15.0 (kV)    Probe Dia. : 5    Scan : Off 
 Dated on Dec 20 20:10 2016 
 WDS only       No. of accumulation : 1 

Curr.(A) : 1.008E-08 
Element Peak(mm) Net(cps)   Bg-   Bg+  S.D.(%)   D.L.(ppm)  
 1 Na   129.476    505.7    0.0   23.0    1.44      181 
 2 S    171.948      0.8    5.5    4.3   75.64 ?    107 
 3 Fe   134.739    136.5    2.1    2.9    1.95      371 
 4 Si    77.822   3417.3   37.5   21.3    0.39      244 
 5 Cl   151.478      6.7   10.0    7.1   13.23       46 
 6 F    199.140      3.3    3.8    2.8   17.66      373 
 7 K    119.485    527.9   37.0   24.7    0.84       65 
 8 Mn   146.243      2.3    1.9    1.9   20.00      283 
 9 Al    90.995   1272.9   16.0    9.1    0.63      160 
10 P    197.118     40.9    3.7    3.1    3.78      162 
11 Mg   107.534    419.1   33.7    0.0    1.14      159 
12 Ca   107.121   1805.1   33.5   33.2    0.54       87 
13 Ti    88.305    506.4    0.0   44.8    1.04      124 


Element  f(chi)    If/Ip     abs-el    1/s-el      r-el      c/k-el    c/k-std
 Na      0.4206    0.0041    0.5021    0.9852     0.9906     2.0325     0.9497
 S       0.7660    0.0031    0.8179    0.9549     1.0274     1.2423     0.9975
 Fe      0.9819    0.0000    0.9978    0.8047     1.0575     1.1777     1.0028
 Si      0.7059    0.0012    0.7747    0.9798     1.0131     1.2989     1.0120
 Cl      0.8294    0.0059    0.8788    0.9062     1.0338     1.2075     0.9924
 F       0.1910    0.0014    0.2508    1.0105     0.9779     4.0301     1.0156
 K       0.9086    0.0135    0.9474    0.8972     1.0445     1.1112     1.0043
 Mn      0.9764    0.0000    0.9951    0.7930     1.0582     1.1975     1.0444
 Al      0.6624    0.0102    0.7429    0.9612     1.0055     1.3788     0.9853
 P       0.6833    0.0017    0.7404    0.9390     1.0205     1.4071     0.9982
 Mg      0.5471    0.0078    0.6271    1.0000     0.9979     1.5855     0.9898
 Ca      0.9276    0.0052    0.9609    0.9115     1.0487     1.0831     1.0076
 Ti      0.9505    0.0084    0.9780    0.8223     1.0549     1.1691     1.0064

Element  El. mass% Ox mass% Norm El%  Norm ox%  At prop  c/k-std   k-value   k-(std) 
 Na       4.27      5.76      4.22      5.68     1.618   0.9497   0.04503   2.27194  
 S        0.0060    0.0149    0.0059    0.0147   0.0016  0.9975   0.000060  0.011119 ?
 Fe       7.72      9.93      7.62      9.80     1.203   1.0028   0.07700   0.74020  
 Si      22.65     48.45     22.34     47.79     7.015   1.0120   0.22401   0.93511  
 Cl       0.0413    0.0413    0.0407    0.0407   0.0101  0.9924   0.000416  0.028679  
 F        0.2692    0.2692    0.2656    0.2656   0.1233  1.0156   0.002651  0.556862  
 K        1.97      2.37      1.94      2.34     0.438   1.0043   0.01960   2.86589  
 Mn       0.1448    0.1869    0.1428    0.1844   0.0229  1.0444   0.001386  0.004116  
 Al       9.45     17.85      9.32     17.61     3.047   0.9853   0.09593   1.44232  
 P        0.5037    1.1543    0.4969    1.1387   0.1415  0.9982   0.005046  2.950998  
 Mg       2.18      3.61      2.15      3.56     0.779   0.9898   0.02200   0.71449  
 Ca       6.23      8.71      6.14      8.59     1.351   1.0076   0.06178   0.92340  
 Ti       1.81      3.02      1.78      2.97     0.328   1.0064   0.01796   0.73467  
 O       44.14       -       43.54       -      24.000      -         -        
 -----------------------------------------------------------------------------
Total:  101.37    101.37    100.00    100.00    16.079




Unknown Specimen No. 69 
 Group        : bas-Glas        Sample  : 201216_Fr      
 UNK No.      :   69            Comment : UnknA-BatokeCS1-3_8                      
 Stage        :    X=   46.1295  Y=   79.4300  Z=   11.3950 
 Acc. Voltage :    15.0 (kV)    Probe Dia. : 5    Scan : Off 
 Dated on Dec 20 20:14 2016 
 WDS only       No. of accumulation : 1 

Curr.(A) : 1.009E-08 
Element Peak(mm) Net(cps)   Bg-   Bg+  S.D.(%)   D.L.(ppm)  
 1 Na   129.476    452.1    0.0   18.9    1.52      164 
 2 S    171.948      1.2    4.9    4.1   47.29 ?    103 
 3 Fe   134.739    138.0    2.8    2.8    1.94      381 
 4 Si    77.822   3497.4   36.7   21.7    0.38      243 
 5 Cl   151.478      2.8    9.4    7.7   29.16       46 
 6 F    199.140      3.6    3.7    2.5   16.58      365 
 7 K    119.485    555.0   37.2   22.0    0.82       63 
 8 Mn   146.243      1.8    2.2    2.2   24.94      302 
 9 Al    90.995   1307.0   15.1    9.8    0.62      159 
10 P    197.118     48.8    3.4    2.6    3.39      151 
11 Mg   107.534    390.5   31.0    0.0    1.18      152 
12 Ca   107.121   1692.5   31.4   36.3    0.55       88 
13 Ti    88.305    520.9    0.0   43.9    1.02      123 


Element  f(chi)    If/Ip     abs-el    1/s-el      r-el      c/k-el    c/k-std
 Na      0.4201    0.0041    0.5015    0.9849     0.9907     2.0353     0.9509
 S       0.7650    0.0030    0.8168    0.9546     1.0276     1.2443     0.9991
 Fe      0.9820    0.0000    0.9980    0.8044     1.0576     1.1778     1.0029
 Si      0.7073    0.0012    0.7761    0.9794     1.0132     1.2968     1.0103
 Cl      0.8286    0.0058    0.8779    0.9059     1.0340     1.2091     0.9937
 F       0.1908    0.0014    0.2505    1.0102     0.9780     4.0357     1.0170
 K       0.9082    0.0128    0.9470    0.8969     1.0446     1.1127     1.0056
 Mn      0.9766    0.0000    0.9953    0.7928     1.0582     1.1976     1.0445
 Al      0.6655    0.0105    0.7464    0.9608     1.0056     1.3723     0.9807
 P       0.6826    0.0017    0.7396    0.9387     1.0206     1.4090     0.9996
 Mg      0.5496    0.0080    0.6300    0.9996     0.9980     1.5784     0.9854
 Ca      0.9271    0.0053    0.9603    0.9112     1.0488     1.0839     1.0083
 Ti      0.9509    0.0084    0.9783    0.8220     1.0550     1.1688     1.0061

Element  El. mass% Ox mass% Norm El%  Norm ox%  At prop  c/k-std   k-value   k-(std) 
 Na       3.82      5.15      3.76      5.06     1.431   0.9509   0.04022   2.02929  
 S        0.0094    0.0236    0.0093    0.0232   0.0025  0.9991   0.000095  0.017576 ?
 Fe       7.80     10.04      7.66      9.86     1.202   1.0029   0.07780   0.74781  
 Si      23.11     49.44     22.70     48.56     7.081   1.0103   0.22903   0.95605  
 Cl       0.0172    0.0172    0.0169    0.0169   0.0042  0.9937   0.000173  0.011926  
 F        0.2861    0.2861    0.2810    0.2810   0.1296  1.0170   0.002813  0.591070  
 K        2.07      2.49      2.03      2.45     0.456   1.0056   0.02059   3.01005  
 Mn       0.1170    0.1510    0.1149    0.1483   0.0183  1.0445   0.001120  0.003325  
 Al       9.64     18.22      9.47     17.90     3.076   0.9807   0.09840   1.47944  
 P        0.6016    1.3786    0.5909    1.3541   0.1672  0.9996   0.006019  3.519701  
 Mg       2.02      3.35      1.98      3.29     0.714   0.9854   0.02048   0.66511  
 Ca       5.84      8.16      5.73      8.02     1.253   1.0083   0.05787   0.86496  
 Ti       1.86      3.10      1.82      3.04     0.334   1.0061   0.01846   0.75498  
 O       44.62       -       43.83       -      24.000      -         -        
 -----------------------------------------------------------------------------
Total:  101.81    101.81    100.00    100.00    15.869




Unknown Specimen No. 70 
 Group        : bas-Glas        Sample  : 201216_Fr      
 UNK No.      :   70            Comment : UnknA-BatokeCS1-3_9                      
 Stage        :    X=   45.6160  Y=   78.3620  Z=   11.3865 
 Acc. Voltage :    15.0 (kV)    Probe Dia. : 5    Scan : Off 
 Dated on Dec 20 20:17 2016 
 WDS only       No. of accumulation : 1 

Curr.(A) : 1.008E-08 
Element Peak(mm) Net(cps)   Bg-   Bg+  S.D.(%)   D.L.(ppm)  
 1 Na   129.476    544.6    0.0   23.7    1.38      184 
 2 S    171.948      1.3    5.5    4.7   46.04 ?    109 
 3 Fe   134.739    127.8    3.3    2.7    2.02      388 
 4 Si    77.822   3291.9   29.5   18.4    0.39      220 
 5 Cl   151.478    113.0    9.9    8.2    1.85       47 
 6 F    199.140      2.6    3.2    3.6   21.73      370 
 7 K    119.485    442.3   33.7   25.1    0.93       63 
 8 Mn   146.243      1.8    1.6    2.5   25.46      297 
 9 Al    90.995   1200.4   14.6    7.8    0.65      152 
10 P    197.118     41.3    3.6    3.4    3.77      166 
11 Mg   107.534    539.9   34.3    0.0    0.99      160 
12 Ca   107.121   2152.4   37.0   36.8    0.49       91 
13 Ti    88.305    496.2    0.0   47.4    1.05      128 


Element  f(chi)    If/Ip     abs-el    1/s-el      r-el      c/k-el    c/k-std
 Na      0.4234    0.0041    0.5053    0.9857     0.9904     2.0191     0.9434
 S       0.7689    0.0038    0.8210    0.9554     1.0272     1.2365     0.9929
 Fe      0.9813    0.0000    0.9973    0.8050     1.0574     1.1780     1.0031
 Si      0.7061    0.0014    0.7748    0.9802     1.0128     1.2982     1.0114
 Cl      0.8316    0.0064    0.8811    0.9066     1.0336     1.2036     0.9892
 F       0.1900    0.0014    0.2495    1.0110     0.9777     4.0493     1.0205
 K       0.9082    0.0154    0.9470    0.8976     1.0443     1.1095     1.0027
 Mn      0.9757    0.0000    0.9944    0.7933     1.0580     1.1981     1.0449
 Al      0.6587    0.0100    0.7387    0.9616     1.0052     1.3866     0.9909
 P       0.6869    0.0021    0.7443    0.9395     1.0202     1.3989     0.9924
 Mg      0.5476    0.0075    0.6277    1.0004     0.9976     1.5842     0.9890
 Ca      0.9281    0.0049    0.9614    0.9119     1.0485     1.0826     1.0071
 Ti      0.9489    0.0076    0.9763    0.8226     1.0547     1.1717     1.0087

Element  El. mass% Ox mass% Norm El%  Norm ox%  At prop  c/k-std   k-value   k-(std) 
 Na       4.57      6.16      4.52      6.09     1.756   0.9434   0.04849   2.44647  
 S        0.0102    0.0256    0.0101    0.0253   0.0028  0.9929   0.000103  0.019188 ?
 Fe       7.23      9.31      7.14      9.19     1.143   1.0031   0.07212   0.69324  
 Si      21.81     46.65     21.54     46.07     6.852   1.0114   0.21579   0.90078  
 Cl       0.6951    0.6951    0.6864    0.6864   0.1730  0.9892   0.007027  0.484271  
 F        0.2085    0.2085    0.2059    0.2059   0.0968  1.0205   0.002043  0.429232  
 K        1.65      1.98      1.63      1.96     0.372   1.0027   0.01642   2.40127  
 Mn       0.1133    0.1463    0.1119    0.1445   0.0182  1.0449   0.001084  0.003220  
 Al       8.96     16.93      8.85     16.72     2.931   0.9909   0.09046   1.36017  
 P        0.5063    1.1602    0.5000    1.1458   0.1443  0.9924   0.005102  2.983484  
 Mg       2.80      4.65      2.77      4.59     1.017   0.9890   0.02834   0.92040  
 Ca       7.42     10.38      7.33     10.25     1.634   1.0071   0.07367   1.10105  
 Ti       1.78      2.96      1.75      2.92     0.327   1.0087   0.01760   0.71979  
 O       43.51       -       42.97       -      24.000      -         -        
 -----------------------------------------------------------------------------
Total:  101.26    101.26    100.00    100.00    16.467




Unknown Specimen No. 71 
 Group        : bas-Glas        Sample  : 201216_Fr      
 UNK No.      :   71            Comment : UnknA-Flow1-1_1                          
 Stage        :    X=   49.3770  Y=   82.5280  Z=   11.4150 
 Acc. Voltage :    15.0 (kV)    Probe Dia. : 5    Scan : Off 
 Dated on Dec 20 20:21 2016 
 WDS only       No. of accumulation : 1 

Curr.(A) : 1.008E-08 
Element Peak(mm) Net(cps)   Bg-   Bg+  S.D.(%)   D.L.(ppm)  
 1 Na   129.476    308.1    0.0   16.0    1.85      151 
 2 S    171.948      1.7    5.6    5.2   38.02 ?    113 
 3 Fe   134.739    181.6    2.3    2.7    1.68      366 
 4 Si    77.822   3208.6   35.3   19.8    0.40      236 
 5 Cl   151.478     24.1    9.3    8.9    4.93       48 
 6 F    199.140      1.4    3.6    3.1   37.73 ?    373 
 7 K    119.485    421.7   34.5   20.6    0.95       61 
 8 Mn   146.243      2.9    1.9    2.5   17.29      303 
 9 Al    90.995   1071.1   17.8    7.6    0.69      162 
10 P    197.118     24.6    3.3    2.9    5.05      155 
11 Mg   107.534    604.1   41.1    0.0    0.94      175 
12 Ca   107.121   2469.5   32.9   39.3    0.46       91 
13 Ti    88.305    566.4    0.0   47.2    0.98      128 


Element  f(chi)    If/Ip     abs-el    1/s-el      r-el      c/k-el    c/k-std
 Na      0.3997    0.0039    0.4771    0.9925     0.9871     2.1311     0.9957
 S       0.7699    0.0039    0.8220    0.9618     1.0239     1.2304     0.9880
 Fe      0.9808    0.0000    0.9968    0.8100     1.0557     1.1731     0.9989
 Si      0.7029    0.0013    0.7713    0.9869     1.0095     1.2996     1.0125
 Cl      0.8322    0.0072    0.8818    0.9127     1.0305     1.1972     0.9839
 F       0.1894    0.0014    0.2487    1.0181     0.9747     4.0457     1.0195
 K       0.9099    0.0182    0.9488    0.9035     1.0414     1.1000     0.9942
 Mn      0.9751    0.0000    0.9938    0.7984     1.0562     1.1934     1.0408
 Al      0.6476    0.0095    0.7263    0.9682     1.0019     1.4059     1.0047
 P       0.6871    0.0021    0.7445    0.9458     1.0169     1.3935     0.9886
 Mg      0.5373    0.0070    0.6159    1.0074     0.9943     1.6098     1.0050
 Ca      0.9296    0.0063    0.9629    0.9178     1.0458     1.0751     1.0001
 Ti      0.9480    0.0106    0.9754    0.8279     1.0523     1.1644     1.0024

Element  El. mass% Ox mass% Norm El%  Norm ox%  At prop  c/k-std   k-value   k-(std) 
 Na       2.73      3.68      2.70      3.64     1.063   0.9957   0.02744   1.38424  
 S        0.0129    0.0323    0.0128    0.0319   0.0036  0.9880   0.000131  0.024317  
 Fe      10.23     13.16     10.10     13.00     1.639   0.9989   0.10244   0.98472  
 Si      21.28     45.52     21.02     44.96     6.776   1.0125   0.21033   0.87799  
 Cl       0.1475    0.1475    0.1457    0.1457   0.0372  0.9839   0.001500  0.103343  
 F        0.1139    0.1139    0.1125    0.1125   0.0536  1.0195   0.001117  0.234675  
 K        1.56      1.88      1.54      1.85     0.356   0.9942   0.01566   2.28970  
 Mn       0.1821    0.2351    0.1799    0.2322   0.0296  1.0408   0.001750  0.005195  
 Al       8.11     15.32      8.01     15.13     2.688   1.0047   0.08072   1.21360  
 P        0.2996    0.6866    0.2959    0.6782   0.0865  0.9886   0.003031  1.772389  
 Mg       3.19      5.28      3.15      5.22     1.172   1.0050   0.03171   1.02975  
 Ca       8.45     11.83      8.35     11.68     1.887   1.0001   0.08453   1.26329  
 Ti       2.01      3.36      1.99      3.32     0.376   1.0024   0.02009   0.82168  
 O       42.93       -       42.40       -      24.000      -         -        
 -----------------------------------------------------------------------------
Total:  101.24    101.24    100.00    100.00    16.167




Unknown Specimen No. 72 
 Group        : bas-Glas        Sample  : 201216_Fr      
 UNK No.      :   72            Comment : UnknA-Flow1-1_2                          
 Stage        :    X=   49.8750  Y=   82.6105  Z=   11.4155 
 Acc. Voltage :    15.0 (kV)    Probe Dia. : 5    Scan : Off 
 Dated on Dec 20 20:24 2016 
 WDS only       No. of accumulation : 1 

Curr.(A) : 1.008E-08 
Element Peak(mm) Net(cps)   Bg-   Bg+  S.D.(%)   D.L.(ppm)  
 1 Na   129.476    313.0    0.0   17.6    1.84      158 
 2 S    171.948      2.1    5.7    6.2   33.52 ?    120 
 3 Fe   134.739    184.7    2.9    3.8    1.68      427 
 4 Si    77.822   3224.6   34.5   20.2    0.40      235 
 5 Cl   151.478     26.9    9.9    7.3    4.50       46 
 6 F    199.140      1.4    3.9    3.7   38.78 ?    396 
 7 K    119.485    422.8   34.4   19.9    0.95       61 
 8 Mn   146.243      2.1    2.1    1.9   21.58      287 
 9 Al    90.995   1099.5   17.2    9.8    0.68      166 
10 P    197.118     24.0    2.6    2.7    5.06      145 
11 Mg   107.534    591.9   41.3    0.0    0.95      176 
12 Ca   107.121   2485.3   35.5   34.8    0.45       89 
13 Ti    88.305    570.1    0.0   47.3    0.97      128 


Element  f(chi)    If/Ip     abs-el    1/s-el      r-el      c/k-el    c/k-std
 Na      0.3995    0.0039    0.4768    0.9926     0.9871     2.1321     0.9962
 S       0.7699    0.0039    0.8220    0.9619     1.0239     1.2304     0.9880
 Fe      0.9808    0.0000    0.9968    0.8101     1.0557     1.1730     0.9988
 Si      0.7023    0.0013    0.7707    0.9870     1.0094     1.3006     1.0132
 Cl      0.8322    0.0072    0.8818    0.9128     1.0304     1.1971     0.9839
 F       0.1897    0.0014    0.2491    1.0182     0.9747     4.0397     1.0180
 K       0.9099    0.0182    0.9488    0.9036     1.0414     1.1000     0.9942
 Mn      0.9751    0.0000    0.9938    0.7984     1.0561     1.1933     1.0407
 Al      0.6479    0.0095    0.7267    0.9683     1.0018     1.4052     1.0042
 P       0.6871    0.0021    0.7444    0.9459     1.0169     1.3936     0.9886
 Mg      0.5370    0.0070    0.6155    1.0075     0.9943     1.6106     1.0055
 Ca      0.9296    0.0063    0.9629    0.9179     1.0458     1.0750     1.0001
 Ti      0.9480    0.0106    0.9754    0.8280     1.0523     1.1642     1.0022

Element  El. mass% Ox mass% Norm El%  Norm ox%  At prop  c/k-std   k-value   k-(std) 
 Na       2.78      3.74      2.72      3.66     1.071   0.9962   0.02787   1.40627  
 S        0.0156    0.0391    0.0153    0.0382   0.0043  0.9880   0.000158  0.029421  
 Fe      10.41     13.39     10.19     13.11     1.653   0.9988   0.10423   1.00189  
 Si      21.39     45.76     20.95     44.81     6.757   1.0132   0.21138   0.88236  
 Cl       0.1645    0.1645    0.1611    0.1611   0.0412  0.9839   0.001671  0.115196  
 F        0.1163    0.1163    0.1139    0.1139   0.0543  1.0180   0.001143  0.240045  
 K        1.56      1.88      1.53      1.84     0.354   0.9942   0.01570   2.29546  
 Mn       0.1326    0.1713    0.1299    0.1677   0.0214  1.0407   0.001274  0.003784  
 Al       8.32     15.71      8.15     15.39     2.735   1.0042   0.08286   1.24582  
 P        0.2928    0.6709    0.2867    0.6571   0.0839  0.9886   0.002961  1.731781  
 Mg       3.12      5.18      3.06      5.07     1.140   1.0055   0.03107   1.00909  
 Ca       8.51     11.90      8.33     11.66     1.883   1.0001   0.08507   1.27137  
 Ti       2.03      3.38      1.98      3.31     0.375   1.0022   0.02022   0.82705  
 O       43.28       -       42.39       -      24.000      -         -        
 -----------------------------------------------------------------------------
Total:  102.10    102.10    100.00    100.00    16.174




Unknown Specimen No. 73 
 Group        : bas-Glas        Sample  : 201216_Fr      
 UNK No.      :   73            Comment : UnknA-Flow1-1_3                          
 Stage        :    X=   50.0545  Y=   82.1515  Z=   11.4155 
 Acc. Voltage :    15.0 (kV)    Probe Dia. : 5    Scan : Off 
 Dated on Dec 20 20:27 2016 
 WDS only       No. of accumulation : 1 

Curr.(A) : 1.008E-08 
Element Peak(mm) Net(cps)   Bg-   Bg+  S.D.(%)   D.L.(ppm)  
 1 Na   129.476    344.8    0.0   18.7    1.75      163 
 2 S    171.948      1.4    6.6    5.4   48.41 ?    119 
 3 Fe   134.739    183.0    2.1    2.6    1.68      356 
 4 Si    77.822   3192.0   31.9   18.0    0.40      225 
 5 Cl   151.478     26.0    8.9    9.1    4.66       48 
 6 F    199.140      0.7    4.1    2.4   76.88 ?    374 
 7 K    119.485    397.9   34.0   22.7    0.98       62 
 8 Mn   146.243      2.6    2.3    1.9   18.45      293 
 9 Al    90.995   1105.2   14.4    9.5    0.68      156 
10 P    197.118     27.5    3.4    2.5    4.69      150 
11 Mg   107.534    580.1   39.9    0.0    0.96      173 
12 Ca   107.121   2498.5   35.6   41.6    0.45       94 
13 Ti    88.305    549.5    0.0   48.4    0.99      129 


Element  f(chi)    If/Ip     abs-el    1/s-el      r-el      c/k-el    c/k-std
 Na      0.4004    0.0039    0.4779    0.9925     0.9872     2.1275     0.9940
 S       0.7698    0.0039    0.8219    0.9618     1.0240     1.2306     0.9881
 Fe      0.9809    0.0000    0.9969    0.8100     1.0558     1.1730     0.9988
 Si      0.7016    0.0013    0.7699    0.9869     1.0095     1.3019     1.0143
 Cl      0.8322    0.0071    0.8818    0.9126     1.0305     1.1973     0.9840
 F       0.1899    0.0014    0.2493    1.0181     0.9748     4.0362     1.0172
 K       0.9099    0.0182    0.9488    0.9035     1.0415     1.1000     0.9942
 Mn      0.9752    0.0000    0.9939    0.7983     1.0562     1.1933     1.0407
 Al      0.6475    0.0094    0.7262    0.9682     1.0019     1.4062     1.0049
 P       0.6872    0.0021    0.7446    0.9458     1.0170     1.3934     0.9885
 Mg      0.5361    0.0070    0.6145    1.0073     0.9944     1.6133     1.0072
 Ca      0.9298    0.0063    0.9631    0.9178     1.0459     1.0749     1.0000
 Ti      0.9481    0.0106    0.9754    0.8279     1.0524     1.1643     1.0023

Element  El. mass% Ox mass% Norm El%  Norm ox%  At prop  c/k-std   k-value   k-(std) 
 Na       3.05      4.11      3.00      4.04     1.181   0.9940   0.03071   1.54925  
 S        0.0104    0.0260    0.0102    0.0256   0.0029  0.9881   0.000105  0.019607 ?
 Fe      10.31     13.26     10.12     13.02     1.643   0.9988   0.10322   0.99223  
 Si      21.20     45.35     20.82     44.54     6.718   1.0143   0.20924   0.87345  
 Cl       0.1591    0.1591    0.1562    0.1562   0.0399  0.9840   0.001617  0.111406  
 F        0.0538    0.0538    0.0528    0.0528   0.0252  1.0172   0.000529  0.111116  
 K        1.47      1.77      1.44      1.74     0.334   0.9942   0.01477   2.16008  
 Mn       0.1631    0.2106    0.1602    0.2068   0.0264  1.0407   0.001567  0.004653  
 Al       8.37     15.81      8.22     15.52     2.760   1.0049   0.08329   1.25229  
 P        0.3357    0.7694    0.3297    0.7556   0.0965  0.9885   0.003397  1.986258  
 Mg       3.07      5.08      3.01      4.99     1.123   1.0072   0.03045   0.98895  
 Ca       8.55     11.96      8.40     11.75     1.899   1.0000   0.08552   1.27813  
 Ti       1.95      3.26      1.92      3.20     0.363   1.0023   0.01949   0.79720  
 O       43.14       -       42.37       -      24.000      -         -        
 -----------------------------------------------------------------------------
Total:  101.83    101.83    100.00    100.00    16.212




Unknown Specimen No. 74 
 Group        : bas-Glas        Sample  : 201216_Fr      
 UNK No.      :   74            Comment : UnknA-Flow1-1_4                          
 Stage        :    X=   49.6515  Y=   83.6115  Z=   11.4225 
 Acc. Voltage :    15.0 (kV)    Probe Dia. : 5    Scan : Off 
 Dated on Dec 20 20:31 2016 
 WDS only       No. of accumulation : 1 

Curr.(A) : 1.008E-08 
Element Peak(mm) Net(cps)   Bg-   Bg+  S.D.(%)   D.L.(ppm)  
 1 Na   129.476    302.9    0.0   19.6    1.87      167 
 2 S    171.948      2.8    5.5    4.5   23.38      109 
 3 Fe   134.739    185.8    2.9    3.0    1.67      393 
 4 Si    77.822   3192.5   32.1   21.6    0.40      232 
 5 Cl   151.478     26.8    8.1    6.5    4.37       43 
 6 F    199.140      1.0    3.3    2.9   49.61 ?    359 
 7 K    119.485    395.7   34.1   22.7    0.98       62 
 8 Mn   146.243      2.1    2.3    1.7   21.07      286 
 9 Al    90.995   1069.0   15.8    9.3    0.69      160 
10 P    197.118     27.1    3.1    2.9    4.76      153 
11 Mg   107.534    586.3   38.0    0.0    0.95      169 
12 Ca   107.121   2399.0   35.4   35.4    0.46       90 
13 Ti    88.305    571.2    0.0   48.2    0.97      129 


Element  f(chi)    If/Ip     abs-el    1/s-el      r-el      c/k-el    c/k-std
 Na      0.3985    0.0039    0.4756    0.9928     0.9870     2.1373     0.9986
 S       0.7695    0.0038    0.8216    0.9621     1.0238     1.2310     0.9885
 Fe      0.9809    0.0000    0.9969    0.8103     1.0557     1.1727     0.9985
 Si      0.7024    0.0013    0.7708    0.9872     1.0094     1.3002     1.0130
 Cl      0.8319    0.0070    0.8814    0.9129     1.0304     1.1977     0.9843
 F       0.1900    0.0014    0.2494    1.0184     0.9746     4.0336     1.0165
 K       0.9097    0.0179    0.9486    0.9038     1.0413     1.1004     0.9945
 Mn      0.9752    0.0000    0.9939    0.7986     1.0561     1.1930     1.0404
 Al      0.6472    0.0095    0.7259    0.9685     1.0018     1.4065     1.0051
 P       0.6867    0.0021    0.7441    0.9461     1.0168     1.3941     0.9890
 Mg      0.5363    0.0070    0.6147    1.0077     0.9942     1.6125     1.0067
 Ca      0.9297    0.0065    0.9629    0.9181     1.0457     1.0747     0.9998
 Ti      0.9484    0.0109    0.9758    0.8282     1.0523     1.1634     1.0015

Element  El. mass% Ox mass% Norm El%  Norm ox%  At prop  c/k-std   k-value   k-(std) 
 Na       2.69      3.63      2.67      3.60     1.052   0.9986   0.02697   1.36087  
 S        0.0212    0.0529    0.0210    0.0525   0.0059  0.9885   0.000214  0.039828  
 Fe      10.46     13.46     10.39     13.37     1.683   0.9985   0.10481   1.00752  
 Si      21.19     45.33     21.04     45.01     6.777   1.0130   0.20927   0.87358  
 Cl       0.1643    0.1643    0.1632    0.1632   0.0416  0.9843   0.001670  0.115062  
 F        0.0814    0.0814    0.0808    0.0808   0.0385  1.0165   0.000801  0.168246  
 K        1.46      1.76      1.45      1.75     0.336   0.9945   0.01470   2.14844  
 Mn       0.1358    0.1753    0.1348    0.1741   0.0222  1.0404   0.001305  0.003875  
 Al       8.10     15.30      8.04     15.19     2.696   1.0051   0.08056   1.21127  
 P        0.3306    0.7575    0.3282    0.7521   0.0959  0.9890   0.003342  1.954674  
 Mg       3.10      5.14      3.08      5.10     1.145   1.0067   0.03077   0.99944  
 Ca       8.21     11.49      8.15     11.40     1.840   0.9998   0.08211   1.22722  
 Ti       2.03      3.38      2.01      3.36     0.381   1.0015   0.02026   0.82858  
 O       42.74       -       42.44       -      24.000      -         -        
 -----------------------------------------------------------------------------
Total:  100.72    100.72    100.00    100.00    16.113




Unknown Specimen No. 75 
 Group        : bas-Glas        Sample  : 201216_Fr      
 UNK No.      :   75            Comment : UnknA-Flow1-1_5                          
 Stage        :    X=   49.8700  Y=   84.1125  Z=   11.4240 
 Acc. Voltage :    15.0 (kV)    Probe Dia. : 5    Scan : Off 
 Dated on Dec 20 20:34 2016 
 WDS only       No. of accumulation : 1 

Curr.(A) : 1.009E-08 
Element Peak(mm) Net(cps)   Bg-   Bg+  S.D.(%)   D.L.(ppm)  
 1 Na   129.476    302.8    0.0   17.7    1.87      159 
 2 S    171.948      2.4    5.5    5.4   27.81      114 
 3 Fe   134.739    179.8    2.9    2.3    1.69      360 
 4 Si    77.822   3203.1   32.7   19.6    0.40      230 
 5 Cl   151.478     24.2    9.2    8.2    4.86       47 
 6 F    199.140      1.0    3.6    2.8   52.60 ?    366 
 7 K    119.485    404.8   32.9   24.1    0.97       62 
 8 Mn   146.243      2.1    2.1    2.1   21.82      295 
 9 Al    90.995   1080.7   16.8   10.1    0.69      166 
10 P    197.118     26.2    2.6    2.8    4.82      147 
11 Mg   107.534    587.5   40.3    0.0    0.95      173 
12 Ca   107.121   2429.2   34.6   35.3    0.46       89 
13 Ti    88.305    563.4    0.0   47.4    0.98      128 


Element  f(chi)    If/Ip     abs-el    1/s-el      r-el      c/k-el    c/k-std
 Na      0.4003    0.0039    0.4778    0.9922     0.9872     2.1283     0.9944
 S       0.7696    0.0038    0.8217    0.9615     1.0241     1.2313     0.9887
 Fe      0.9809    0.0000    0.9969    0.8098     1.0558     1.1733     0.9991
 Si      0.7030    0.0013    0.7715    0.9866     1.0096     1.2995     1.0124
 Cl      0.8320    0.0071    0.8815    0.9124     1.0306     1.1979     0.9845
 F       0.1895    0.0014    0.2488    1.0178     0.9748     4.0452     1.0194
 K       0.9098    0.0180    0.9487    0.9032     1.0415     1.1006     0.9947
 Mn      0.9752    0.0000    0.9938    0.7981     1.0562     1.1936     1.0409
 Al      0.6487    0.0096    0.7276    0.9679     1.0020     1.4037     1.0032
 P       0.6868    0.0021    0.7442    0.9455     1.0170     1.3945     0.9893
 Mg      0.5381    0.0070    0.6168    1.0070     0.9944     1.6077     1.0037
 Ca      0.9297    0.0063    0.9629    0.9176     1.0459     1.0753     1.0004
 Ti      0.9482    0.0105    0.9756    0.8277     1.0524     1.1645     1.0025

Element  El. mass% Ox mass% Norm El%  Norm ox%  At prop  c/k-std   k-value   k-(std) 
 Na       2.68      3.61      2.66      3.59     1.046   0.9944   0.02694   1.35907  
 S        0.0183    0.0456    0.0182    0.0454   0.0051  0.9887   0.000185  0.034329  
 Fe      10.13     13.03     10.07     12.96     1.629   0.9991   0.10137   0.97439  
 Si      21.23     45.41     21.12     45.17     6.789   1.0124   0.20976   0.87560  
 Cl       0.1480    0.1480    0.1472    0.1472   0.0375  0.9845   0.001503  0.103604  
 F        0.0784    0.0784    0.0779    0.0779   0.0370  1.0194   0.000769  0.161472  
 K        1.49      1.80      1.49      1.79     0.343   0.9947   0.01502   2.19558  
 Mn       0.1338    0.1728    0.1331    0.1719   0.0219  1.0409   0.001286  0.003817  
 Al       8.16     15.42      8.12     15.34     2.717   1.0032   0.08136   1.22328  
 P        0.3194    0.7318    0.3176    0.7279   0.0926  0.9893   0.003228  1.887828  
 Mg       3.09      5.13      3.08      5.10     1.142   1.0037   0.03081   1.00050  
 Ca       8.31     11.63      8.26     11.56     1.862   1.0004   0.08306   1.24144  
 Ti       2.00      3.34      1.99      3.32     0.375   1.0025   0.01996   0.81651  
 O       42.75       -       42.52       -      24.000      -         -        
 -----------------------------------------------------------------------------
Total:  100.54    100.54    100.00    100.00    16.098




Unknown Specimen No. 76 
 Group        : bas-Glas        Sample  : 201216_Fr      
 UNK No.      :   76            Comment : UnknA-Flow1-1_6                          
 Stage        :    X=   50.2635  Y=   83.7415  Z=   11.4240 
 Acc. Voltage :    15.0 (kV)    Probe Dia. : 5    Scan : Off 
 Dated on Dec 20 20:38 2016 
 WDS only       No. of accumulation : 1 

Curr.(A) : 1.008E-08 
Element Peak(mm) Net(cps)   Bg-   Bg+  S.D.(%)   D.L.(ppm)  
 1 Na   129.476    300.0    0.0   17.6    1.88      158 
 2 S    171.948      2.1    5.7    5.3   30.97      114 
 3 Fe   134.739    173.1    2.4    3.1    1.73      387 
 4 Si    77.822   3185.9   30.2   21.3    0.40      227 
 5 Cl   151.478     21.1    8.8    7.3    5.27       45 
 6 F    199.140      0.6    3.4    2.3   84.30 ?    348 
 7 K    119.485    394.4   32.9   22.3    0.98       61 
 8 Mn   146.243      2.7    2.6    2.0   17.97      307 
 9 Al    90.995   1078.4   16.4   10.2    0.69      165 
10 P    197.118     29.0    3.5    3.1    4.61      160 
11 Mg   107.534    583.8   40.8    0.0    0.96      175 
12 Ca   107.121   2569.3   31.2   37.3    0.45       89 
13 Ti    88.305    566.7    0.0   49.0    0.98      130 


Element  f(chi)    If/Ip     abs-el    1/s-el      r-el      c/k-el    c/k-std
 Na      0.4015    0.0039    0.4792    0.9920     0.9873     2.1227     0.9918
 S       0.7702    0.0039    0.8224    0.9613     1.0241     1.2304     0.9879
 Fe      0.9807    0.0000    0.9966    0.8096     1.0558     1.1738     0.9995
 Si      0.7040    0.0014    0.7725    0.9864     1.0096     1.2981     1.0113
 Cl      0.8325    0.0074    0.8821    0.9122     1.0306     1.1971     0.9839
 F       0.1883    0.0014    0.2472    1.0175     0.9748     4.0724     1.0263
 K       0.9101    0.0189    0.9490    0.9030     1.0416     1.0995     0.9938
 Mn      0.9749    0.0000    0.9936    0.7979     1.0563     1.1942     1.0415
 Al      0.6498    0.0096    0.7288    0.9677     1.0020     1.4016     1.0016
 P       0.6878    0.0022    0.7453    0.9453     1.0171     1.3926     0.9880
 Mg      0.5393    0.0071    0.6182    1.0068     0.9945     1.6043     1.0016
 Ca      0.9300    0.0062    0.9633    0.9173     1.0460     1.0752     1.0003
 Ti      0.9476    0.0101    0.9750    0.8275     1.0525     1.1660     1.0037

Element  El. mass% Ox mass% Norm El%  Norm ox%  At prop  c/k-std   k-value   k-(std) 
 Na       2.65      3.57      2.64      3.56     1.036   0.9918   0.02671   1.34783  
 S        0.0163    0.0406    0.0162    0.0404   0.0046  0.9879   0.000165  0.030585  
 Fe       9.76     12.55      9.72     12.50     1.571   0.9995   0.09764   0.93859  
 Si      21.11     45.17     21.02     44.97     6.757   1.0113   0.20884   0.87178  
 Cl       0.1292    0.1292    0.1286    0.1286   0.0328  0.9839   0.001313  0.090482  
 F        0.0459    0.0459    0.0457    0.0457   0.0217  1.0263   0.000447  0.093913  
 K        1.46      1.75      1.45      1.75     0.335   0.9938   0.01465   2.14133  
 Mn       0.1744    0.2252    0.1736    0.2242   0.0285  1.0415   0.001675  0.004972  
 Al       8.14     15.38      8.10     15.31     2.712   1.0016   0.08127   1.22185  
 P        0.3531    0.8091    0.3516    0.8056   0.1025  0.9880   0.003574  2.090034  
 Mg       3.07      5.09      3.06      5.07     1.135   1.0016   0.03064   0.99526  
 Ca       8.80     12.31      8.76     12.25     1.973   1.0003   0.08794   1.31436  
 Ti       2.02      3.37      2.01      3.35     0.379   1.0037   0.02010   0.82205  
 O       42.72       -       42.53       -      24.000      -         -        
 -----------------------------------------------------------------------------
Total:  100.44    100.44    100.00    100.00    16.086




Unknown Specimen No. 77 
 Group        : bas-Glas        Sample  : 201216_Fr      
 UNK No.      :   77            Comment : UnknA-Flow1-1_7                          
 Stage        :    X=   52.0305  Y=   84.3200  Z=   11.4280 
 Acc. Voltage :    15.0 (kV)    Probe Dia. : 5    Scan : Off 
 Dated on Dec 20 20:41 2016 
 WDS only       No. of accumulation : 1 

Curr.(A) : 1.009E-08 
Element Peak(mm) Net(cps)   Bg-   Bg+  S.D.(%)   D.L.(ppm)  
 1 Na   129.476    292.1    0.0   17.6    1.91      158 
 2 S    171.948      1.7    4.5    6.7   39.64 ?    118 
 3 Fe   134.739    186.7    2.4    2.3    1.66      348 
 4 Si    77.822   3197.5   34.1   19.6    0.40      233 
 5 Cl   151.478     24.5    8.8    9.4    4.88       48 
 6 F    199.140      0.6    3.3    3.2   89.68 ?    365 
 7 K    119.485    374.9   35.1   22.6    1.02       62 
 8 Mn   146.243      2.9    2.3    2.1   17.07      301 
 9 Al    90.995   1081.3   15.8    9.9    0.69      162 
10 P    197.118     25.6    3.1    3.3    4.96      160 
11 Mg   107.534    601.6   40.3    0.0    0.94      173 
12 Ca   107.121   2473.5   35.1   40.0    0.46       93 
13 Ti    88.305    575.9    0.0   46.9    0.97      127 


Element  f(chi)    If/Ip     abs-el    1/s-el      r-el      c/k-el    c/k-std
 Na      0.3981    0.0039    0.4751    0.9930     0.9869     2.1393     0.9996
 S       0.7696    0.0038    0.8217    0.9622     1.0237     1.2307     0.9882
 Fe      0.9809    0.0000    0.9968    0.8104     1.0556     1.1727     0.9985
 Si      0.7020    0.0013    0.7704    0.9874     1.0093     1.3009     1.0135
 Cl      0.8320    0.0071    0.8816    0.9131     1.0303     1.1973     0.9840
 F       0.1896    0.0014    0.2489    1.0186     0.9745     4.0423     1.0187
 K       0.9098    0.0183    0.9487    0.9039     1.0413     1.0998     0.9940
 Mn      0.9752    0.0000    0.9938    0.7987     1.0560     1.1929     1.0404
 Al      0.6470    0.0095    0.7257    0.9687     1.0017     1.4069     1.0054
 P       0.6868    0.0021    0.7442    0.9463     1.0167     1.3938     0.9888
 Mg      0.5365    0.0070    0.6150    1.0078     0.9941     1.6116     1.0061
 Ca      0.9300    0.0065    0.9633    0.9182     1.0457     1.0742     0.9993
 Ti      0.9482    0.0109    0.9756    0.8283     1.0522     1.1635     1.0016

Element  El. mass% Ox mass% Norm El%  Norm ox%  At prop  c/k-std   k-value   k-(std) 
 Na       2.60      3.50      2.57      3.46     1.010   0.9996   0.02598   1.31101  
 S        0.0129    0.0323    0.0128    0.0320   0.0036  0.9882   0.000131  0.024356  
 Fe      10.50     13.51     10.38     13.35     1.682   0.9985   0.10521   1.01132  
 Si      21.21     45.37     20.96     44.84     6.752   1.0135   0.20940   0.87409  
 Cl       0.1497    0.1497    0.1479    0.1479   0.0378  0.9840   0.001521  0.104815  
 F        0.0444    0.0444    0.0439    0.0439   0.0209  1.0187   0.000436  0.091501  
 K        1.38      1.67      1.37      1.65     0.316   0.9940   0.01391   2.03354  
 Mn       0.1833    0.2367    0.1812    0.2339   0.0298  1.0404   0.001762  0.005231  
 Al       8.18     15.46      8.09     15.28     2.712   1.0054   0.08140   1.22394  
 P        0.3125    0.7161    0.3089    0.7078   0.0902  0.9888   0.003160  1.848162  
 Mg       3.17      5.26      3.14      5.20     1.167   1.0061   0.03154   1.02446  
 Ca       8.45     11.83      8.35     11.69     1.886   0.9993   0.08458   1.26406  
 Ti       2.04      3.41      2.02      3.37     0.382   1.0016   0.02041   0.83458  
 O       42.94       -       42.44       -      24.000      -         -        
 -----------------------------------------------------------------------------
Total:  101.18    101.18    100.00    100.00    16.090




Unknown Specimen No. 78 
 Group        : bas-Glas        Sample  : 201216_Fr      
 UNK No.      :   78            Comment : UnknA-Flow1-1_8                          
 Stage        :    X=   52.3350  Y=   83.9540  Z=   11.4280 
 Acc. Voltage :    15.0 (kV)    Probe Dia. : 5    Scan : Off 
 Dated on Dec 20 20:45 2016 
 WDS only       No. of accumulation : 1 

Curr.(A) : 1.008E-08 
Element Peak(mm) Net(cps)   Bg-   Bg+  S.D.(%)   D.L.(ppm)  
 1 Na   129.476    302.7    0.0   17.2    1.87      156 
 2 S    171.948      1.5    5.5    4.9   43.39 ?    111 
 3 Fe   134.739    178.8    2.2    2.4    1.70      349 
 4 Si    77.822   3222.1   31.1   20.5    0.40      227 
 5 Cl   151.478     26.0    7.8    7.9    4.54       44 
 6 F    199.140      0.8    3.2    3.4   60.85 ?    365 
 7 K    119.485    379.1   32.3   21.3    1.00       60 
 8 Mn   146.243      2.6    1.9    2.3   18.70      300 
 9 Al    90.995   1092.9   17.2    8.6    0.68      163 
10 P    197.118     23.9    3.2    3.4    5.19      162 
11 Mg   107.534    606.0   41.5    0.0    0.94      176 
12 Ca   107.121   2516.7   30.9   39.7    0.45       90 
13 Ti    88.305    555.1    0.0   50.1    0.99      132 


Element  f(chi)    If/Ip     abs-el    1/s-el      r-el      c/k-el    c/k-std
 Na      0.4009    0.0039    0.4785    0.9920     0.9873     2.1254     0.9931
 S       0.7698    0.0039    0.8219    0.9613     1.0241     1.2311     0.9886
 Fe      0.9808    0.0000    0.9968    0.8097     1.0558     1.1735     0.9993
 Si      0.7030    0.0013    0.7714    0.9864     1.0097     1.2999     1.0127
 Cl      0.8321    0.0072    0.8817    0.9122     1.0306     1.1978     0.9844
 F       0.1892    0.0014    0.2484    1.0176     0.9749     4.0522     1.0212
 K       0.9098    0.0184    0.9487    0.9031     1.0416     1.1003     0.9944
 Mn      0.9751    0.0000    0.9938    0.7980     1.0563     1.1938     1.0412
 Al      0.6488    0.0096    0.7277    0.9677     1.0020     1.4037     1.0031
 P       0.6869    0.0021    0.7443    0.9453     1.0171     1.3945     0.9893
 Mg      0.5388    0.0071    0.6176    1.0069     0.9945     1.6058     1.0025
 Ca      0.9300    0.0062    0.9633    0.9174     1.0460     1.0752     1.0002
 Ti      0.9480    0.0104    0.9754    0.8275     1.0525     1.1651     1.0030

Element  El. mass% Ox mass% Norm El%  Norm ox%  At prop  c/k-std   k-value   k-(std) 
 Na       2.68      3.61      2.64      3.56     1.037   0.9931   0.02695   1.35997  
 S        0.0110    0.0276    0.0109    0.0272   0.0031  0.9886   0.000112  0.020754 ?
 Fe      10.08     12.97      9.94     12.79     1.608   0.9993   0.10088   0.96972  
 Si      21.37     45.72     21.09     45.11     6.779   1.0127   0.21121   0.88168  
 Cl       0.1589    0.1589    0.1568    0.1568   0.0399  0.9844   0.001615  0.111275  
 F        0.0666    0.0666    0.0657    0.0657   0.0312  1.0212   0.000652  0.137023  
 K        1.40      1.69      1.38      1.66     0.319   0.9944   0.01408   2.05839  
 Mn       0.1639    0.2116    0.1617    0.2088   0.0266  1.0412   0.001574  0.004674  
 Al       8.26     15.61      8.15     15.40     2.728   1.0031   0.08236   1.23832  
 P        0.2922    0.6696    0.2883    0.6606   0.0841  0.9893   0.002954  1.727269  
 Mg       3.19      5.29      3.15      5.22     1.168   1.0025   0.03181   1.03299  
 Ca       8.62     12.05      8.50     11.89     1.915   1.0002   0.08614   1.28742  
 Ti       1.97      3.29      1.95      3.25     0.367   1.0030   0.01969   0.80527  
 O       43.10       -       42.52       -      24.000      -         -        
 -----------------------------------------------------------------------------
Total:  101.35    101.35    100.00    100.00    16.107




Unknown Specimen No. 79 
 Group        : bas-Glas        Sample  : 201216_Fr      
 UNK No.      :   79            Comment : UnknA-Flow1-1_9                          
 Stage        :    X=   51.8215  Y=   83.2855  Z=   11.4220 
 Acc. Voltage :    15.0 (kV)    Probe Dia. : 5    Scan : Off 
 Dated on Dec 20 20:48 2016 
 WDS only       No. of accumulation : 1 

Curr.(A) : 1.009E-08 
Element Peak(mm) Net(cps)   Bg-   Bg+  S.D.(%)   D.L.(ppm)  
 1 Na   129.476    294.1    0.0   19.0    1.90      164 
 2 S    171.948      1.7    6.5    5.6   38.87 ?    119 
 3 Fe   134.739    194.0    2.9    3.1    1.63      397 
 4 Si    77.822   3188.5   32.0   20.5    0.40      229 
 5 Cl   151.478     26.3    9.1    6.8    4.50       44 
 6 F    199.140      0.1    3.9    3.1  364.25 ?    381 
 7 K    119.485    385.1   34.6   24.2    1.00       63 
 8 Mn   146.243      3.2    2.3    1.5   14.97      279 
 9 Al    90.995   1073.0   16.3    9.4    0.69      162 
10 P    197.118     23.9    3.4    2.5    5.10      150 
11 Mg   107.534    551.0   40.2    0.0    0.99      173 
12 Ca   107.121   2363.9   32.4   37.4    0.47       89 
13 Ti    88.305    566.5    0.0   45.3    0.98      125 


Element  f(chi)    If/Ip     abs-el    1/s-el      r-el      c/k-el    c/k-std
 Na      0.3956    0.0038    0.4722    0.9938     0.9866     2.1516     1.0053
 S       0.7691    0.0038    0.8212    0.9630     1.0235     1.2309     0.9884
 Fe      0.9810    0.0000    0.9970    0.8110     1.0555     1.1718     0.9978
 Si      0.7015    0.0013    0.7698    0.9882     1.0090     1.3012     1.0137
 Cl      0.8316    0.0070    0.8812    0.9138     1.0300     1.1974     0.9841
 F       0.1903    0.0014    0.2498    1.0194     0.9742     4.0247     1.0142
 K       0.9095    0.0178    0.9484    0.9046     1.0410     1.1000     0.9942
 Mn      0.9753    0.0000    0.9940    0.7993     1.0559     1.1920     1.0396
 Al      0.6464    0.0095    0.7249    0.9695     1.0013     1.4076     1.0059
 P       0.6861    0.0021    0.7434    0.9470     1.0164     1.3946     0.9894
 Mg      0.5339    0.0070    0.6120    1.0087     0.9938     1.6187     1.0106
 Ca      0.9297    0.0067    0.9629    0.9190     1.0454     1.0738     0.9990
 Ti      0.9485    0.0115    0.9759    0.8289     1.0520     1.1617     1.0001

Element  El. mass% Ox mass% Norm El%  Norm ox%  At prop  c/k-std   k-value   k-(std) 
 Na       2.63      3.54      2.62      3.53     1.031   1.0053   0.02616   1.32000  
 S        0.0132    0.0330    0.0132    0.0329   0.0037  0.9884   0.000134  0.024872  
 Fe      10.91     14.03     10.85     13.96     1.760   0.9978   0.10932   1.05088  
 Si      21.16     45.26     21.05     45.03     6.789   1.0137   0.20880   0.87162  
 Cl       0.1606    0.1606    0.1598    0.1598   0.0408  0.9841   0.001632  0.112479  
 F        0.0111    0.0111    0.0110    0.0110   0.0052  1.0142   0.000109  0.022891 ?
 K        1.42      1.71      1.41      1.70     0.327   0.9942   0.01429   2.08877  
 Mn       0.2044    0.2639    0.2033    0.2625   0.0335  1.0396   0.001966  0.005837  
 Al       8.12     15.35      8.08     15.27     2.714   1.0059   0.08078   1.21459  
 P        0.2912    0.6672    0.2896    0.6637   0.0847  0.9894   0.002943  1.721050  
 Mg       2.92      4.84      2.90      4.82     1.083   1.0106   0.02889   0.93843  
 Ca       8.07     11.30      8.03     11.24     1.816   0.9990   0.08083   1.20804  
 Ti       2.01      3.35      2.00      3.33     0.378   1.0001   0.02007   0.82093  
 O       42.60       -       42.38       -      24.000      -         -        
 -----------------------------------------------------------------------------
Total:  100.53    100.53    100.00    100.00    16.066




Unknown Specimen No. 80 
 Group        : bas-Glas        Sample  : 201216_Fr      
 UNK No.      :   80            Comment : UnknA-Flow1-2_1                          
 Stage        :    X=   50.8490  Y=   88.1265  Z=   11.4455 
 Acc. Voltage :    15.0 (kV)    Probe Dia. : 5    Scan : Off 
 Dated on Dec 20 20:52 2016 
 WDS only       No. of accumulation : 1 

Curr.(A) : 1.009E-08 
Element Peak(mm) Net(cps)   Bg-   Bg+  S.D.(%)   D.L.(ppm)  
 1 Na   129.476    326.9    0.0   14.6    1.79      144 
 2 S    171.948      2.6    5.5    4.5   25.14      108 
 3 Fe   134.739    180.6    2.1    3.1    1.69      380 
 4 Si    77.822   3196.4   30.9   20.3    0.40      226 
 5 Cl   151.478     20.6    7.5    8.3    5.36       44 
 6 F    199.140     -0.5    4.4    2.7  100.00 ?    391 
 7 K    119.485    408.7   35.1   22.1    0.97       62 
 8 Mn   146.243      2.7    2.2    1.8   17.48      286 
 9 Al    90.995   1076.1   17.4    9.4    0.69      166 
10 P    197.118     26.0    3.1    2.9    4.88      153 
11 Mg   107.534    590.3   38.1    0.0    0.95      169 
12 Ca   107.121   2457.8   33.2   37.8    0.46       90 
13 Ti    88.305    560.3    0.0   46.9    0.98      127 


Element  f(chi)    If/Ip     abs-el    1/s-el      r-el      c/k-el    c/k-std
 Na      0.4004    0.0039    0.4779    0.9924     0.9872     2.1275     0.9940
 S       0.7697    0.0038    0.8218    0.9616     1.0240     1.2309     0.9884
 Fe      0.9809    0.0000    0.9968    0.8099     1.0558     1.1732     0.9990
 Si      0.7026    0.0013    0.7710    0.9867     1.0095     1.3002     1.0130
 Cl      0.8321    0.0072    0.8816    0.9125     1.0305     1.1976     0.9843
 K       0.9099    0.0182    0.9488    0.9034     1.0415     1.1002     0.9944
 Mn      0.9752    0.0000    0.9938    0.7982     1.0562     1.1935     1.0408
 Al      0.6477    0.0095    0.7264    0.9681     1.0019     1.4059     1.0047
 P       0.6870    0.0021    0.7444    0.9457     1.0170     1.3940     0.9889
 Mg      0.5369    0.0070    0.6155    1.0072     0.9944     1.6110     1.0057
 Ca      0.9297    0.0063    0.9630    0.9177     1.0459     1.0751     1.0002
 Ti      0.9481    0.0106    0.9755    0.8278     1.0524     1.1644     1.0024

Element  El. mass% Ox mass% Norm El%  Norm ox%  At prop  c/k-std   k-value   k-(std) 
 Na       2.89      3.90      2.87      3.86     1.127   0.9940   0.02908   1.46730  
 S        0.0194    0.0485    0.0193    0.0481   0.0054  0.9884   0.000197  0.036546  
 Fe      10.17     13.08     10.08     12.97     1.632   0.9990   0.10177   0.97830  
 Si      21.19     45.34     21.01     44.95     6.764   1.0130   0.20933   0.87380  
 Cl       0.1258    0.1258    0.1247    0.1247   0.0318  0.9843   0.001278  0.088100  
 F        0.00      0.00      0.00      0.00     0.000   0.2520   0.00000   0.00000 ?
 K        1.51      1.82      1.49      1.80     0.346   0.9944   0.01516   2.21665  
 Mn       0.1712    0.2211    0.1697    0.2192   0.0279  1.0408   0.001645  0.004884  
 Al       8.14     15.38      8.07     15.24     2.704   1.0047   0.08102   1.21812  
 P        0.3168    0.7260    0.3141    0.7197   0.0917  0.9889   0.003204  1.873404  
 Mg       3.11      5.16      3.09      5.12     1.148   1.0057   0.03095   1.00527  
 Ca       8.41     11.76      8.33     11.66     1.880   1.0002   0.08404   1.25605  
 Ti       1.99      3.32      1.97      3.29     0.372   1.0024   0.01985   0.81194  
 O       42.83       -       42.46       -      24.000      -         -        
 -----------------------------------------------------------------------------
Total:  100.86    100.86    100.00    100.00    16.131




Unknown Specimen No. 81 
 Group        : bas-Glas        Sample  : 201216_Fr      
 UNK No.      :   81            Comment : UnknA-Flow1-2_2                          
 Stage        :    X=   50.5055  Y=   88.1815  Z=   11.4455 
 Acc. Voltage :    15.0 (kV)    Probe Dia. : 5    Scan : Off 
 Dated on Dec 20 20:55 2016 
 WDS only       No. of accumulation : 1 

Curr.(A) : 1.009E-08 
Element Peak(mm) Net(cps)   Bg-   Bg+  S.D.(%)   D.L.(ppm)  
 1 Na   129.476    310.5    0.0   19.4    1.85      166 
 2 S    171.948      2.3    5.5    5.1   28.11      112 
 3 Fe   134.739    179.4    3.6    2.0    1.69      362 
 4 Si    77.822   3205.1   31.3   16.4    0.40      220 
 5 Cl   151.478     25.1    7.9    7.7    4.64       44 
 6 F    199.140      0.3    3.9    3.4  150.00 ?    387 
 7 K    119.485    426.7   33.9   22.7    0.94       62 
 8 Mn   146.243      3.1    2.3    1.5   15.60      279 
 9 Al    90.995   1075.9   15.2   10.9    0.69      163 
10 P    197.118     24.7    3.5    1.9    4.94      140 
11 Mg   107.534    583.6   43.3    0.0    0.96      180 
12 Ca   107.121   2388.3   33.7   34.5    0.46       88 
13 Ti    88.305    560.8    0.0   47.4    0.98      128 


Element  f(chi)    If/Ip     abs-el    1/s-el      r-el      c/k-el    c/k-std
 Na      0.4004    0.0039    0.4779    0.9923     0.9872     2.1278     0.9941
 S       0.7695    0.0038    0.8216    0.9616     1.0241     1.2314     0.9887
 Fe      0.9809    0.0000    0.9969    0.8099     1.0558     1.1732     0.9990
 Si      0.7030    0.0013    0.7715    0.9867     1.0096     1.2995     1.0124
 Cl      0.8319    0.0071    0.8815    0.9124     1.0306     1.1980     0.9846
 F       0.1895    0.0014    0.2487    1.0179     0.9748     4.0462     1.0197
 K       0.9097    0.0178    0.9486    0.9033     1.0415     1.1009     0.9950
 Mn      0.9752    0.0000    0.9939    0.7982     1.0562     1.1935     1.0408
 Al      0.6485    0.0096    0.7273    0.9680     1.0020     1.4041     1.0034
 P       0.6866    0.0021    0.7440    0.9456     1.0170     1.3948     0.9895
 Mg      0.5377    0.0070    0.6164    1.0071     0.9944     1.6086     1.0043
 Ca      0.9294    0.0063    0.9627    0.9176     1.0459     1.0755     1.0005
 Ti      0.9482    0.0106    0.9756    0.8277     1.0524     1.1643     1.0023

Element  El. mass% Ox mass% Norm El%  Norm ox%  At prop  c/k-std   k-value   k-(std) 
 Na       2.75      3.70      2.73      3.69     1.074   0.9941   0.02762   1.39366  
 S        0.0177    0.0443    0.0177    0.0441   0.0050  0.9887   0.000179  0.033327  
 Fe      10.10     13.00     10.06     12.94     1.627   0.9990   0.10113   0.97208  
 Si      21.24     45.44     21.16     45.26     6.803   1.0124   0.20989   0.87615  
 Cl       0.1536    0.1536    0.1529    0.1529   0.0390  0.9846   0.001560  0.107500  
 F        0.0277    0.0277    0.0276    0.0276   0.0131  1.0197   0.000272  0.057145 ?
 K        1.57      1.90      1.57      1.89     0.362   0.9950   0.01583   2.31414  
 Mn       0.1940    0.2505    0.1932    0.2495   0.0318  1.0408   0.001864  0.005534  
 Al       8.13     15.36      8.09     15.29     2.709   1.0034   0.08100   1.21783  
 P        0.3008    0.6893    0.2996    0.6865   0.0874  0.9895   0.003040  1.777844  
 Mg       3.07      5.10      3.06      5.08     1.137   1.0043   0.03060   0.99394  
 Ca       8.17     11.43      8.14     11.39     1.834   1.0005   0.08167   1.22054  
 Ti       1.99      3.32      1.98      3.31     0.374   1.0023   0.01987   0.81267  
 O       42.69       -       42.51       -      24.000      -         -        
 -----------------------------------------------------------------------------
Total:  100.41    100.41    100.00    100.00    16.098




Unknown Specimen No. 82 
 Group        : bas-Glas        Sample  : 201216_Fr      
 UNK No.      :   82            Comment : UnknA-Flow1-2_3                          
 Stage        :    X=   50.1670  Y=   88.3840  Z=   11.4455 
 Acc. Voltage :    15.0 (kV)    Probe Dia. : 5    Scan : Off 
 Dated on Dec 20 20:59 2016 
 WDS only       No. of accumulation : 1 

Curr.(A) : 1.009E-08 
Element Peak(mm) Net(cps)   Bg-   Bg+  S.D.(%)   D.L.(ppm)  
 1 Na   129.476    305.7    0.0   17.2    1.86      156 
 2 S    171.948      1.6    5.2    5.0   38.97 ?    110 
 3 Fe   134.739    181.9    3.3    3.0    1.69      401 
 4 Si    77.822   3174.5   32.3   21.4    0.40      232 
 5 Cl   151.478      8.1    9.3    7.3   11.17       45 
 6 F    199.140      0.9    3.3    3.5   55.59 ?    372 
 7 K    119.485    386.7   33.1   22.8    1.00       61 
 8 Mn   146.243      2.3    2.1    2.0   20.27      290 
 9 Al    90.995   1064.7   16.6    8.3    0.69      160 
10 P    197.118     27.0    2.7    3.9    4.85      165 
11 Mg   107.534    608.7   41.9    0.0    0.94      177 
12 Ca   107.121   2517.1   33.1   37.2    0.45       90 
13 Ti    88.305    543.8    0.0   49.3    1.00      130 


Element  f(chi)    If/Ip     abs-el    1/s-el      r-el      c/k-el    c/k-std
 Na      0.3995    0.0039    0.4768    0.9925     0.9871     2.1326     0.9964
 S       0.7698    0.0038    0.8219    0.9617     1.0239     1.2308     0.9883
 Fe      0.9808    0.0000    0.9968    0.8100     1.0557     1.1732     0.9989
 Si      0.7025    0.0013    0.7709    0.9869     1.0094     1.3005     1.0132
 Cl      0.8322    0.0072    0.8817    0.9126     1.0304     1.1974     0.9841
 F       0.1896    0.0014    0.2489    1.0181     0.9747     4.0438     1.0190
 K       0.9101    0.0186    0.9490    0.9035     1.0414     1.0995     0.9937
 Mn      0.9751    0.0000    0.9938    0.7983     1.0561     1.1934     1.0408
 Al      0.6471    0.0095    0.7258    0.9682     1.0018     1.4072     1.0056
 P       0.6872    0.0021    0.7446    0.9458     1.0169     1.3936     0.9887
 Mg      0.5371    0.0070    0.6156    1.0073     0.9943     1.6106     1.0055
 Ca      0.9301    0.0063    0.9634    0.9178     1.0458     1.0747     0.9998
 Ti      0.9479    0.0106    0.9753    0.8279     1.0523     1.1645     1.0025

Element  El. mass% Ox mass% Norm El%  Norm ox%  At prop  c/k-std   k-value   k-(std) 
 Na       2.71      3.65      2.70      3.63     1.061   0.9964   0.02719   1.37210  
 S        0.0123    0.0307    0.0122    0.0305   0.0034  0.9883   0.000124  0.023086  
 Fe      10.24     13.18     10.19     13.11     1.651   0.9989   0.10255   0.98577  
 Si      21.06     45.04     20.95     44.82     6.749   1.0132   0.20789   0.86781  
 Cl       0.0495    0.0495    0.0492    0.0492   0.0126  0.9841   0.000503  0.034654  
 F        0.0745    0.0745    0.0741    0.0741   0.0353  1.0190   0.000731  0.153504  
 K        1.43      1.72      1.42      1.71     0.328   0.9937   0.01435   2.09748  
 Mn       0.1444    0.1864    0.1437    0.1855   0.0237  1.0408   0.001387  0.004119  
 Al       8.06     15.23      8.02     15.15     2.690   1.0056   0.08016   1.20517  
 P        0.3292    0.7544    0.3276    0.7507   0.0957  0.9887   0.003330  1.947328  
 Mg       3.21      5.32      3.19      5.30     1.189   1.0055   0.03192   1.03666  
 Ca       8.60     12.04      8.56     11.98     1.933   0.9998   0.08607   1.28634  
 Ti       1.93      3.22      1.92      3.21     0.363   1.0025   0.01927   0.78814  
 O       42.65       -       42.44       -      24.000      -         -        
 -----------------------------------------------------------------------------
Total:  100.50    100.50    100.00    100.00    16.135




Unknown Specimen No. 83 
 Group        : bas-Glas        Sample  : 201216_Fr      
 UNK No.      :   83            Comment : UnknA-Flow1-2_4                          
 Stage        :    X=   53.7470  Y=   89.0705  Z=   11.4560 
 Acc. Voltage :    15.0 (kV)    Probe Dia. : 5    Scan : Off 
 Dated on Dec 20 21:02 2016 
 WDS only       No. of accumulation : 1 

Curr.(A) : 1.009E-08 
Element Peak(mm) Net(cps)   Bg-   Bg+  S.D.(%)   D.L.(ppm)  
 1 Na   129.476    336.1    0.0   15.0    1.76      146 
 2 S    171.948      2.6    5.3    5.4   26.18      113 
 3 Fe   134.739    189.0    2.9    3.1    1.65      397 
 4 Si    77.822   3171.0   31.7   21.8    0.40      231 
 5 Cl   151.478     24.1    8.8    9.1    4.92       47 
 6 F    199.140      0.7    3.4    3.3   69.71 ?    370 
 7 K    119.485    383.0   32.3   21.9    1.00       60 
 8 Mn   146.243      2.6    2.3    2.1   18.39      303 
 9 Al    90.995   1103.4   17.7   10.1    0.68      168 
10 P    197.118     26.7    2.6    3.4    4.83      156 
11 Mg   107.534    562.1   40.8    0.0    0.98      175 
12 Ca   107.121   2446.7   33.8   38.3    0.46       91 
13 Ti    88.305    558.6    0.0   50.0    0.99      131 


Element  f(chi)    If/Ip     abs-el    1/s-el      r-el      c/k-el    c/k-std
 Na      0.3982    0.0038    0.4753    0.9932     0.9869     2.1383     0.9991
 S       0.7696    0.0038    0.8217    0.9624     1.0238     1.2305     0.9881
 Fe      0.9810    0.0000    0.9969    0.8105     1.0556     1.1724     0.9982
 Si      0.7008    0.0013    0.7690    0.9875     1.0093     1.3029     1.0151
 Cl      0.8320    0.0071    0.8815    0.9132     1.0303     1.1972     0.9840
 F       0.1903    0.0014    0.2499    1.0188     0.9745     4.0250     1.0143
 K       0.9098    0.0181    0.9487    0.9041     1.0413     1.0998     0.9940
 Mn      0.9753    0.0000    0.9939    0.7988     1.0561     1.1926     1.0401
 Al      0.6466    0.0094    0.7252    0.9688     1.0017     1.4078     1.0061
 P       0.6869    0.0021    0.7442    0.9464     1.0167     1.3935     0.9886
 Mg      0.5344    0.0070    0.6125    1.0080     0.9941     1.6179     1.0100
 Ca      0.9299    0.0065    0.9632    0.9184     1.0457     1.0742     0.9993
 Ti      0.9483    0.0110    0.9757    0.8284     1.0522     1.1629     1.0011

Element  El. mass% Ox mass% Norm El%  Norm ox%  At prop  c/k-std   k-value   k-(std) 
 Na       2.99      4.03      2.95      3.97     1.162   0.9991   0.02990   1.50863  
 S        0.0194    0.0484    0.0191    0.0477   0.0054  0.9881   0.000196  0.036461  
 Fe      10.63     13.67     10.48     13.49     1.703   0.9982   0.10650   1.02378  
 Si      21.06     45.05     20.77     44.43     6.709   1.0151   0.20766   0.86685  
 Cl       0.1473    0.1473    0.1452    0.1452   0.0372  0.9840   0.001497  0.103141  
 F        0.0582    0.0582    0.0574    0.0574   0.0274  1.0143   0.000574  0.120556  
 K        1.41      1.70      1.39      1.68     0.323   0.9940   0.01421   2.07721  
 Mn       0.1682    0.2172    0.1659    0.2142   0.0274  1.0401   0.001617  0.004801  
 Al       8.35     15.79      8.24     15.57     2.771   1.0061   0.08307   1.24894  
 P        0.3249    0.7446    0.3205    0.7344   0.0939  0.9886   0.003287  1.922086  
 Mg       2.98      4.94      2.94      4.87     1.096   1.0100   0.02948   0.95736  
 Ca       8.36     11.70      8.24     11.54     1.866   0.9993   0.08366   1.25040  
 Ti       1.98      3.31      1.95      3.26     0.370   1.0011   0.01979   0.80955  
 O       42.92       -       42.33       -      24.000      -         -        
 -----------------------------------------------------------------------------
Total:  101.40    101.40    100.00    100.00    16.191




Unknown Specimen No. 84 
 Group        : bas-Glas        Sample  : 201216_Fr      
 UNK No.      :   84            Comment : UnknA-Flow1-2_5                          
 Stage        :    X=   54.0545  Y=   88.6700  Z=   11.4535 
 Acc. Voltage :    15.0 (kV)    Probe Dia. : 5    Scan : Off 
 Dated on Dec 20 21:06 2016 
 WDS only       No. of accumulation : 1 

Curr.(A) : 1.009E-08 
Element Peak(mm) Net(cps)   Bg-   Bg+  S.D.(%)   D.L.(ppm)  
 1 Na   129.476    324.4    0.0   17.7    1.80      159 
 2 S    171.948      2.2    5.3    5.4   30.56      113 
 3 Fe   134.739    193.2    1.9    2.3    1.63      336 
 4 Si    77.822   3146.1   31.5   20.1    0.40      228 
 5 Cl   151.478     28.2    9.0    7.7    4.33       46 
 6 F    199.140      1.9    3.8    2.8   28.71      373 
 7 K    119.485    405.9   35.4   22.2    0.97       63 
 8 Mn   146.243      3.1    1.7    2.2   15.87      288 
 9 Al    90.995   1078.0   15.9   10.1    0.69      163 
10 P    197.118     26.3    2.7    2.5    4.78      143 
11 Mg   107.534    588.4   37.6    0.0    0.95      168 
12 Ca   107.121   2370.7   33.4   36.1    0.47       89 
13 Ti    88.305    560.6    0.0   50.1    0.99      131 


Element  f(chi)    If/Ip     abs-el    1/s-el      r-el      c/k-el    c/k-std
 Na      0.3965    0.0038    0.4733    0.9937     0.9867     2.1466     1.0030
 S       0.7696    0.0038    0.8217    0.9629     1.0236     1.2301     0.9878
 Fe      0.9810    0.0000    0.9970    0.8110     1.0555     1.1718     0.9977
 Si      0.7002    0.0013    0.7684    0.9881     1.0091     1.3036     1.0156
 Cl      0.8320    0.0070    0.8815    0.9137     1.0301     1.1969     0.9837
 F       0.1909    0.0014    0.2507    1.0193     0.9744     4.0109     1.0108
 K       0.9097    0.0178    0.9486    0.9046     1.0411     1.0999     0.9941
 Mn      0.9754    0.0000    0.9940    0.7993     1.0560     1.1920     1.0395
 Al      0.6447    0.0093    0.7230    0.9694     1.0015     1.4115     1.0087
 P       0.6868    0.0021    0.7442    0.9469     1.0165     1.3931     0.9883
 Mg      0.5333    0.0069    0.6113    1.0086     0.9939     1.6208     1.0118
 Ca      0.9296    0.0066    0.9629    0.9189     1.0455     1.0739     0.9991
 Ti      0.9485    0.0114    0.9759    0.8289     1.0521     1.1618     1.0002

Element  El. mass% Ox mass% Norm El%  Norm ox%  At prop  c/k-std   k-value   k-(std) 
 Na       2.89      3.90      2.86      3.86     1.134   1.0030   0.02886   1.45609  
 S        0.0164    0.0409    0.0162    0.0405   0.0046  0.9878   0.000166  0.030835  
 Fe      10.86     13.97     10.75     13.83     1.752   0.9977   0.10888   1.04662  
 Si      20.91     44.73     20.69     44.27     6.705   1.0156   0.20603   0.86004  
 Cl       0.1726    0.1726    0.1708    0.1708   0.0438  0.9837   0.001754  0.120908  
 F        0.1530    0.1530    0.1514    0.1514   0.0725  1.0108   0.001514  0.318030  
 K        1.50      1.80      1.48      1.78     0.345   0.9941   0.01506   2.20174  
 Mn       0.1950    0.2518    0.1930    0.2492   0.0320  1.0395   0.001876  0.005569  
 Al       8.18     15.46      8.10     15.30     2.732   1.0087   0.08116   1.22020  
 P        0.3203    0.7339    0.3169    0.7263   0.0931  0.9883   0.003241  1.895041  
 Mg       3.12      5.18      3.09      5.12     1.157   1.0118   0.03086   1.00212  
 Ca       8.10     11.33      8.01     11.21     1.820   0.9991   0.08106   1.21155  
 Ti       1.99      3.31      1.97      3.28     0.374   1.0002   0.01986   0.81245  
 O       42.64       -       42.19       -      24.000      -         -        
 -----------------------------------------------------------------------------
Total:  101.05    101.05    100.00    100.00    16.263




Unknown Specimen No. 85 
 Group        : bas-Glas        Sample  : 201216_Fr      
 UNK No.      :   85            Comment : UnknA-Flow1-2_6                          
 Stage        :    X=   53.6870  Y=   88.5245  Z=   11.4535 
 Acc. Voltage :    15.0 (kV)    Probe Dia. : 5    Scan : Off 
 Dated on Dec 20 21:09 2016 
 WDS only       No. of accumulation : 1 

Curr.(A) : 1.009E-08 
Element Peak(mm) Net(cps)   Bg-   Bg+  S.D.(%)   D.L.(ppm)  
 1 Na   129.476    323.4    0.0   18.3    1.81      161 
 2 S    171.948      2.2    5.3    4.9   28.79      109 
 3 Fe   134.739    184.4    3.5    2.6    1.67      388 
 4 Si    77.822   3216.8   31.9   23.3    0.40      234 
 5 Cl   151.478     27.7    8.7    8.6    4.42       46 
 6 F    199.140      1.5    4.1    2.5   36.89 ?    379 
 7 K    119.485    409.0   34.7   25.5    0.97       64 
 8 Mn   146.243      2.8    2.0    2.1   17.45      293 
 9 Al    90.995   1093.2   18.1    9.0    0.68      167 
10 P    197.118     28.6    3.1    3.0    4.62      155 
11 Mg   107.534    581.5   38.5    0.0    0.96      170 
12 Ca   107.121   2395.9   35.7   40.3    0.46       93 
13 Ti    88.305    556.7    0.0   51.0    0.99      133 


Element  f(chi)    If/Ip     abs-el    1/s-el      r-el      c/k-el    c/k-std
 Na      0.3997    0.0039    0.4770    0.9925     0.9872     2.1313     0.9958
 S       0.7694    0.0038    0.8214    0.9618     1.0240     1.2314     0.9888
 Fe      0.9810    0.0000    0.9970    0.8100     1.0558     1.1729     0.9987
 Si      0.7022    0.0013    0.7706    0.9869     1.0096     1.3008     1.0134
 Cl      0.8318    0.0070    0.8814    0.9126     1.0305     1.1980     0.9846
 F       0.1901    0.0014    0.2496    1.0181     0.9748     4.0308     1.0158
 K       0.9096    0.0177    0.9485    0.9035     1.0415     1.1009     0.9950
 Mn      0.9753    0.0000    0.9940    0.7983     1.0562     1.1931     1.0405
 Al      0.6477    0.0095    0.7265    0.9682     1.0019     1.4056     1.0045
 P       0.6867    0.0021    0.7440    0.9458     1.0170     1.3944     0.9893
 Mg      0.5365    0.0070    0.6150    1.0073     0.9944     1.6120     1.0064
 Ca      0.9295    0.0063    0.9628    0.9178     1.0459     1.0751     1.0002
 Ti      0.9484    0.0108    0.9758    0.8279     1.0524     1.1636     1.0017

Element  El. mass% Ox mass% Norm El%  Norm ox%  At prop  c/k-std   k-value   k-(std) 
 Na       2.86      3.86      2.82      3.80     1.111   0.9958   0.02877   1.45159  
 S        0.0170    0.0424    0.0167    0.0418   0.0047  0.9888   0.000172  0.031899  
 Fe      10.38     13.35     10.23     13.16     1.657   0.9987   0.10396   0.99934  
 Si      21.33     45.63     21.02     44.96     6.771   1.0134   0.21066   0.87935  
 Cl       0.1697    0.1697    0.1672    0.1672   0.0427  0.9846   0.001723  0.118748  
 F        0.1186    0.1186    0.1169    0.1169   0.0557  1.0158   0.001168  0.245345  
 K        1.51      1.82      1.49      1.79     0.344   0.9950   0.01517   2.21807  
 Mn       0.1753    0.2263    0.1727    0.2230   0.0285  1.0405   0.001685  0.005002  
 Al       8.26     15.62      8.14     15.39     2.731   1.0045   0.08230   1.23747  
 P        0.3485    0.7986    0.3434    0.7869   0.1003  0.9893   0.003523  2.060017  
 Mg       3.07      5.09      3.02      5.01     1.125   1.0064   0.03049   0.99026  
 Ca       8.19     11.46      8.07     11.30     1.823   1.0002   0.08192   1.22440  
 Ti       1.98      3.30      1.95      3.25     0.368   1.0017   0.01973   0.80679  
 O       43.07       -       42.44       -      24.000      -         -        
 -----------------------------------------------------------------------------
Total:  101.48    101.48    100.00    100.00    16.162




Unknown Specimen No. 86 
 Group        : bas-Glas        Sample  : 201216_Fr      
 UNK No.      :   86            Comment : UnknA-Flow1-2_7                          
 Stage        :    X=   52.6935  Y=   87.8840  Z=   11.4480 
 Acc. Voltage :    15.0 (kV)    Probe Dia. : 5    Scan : Off 
 Dated on Dec 20 21:13 2016 
 WDS only       No. of accumulation : 1 

Curr.(A) : 1.009E-08 
Element Peak(mm) Net(cps)   Bg-   Bg+  S.D.(%)   D.L.(ppm)  
 1 Na   129.476    308.9    0.0   19.6    1.86      167 
 2 S    171.948      1.6    4.7    3.9   36.08 ?    100 
 3 Fe   134.739    192.0    3.0    3.1    1.64      399 
 4 Si    77.822   3256.9   29.6   17.6    0.39      218 
 5 Cl   151.478     26.0    7.3    7.5    4.49       43 
 6 F    199.140      2.3    3.4    3.1   24.28      365 
 7 K    119.485    416.1   32.4   22.9    0.96       61 
 8 Mn   146.243      3.0    2.1    1.9   16.01      287 
 9 Al    90.995   1080.2   16.0    8.5    0.69      158 
10 P    197.118     25.8    3.8    3.1    4.95      163 
11 Mg   107.534    567.7   42.3    0.0    0.97      178 
12 Ca   107.121   2417.4   35.4   36.1    0.46       90 
13 Ti    88.305    556.5    0.0   53.2    0.99      135 


Element  f(chi)    If/Ip     abs-el    1/s-el      r-el      c/k-el    c/k-std
 Na      0.3972    0.0038    0.4741    0.9932     0.9869     2.1437     1.0016
 S       0.7694    0.0038    0.8214    0.9624     1.0237     1.2309     0.9884
 Fe      0.9810    0.0000    0.9970    0.8106     1.0556     1.1723     0.9982
 Si      0.7025    0.0013    0.7709    0.9876     1.0092     1.2997     1.0126
 Cl      0.8318    0.0070    0.8814    0.9133     1.0302     1.1975     0.9842
 F       0.1903    0.0014    0.2499    1.0188     0.9745     4.0246     1.0142
 K       0.9096    0.0178    0.9485    0.9041     1.0412     1.1003     0.9944
 Mn      0.9753    0.0000    0.9940    0.7989     1.0560     1.1925     1.0400
 Al      0.6470    0.0096    0.7257    0.9689     1.0016     1.4066     1.0052
 P       0.6865    0.0021    0.7438    0.9465     1.0167     1.3943     0.9891
 Mg      0.5350    0.0070    0.6132    1.0081     0.9941     1.6161     1.0089
 Ca      0.9295    0.0065    0.9628    0.9184     1.0456     1.0746     0.9997
 Ti      0.9484    0.0111    0.9758    0.8285     1.0522     1.1627     1.0009

Element  El. mass% Ox mass% Norm El%  Norm ox%  At prop  c/k-std   k-value   k-(std) 
 Na       2.75      3.71      2.69      3.63     1.062   1.0016   0.02748   1.38648  
 S        0.0122    0.0305    0.0119    0.0298   0.0034  0.9884   0.000124  0.022965  
 Fe      10.80     13.89     10.57     13.59     1.715   0.9982   0.10821   1.04013  
 Si      21.57     46.14     21.10     45.15     6.813   1.0126   0.21328   0.89031  
 Cl       0.1587    0.1587    0.1553    0.1553   0.0397  0.9842   0.001613  0.111141  
 F        0.1813    0.1813    0.1774    0.1774   0.0847  1.0142   0.001787  0.375507  
 K        1.53      1.85      1.50      1.81     0.348   0.9944   0.01544   2.25668  
 Mn       0.1917    0.2475    0.1876    0.2422   0.0310  1.0400   0.001843  0.005472  
 Al       8.17     15.44      7.99     15.11     2.687   1.0052   0.08132   1.22267  
 P        0.3152    0.7223    0.3084    0.7068   0.0903  0.9891   0.003187  1.863488  
 Mg       3.00      4.98      2.94      4.87     1.096   1.0089   0.02977   0.96682  
 Ca       8.26     11.56      8.09     11.31     1.829   0.9997   0.08266   1.23543  
 Ti       1.97      3.29      1.93      3.22     0.366   1.0009   0.01972   0.80651  
 O       43.28       -       42.35       -      24.000      -         -        
 -----------------------------------------------------------------------------
Total:  102.19    102.19    100.00    100.00    16.165




Unknown Specimen No. 87 
 Group        : bas-Glas        Sample  : 201216_Fr      
 UNK No.      :   87            Comment : UnknA-Flow1-2_8                          
 Stage        :    X=   52.1480  Y=   88.0415  Z=   11.4480 
 Acc. Voltage :    15.0 (kV)    Probe Dia. : 5    Scan : Off 
 Dated on Dec 20 21:16 2016 
 WDS only       No. of accumulation : 1 

Curr.(A) : 1.009E-08 
Element Peak(mm) Net(cps)   Bg-   Bg+  S.D.(%)   D.L.(ppm)  
 1 Na   129.476    321.7    0.0   18.4    1.81      162 
 2 S    171.948      2.4    4.7    6.1   28.53      115 
 3 Fe   134.739    188.8    3.8    2.8    1.65      403 
 4 Si    77.822   3177.0   35.9   21.3    0.40      240 
 5 Cl   151.478     28.7    8.5    8.7    4.32       46 
 6 F    199.140      1.0    4.1    3.9   56.75 ?    403 
 7 K    119.485    404.8   34.0   21.9    0.97       62 
 8 Mn   146.243      3.2    2.5    2.4   16.39      319 
 9 Al    90.995   1080.9   16.1   11.5    0.69      167 
10 P    197.118     24.0    2.1    2.4    4.99      134 
11 Mg   107.534    564.1   39.8    0.0    0.97      172 
12 Ca   107.121   2423.2   32.2   34.4    0.46       87 
13 Ti    88.305    549.5    0.0   48.1    0.99      129 


Element  f(chi)    If/Ip     abs-el    1/s-el      r-el      c/k-el    c/k-std
 Na      0.3977    0.0038    0.4746    0.9933     0.9868     2.1411     1.0004
 S       0.7696    0.0038    0.8217    0.9625     1.0237     1.2303     0.9879
 Fe      0.9809    0.0000    0.9969    0.8106     1.0556     1.1722     0.9982
 Si      0.7015    0.0013    0.7698    0.9877     1.0092     1.3015     1.0140
 Cl      0.8320    0.0071    0.8816    0.9134     1.0302     1.1970     0.9838
 F       0.1902    0.0014    0.2497    1.0189     0.9745     4.0269     1.0148
 K       0.9097    0.0180    0.9486    0.9042     1.0412     1.0999     0.9941
 Mn      0.9753    0.0000    0.9939    0.7990     1.0560     1.1925     1.0400
 Al      0.6465    0.0094    0.7251    0.9690     1.0016     1.4077     1.0060
 P       0.6868    0.0021    0.7441    0.9466     1.0166     1.3936     0.9887
 Mg      0.5345    0.0070    0.6127    1.0082     0.9940     1.6174     1.0097
 Ca      0.9296    0.0064    0.9629    0.9185     1.0456     1.0744     0.9995
 Ti      0.9482    0.0111    0.9756    0.8285     1.0521     1.1629     1.0011

Element  El. mass% Ox mass% Norm El%  Norm ox%  At prop  c/k-std   k-value   k-(std) 
 Na       2.86      3.86      2.84      3.82     1.120   1.0004   0.02862   1.44396  
 S        0.0180    0.0449    0.0178    0.0445   0.0050  0.9879   0.000182  0.033840  
 Fe      10.62     13.66     10.53     13.54     1.711   0.9982   0.10642   1.02301  
 Si      21.08     45.10     20.89     44.70     6.753   1.0140   0.20805   0.86847  
 Cl       0.1752    0.1752    0.1736    0.1736   0.0445  0.9838   0.001781  0.122718  
 F        0.0784    0.0784    0.0776    0.0776   0.0371  1.0148   0.000772  0.162208  
 K        1.49      1.80      1.48      1.78     0.344   0.9941   0.01502   2.19564  
 Mn       0.2017    0.2605    0.1999    0.2581   0.0330  1.0400   0.001940  0.005759  
 Al       8.18     15.46      8.11     15.33     2.729   1.0060   0.08137   1.22349  
 P        0.2928    0.6709    0.2901    0.6649   0.0851  0.9887   0.002961  1.731868  
 Mg       2.99      4.95      2.96      4.91     1.105   1.0097   0.02958   0.96076  
 Ca       8.28     11.59      8.21     11.48     1.859   0.9995   0.08286   1.23839  
 Ti       1.95      3.25      1.93      3.22     0.366   1.0011   0.01947   0.79641  
 O       42.68       -       42.30       -      24.000      -         -        
 -----------------------------------------------------------------------------
Total:  100.91    100.91    100.00    100.00    16.192




Unknown Specimen No. 88 
 Group        : bas-Glas        Sample  : 201216_Fr      
 UNK No.      :   88            Comment : UnknA-Flow1-2_9                          
 Stage        :    X=   52.4130  Y=   87.3855  Z=   11.4445 
 Acc. Voltage :    15.0 (kV)    Probe Dia. : 5    Scan : Off 
 Dated on Dec 20 21:20 2016 
 WDS only       No. of accumulation : 1 

Curr.(A) : 1.009E-08 
Element Peak(mm) Net(cps)   Bg-   Bg+  S.D.(%)   D.L.(ppm)  
 1 Na   129.476    310.0    0.0   19.6    1.85      167 
 2 S    171.948      1.6    6.6    4.8   40.88 ?    115 
 3 Fe   134.739    185.5    2.5    2.7    1.67      370 
 4 Si    77.822   3216.5   29.3   21.0    0.40      224 
 5 Cl   151.478     26.2    7.8    7.3    4.47       43 
 6 F    199.140      1.3    3.2    2.9   39.03 ?    353 
 7 K    119.485    402.0   33.9   22.5    0.98       62 
 8 Mn   146.243      3.4    1.3    1.8   13.90      255 
 9 Al    90.995   1075.0   12.9    9.3    0.69      150 
10 P    197.118     25.4    2.6    4.4    5.08      171 
11 Mg   107.534    575.4   39.4    0.0    0.96      172 
12 Ca   107.121   2462.7   33.6   37.7    0.46       90 
13 Ti    88.305    572.2    0.0   44.8    0.97      124 


Element  f(chi)    If/Ip     abs-el    1/s-el      r-el      c/k-el    c/k-std
 Na      0.3984    0.0038    0.4755    0.9930     0.9870     2.1377     0.9988
 S       0.7697    0.0039    0.8218    0.9622     1.0238     1.2305     0.9880
 Fe      0.9809    0.0000    0.9968    0.8104     1.0556     1.1727     0.9985
 Si      0.7027    0.0013    0.7711    0.9873     1.0093     1.2997     1.0125
 Cl      0.8321    0.0071    0.8817    0.9130     1.0303     1.1971     0.9839
 F       0.1896    0.0014    0.2489    1.0186     0.9746     4.0421     1.0186
 K       0.9098    0.0182    0.9487    0.9039     1.0413     1.0999     0.9940
 Mn      0.9752    0.0000    0.9938    0.7987     1.0561     1.1929     1.0404
 Al      0.6474    0.0095    0.7261    0.9686     1.0017     1.4059     1.0047
 P       0.6870    0.0021    0.7443    0.9462     1.0167     1.3935     0.9886
 Mg      0.5359    0.0070    0.6143    1.0078     0.9941     1.6135     1.0073
 Ca      0.9298    0.0065    0.9630    0.9182     1.0457     1.0745     0.9996
 Ti      0.9482    0.0108    0.9755    0.8283     1.0522     1.1636     1.0017

Element  El. mass% Ox mass% Norm El%  Norm ox%  At prop  c/k-std   k-value   k-(std) 
 Na       2.75      3.71      2.72      3.66     1.071   0.9988   0.02758   1.39141  
 S        0.0121    0.0301    0.0119    0.0297   0.0034  0.9880   0.000122  0.022710  
 Fe      10.44     13.43     10.30     13.25     1.671   0.9985   0.10456   1.00508  
 Si      21.31     45.59     21.02     44.98     6.782   1.0125   0.21064   0.87927  
 Cl       0.1602    0.1602    0.1581    0.1581   0.0404  0.9839   0.001629  0.112247  
 F        0.1042    0.1042    0.1028    0.1028   0.0490  1.0186   0.001023  0.214993  
 K        1.48      1.79      1.46      1.76     0.339   0.9940   0.01491   2.18030  
 Mn       0.2139    0.2762    0.2110    0.2725   0.0348  1.0404   0.002056  0.006104  
 Al       8.13     15.36      8.02     15.15     2.693   1.0047   0.08093   1.21683  
 P        0.3094    0.7090    0.3052    0.6995   0.0893  0.9886   0.003130  1.830132  
 Mg       3.04      5.04      3.00      4.97     1.117   1.0073   0.03017   0.97995  
 Ca       8.42     11.78      8.30     11.62     1.877   0.9996   0.08421   1.25856  
 Ti       2.03      3.39      2.00      3.34     0.379   1.0017   0.02028   0.82928  
 O       42.96       -       42.38       -      24.000      -         -        
 -----------------------------------------------------------------------------
Total:  101.35    101.35    100.00    100.00    16.146




Unknown Specimen No. 89 
 Group        : bas-Glas        Sample  : 201216_Fr      
 UNK No.      :   89            Comment : UnknA-Flow1-1_1                          
 Stage        :    X=   45.2025  Y=   92.5070  Z=   11.4585 
 Acc. Voltage :    15.0 (kV)    Probe Dia. : 5    Scan : Off 
 Dated on Dec 20 21:23 2016 
 WDS only       No. of accumulation : 1 

Curr.(A) : 1.009E-08 
Element Peak(mm) Net(cps)   Bg-   Bg+  S.D.(%)   D.L.(ppm)  
 1 Na   129.476    322.0    0.0   16.9    1.81      155 
 2 S    171.948      1.6    7.1    5.4   42.85 ?    121 
 3 Fe   134.739    188.3    2.8    3.2    1.66      399 
 4 Si    77.822   3200.4   33.5   20.7    0.40      233 
 5 Cl   151.478     24.3    8.9    7.4    4.78       45 
 6 F    199.140      0.7    3.7    2.6   70.93 ?    364 
 7 K    119.485    405.2   36.1   24.3    0.98       64 
 8 Mn   146.243      4.0    1.4    1.7   12.17      257 
 9 Al    90.995   1078.3   18.3    9.7    0.69      169 
10 P    197.118     23.3    3.4    3.6    5.30      167 
11 Mg   107.534    586.7   40.2    0.0    0.95      173 
12 Ca   107.121   2389.3   34.1   37.4    0.46       90 
13 Ti    88.305    561.1    0.0   49.0    0.98      130 


Element  f(chi)    If/Ip     abs-el    1/s-el      r-el      c/k-el    c/k-std
 Na      0.3980    0.0038    0.4750    0.9931     0.9869     2.1395     0.9996
 S       0.7694    0.0038    0.8215    0.9624     1.0238     1.2309     0.9884
 Fe      0.9810    0.0000    0.9970    0.8105     1.0556     1.1723     0.9982
 Si      0.7015    0.0013    0.7698    0.9875     1.0093     1.3017     1.0141
 Cl      0.8318    0.0070    0.8814    0.9132     1.0303     1.1975     0.9842
 F       0.1901    0.0014    0.2496    1.0188     0.9745     4.0289     1.0153
 K       0.9097    0.0178    0.9486    0.9041     1.0413     1.1003     0.9944
 Mn      0.9753    0.0000    0.9940    0.7988     1.0561     1.1925     1.0400
 Al      0.6461    0.0095    0.7247    0.9688     1.0017     1.4086     1.0067
 P       0.6864    0.0021    0.7437    0.9464     1.0167     1.3945     0.9893
 Mg      0.5349    0.0069    0.6131    1.0080     0.9941     1.6164     1.0091
 Ca      0.9296    0.0065    0.9629    0.9184     1.0457     1.0744     0.9995
 Ti      0.9485    0.0111    0.9759    0.8284     1.0522     1.1626     1.0009

Element  El. mass% Ox mass% Norm El%  Norm ox%  At prop  c/k-std   k-value   k-(std) 
 Na       2.86      3.86      2.83      3.81     1.115   0.9996   0.02865   1.44530  
 S        0.0120    0.0301    0.0119    0.0297   0.0034  0.9884   0.000122  0.022633 ?
 Fe      10.59     13.63     10.46     13.46     1.698   0.9982   0.10615   1.02033  
 Si      21.24     45.43     20.97     44.86     6.769   1.0141   0.20959   0.87488  
 Cl       0.1489    0.1489    0.1470    0.1470   0.0376  0.9842   0.001513  0.104247  
 F        0.0567    0.0567    0.0560    0.0560   0.0267  1.0153   0.000559  0.117391  
 K        1.49      1.80      1.48      1.78     0.342   0.9944   0.01503   2.19774  
 Mn       0.2570    0.3318    0.2538    0.3277   0.0419  1.0400   0.002471  0.007337  
 Al       8.17     15.44      8.07     15.24     2.711   1.0067   0.08118   1.22053  
 P        0.2846    0.6522    0.2810    0.6440   0.0823  0.9893   0.002877  1.682285  
 Mg       3.10      5.15      3.07      5.08     1.143   1.0091   0.03077   0.99922  
 Ca       8.17     11.43      8.06     11.28     1.824   0.9995   0.08170   1.22104  
 Ti       1.99      3.32      1.96      3.28     0.372   1.0009   0.01988   0.81310  
 O       42.89       -       42.35       -      24.000      -         -        
 -----------------------------------------------------------------------------
Total:  101.27    101.27    100.00    100.00    16.166




Unknown Specimen No. 90 
 Group        : bas-Glas        Sample  : 201216_Fr      
 UNK No.      :   90            Comment : UnknA-Flow1-1_2                          
 Stage        :    X=   45.3805  Y=   93.0610  Z=   11.4610 
 Acc. Voltage :    15.0 (kV)    Probe Dia. : 5    Scan : Off 
 Dated on Dec 20 21:27 2016 
 WDS only       No. of accumulation : 1 

Curr.(A) : 1.009E-08 
Element Peak(mm) Net(cps)   Bg-   Bg+  S.D.(%)   D.L.(ppm)  
 1 Na   129.476    295.9    0.0   17.9    1.89      159 
 2 S    171.948      2.3    5.0    3.9   26.00      102 
 3 Fe   134.739    195.8    3.0    2.6    1.62      377 
 4 Si    77.822   3212.3   33.4   20.5    0.40      233 
 5 Cl   151.478     23.7    8.5    9.8    5.00       48 
 6 F    199.140      1.5    4.4    2.7   36.68 ?    390 
 7 K    119.485    424.2   36.0   25.3    0.95       64 
 8 Mn   146.243      2.7    2.3    2.5   18.54      317 
 9 Al    90.995   1083.9   16.9    9.2    0.69      163 
10 P    197.118     25.7    2.2    3.2    4.89      149 
11 Mg   107.534    567.4   39.5    0.0    0.97      172 
12 Ca   107.121   2354.0   35.8   35.6    0.47       90 
13 Ti    88.305    551.3    0.0   46.9    0.99      127 


Element  f(chi)    If/Ip     abs-el    1/s-el      r-el      c/k-el    c/k-std
 Na      0.3959    0.0038    0.4725    0.9937     0.9867     2.1503     1.0047
 S       0.7691    0.0038    0.8212    0.9629     1.0235     1.2310     0.9885
 Fe      0.9810    0.0000    0.9970    0.8109     1.0555     1.1718     0.9978
 Si      0.7014    0.0013    0.7697    0.9880     1.0090     1.3014     1.0139
 Cl      0.8316    0.0070    0.8811    0.9137     1.0301     1.1975     0.9842
 F       0.1907    0.0014    0.2504    1.0193     0.9743     4.0149     1.0118
 K       0.9096    0.0176    0.9484    0.9045     1.0411     1.1003     0.9945
 Mn      0.9754    0.0000    0.9941    0.7992     1.0559     1.1920     1.0396
 Al      0.6463    0.0095    0.7248    0.9693     1.0014     1.4080     1.0062
 P       0.6862    0.0021    0.7435    0.9469     1.0165     1.3945     0.9893
 Mg      0.5342    0.0070    0.6124    1.0085     0.9939     1.6179     1.0100
 Ca      0.9294    0.0066    0.9626    0.9188     1.0455     1.0743     0.9995
 Ti      0.9485    0.0114    0.9759    0.8288     1.0520     1.1618     1.0002

Element  El. mass% Ox mass% Norm El%  Norm ox%  At prop  c/k-std   k-value   k-(std) 
 Na       2.64      3.56      2.61      3.51     1.028   1.0047   0.02632   1.32808  
 S        0.0177    0.0442    0.0175    0.0436   0.0049  0.9885   0.000179  0.033297  
 Fe      11.01     14.16     10.85     13.96     1.762   0.9978   0.11034   1.06066  
 Si      21.31     45.59     21.01     44.93     6.783   1.0139   0.21037   0.87814  
 Cl       0.1449    0.1449    0.1428    0.1428   0.0365  0.9842   0.001472  0.101445  
 F        0.1222    0.1222    0.1205    0.1205   0.0575  1.0118   0.001208  0.253765  
 K        1.57      1.89      1.54      1.86     0.358   0.9945   0.01574   2.30077  
 Mn       0.1725    0.2227    0.1700    0.2195   0.0281  1.0396   0.001659  0.004926  
 Al       8.21     15.51      8.09     15.29     2.720   1.0062   0.08160   1.22687  
 P        0.3139    0.7192    0.3094    0.7089   0.0906  0.9893   0.003173  1.855374  
 Mg       3.00      4.98      2.96      4.91     1.105   1.0100   0.02975   0.96622  
 Ca       8.04     11.26      7.93     11.09     1.795   0.9995   0.08049   1.20299  
 Ti       1.95      3.26      1.93      3.21     0.365   1.0002   0.01954   0.79902  
 O       42.95       -       42.33       -      24.000      -         -        
 -----------------------------------------------------------------------------
Total:  101.45    101.45    100.00    100.00    16.133




Unknown Specimen No. 91 
 Group        : bas-Glas        Sample  : 201216_Fr      
 UNK No.      :   91            Comment : UnknA-Flow1-1_3                          
 Stage        :    X=   46.0355  Y=   92.6190  Z=   11.4610 
 Acc. Voltage :    15.0 (kV)    Probe Dia. : 5    Scan : Off 
 Dated on Dec 20 21:30 2016 
 WDS only       No. of accumulation : 1 

Curr.(A) : 1.010E-08 
Element Peak(mm) Net(cps)   Bg-   Bg+  S.D.(%)   D.L.(ppm)  
 1 Na   129.476    320.1    0.0   19.3    1.82      165 
 2 S    171.948      2.2    5.0    5.0   29.17      109 
 3 Fe   134.739    176.5    3.0    2.7    1.71      381 
 4 Si    77.822   3195.9   33.6   24.2    0.40      239 
 5 Cl   151.478     22.4    9.6    8.5    5.18       47 
 6 F    199.140      1.3    3.3    2.7   38.43 ?    353 
 7 K    119.485    381.9   33.3   24.5    1.01       62 
 8 Mn   146.243      3.5    1.8    1.9   13.92      276 
 9 Al    90.995   1082.9   17.8    9.1    0.69      166 
10 P    197.118     28.8    2.9    2.4    4.54      143 
11 Mg   107.534    573.0   36.1    0.0    0.96      164 
12 Ca   107.121   2529.8   34.8   34.9    0.45       89 
13 Ti    88.305    553.1    0.0   55.1    1.00      138 


Element  f(chi)    If/Ip     abs-el    1/s-el      r-el      c/k-el    c/k-std
 Na      0.4009    0.0039    0.4785    0.9921     0.9873     2.1255     0.9931
 S       0.7700    0.0039    0.8221    0.9614     1.0241     1.2307     0.9882
 Fe      0.9808    0.0000    0.9968    0.8097     1.0558     1.1735     0.9992
 Si      0.7033    0.0014    0.7718    0.9865     1.0096     1.2991     1.0121
 Cl      0.8323    0.0072    0.8818    0.9123     1.0306     1.1974     0.9841
 F       0.1890    0.0014    0.2481    1.0177     0.9748     4.0572     1.0224
 K       0.9100    0.0186    0.9489    0.9032     1.0416     1.0999     0.9940
 Mn      0.9751    0.0000    0.9937    0.7981     1.0563     1.1938     1.0411
 Al      0.6490    0.0096    0.7278    0.9678     1.0020     1.4033     1.0028
 P       0.6874    0.0021    0.7449    0.9455     1.0171     1.3932     0.9884
 Mg      0.5377    0.0070    0.6164    1.0070     0.9945     1.6088     1.0043
 Ca      0.9300    0.0062    0.9633    0.9175     1.0460     1.0750     1.0001
 Ti      0.9479    0.0104    0.9753    0.8276     1.0525     1.1651     1.0030

Element  El. mass% Ox mass% Norm El%  Norm ox%  At prop  c/k-std   k-value   k-(std) 
 Na       2.82      3.81      2.81      3.78     1.103   0.9931   0.02845   1.43536  
 S        0.0167    0.0416    0.0166    0.0414   0.0047  0.9882   0.000169  0.031366  
 Fe       9.93     12.77      9.86     12.68     1.596   0.9992   0.09938   0.95527  
 Si      21.15     45.25     21.01     44.94     6.762   1.0121   0.20908   0.87279  
 Cl       0.1370    0.1370    0.1361    0.1361   0.0347  0.9841   0.001392  0.095955  
 F        0.1067    0.1067    0.1060    0.1060   0.0504  1.0224   0.001044  0.219238  
 K        1.41      1.69      1.40      1.68     0.323   0.9940   0.01415   2.06903  
 Mn       0.2242    0.2895    0.2227    0.2875   0.0366  1.0411   0.002154  0.006395  
 Al       8.17     15.43      8.11     15.32     2.718   1.0028   0.08144   1.22453  
 P        0.3503    0.8026    0.3478    0.7971   0.1016  0.9884   0.003544  2.072386  
 Mg       3.01      5.00      2.99      4.96     1.113   1.0043   0.03001   0.97480  
 Ca       8.64     12.09      8.58     12.01     1.936   1.0001   0.08642   1.29157  
 Ti       1.96      3.28      1.95      3.25     0.368   1.0030   0.01958   0.80078  
 O       42.76       -       42.47       -      24.000      -         -        
 -----------------------------------------------------------------------------
Total:  100.70    100.70    100.00    100.00    16.148




Unknown Specimen No. 92 
 Group        : bas-Glas        Sample  : 201216_Fr      
 UNK No.      :   92            Comment : UnknA-Flow1-1_4                          
 Stage        :    X=   45.0220  Y=   94.2845  Z=   11.4645 
 Acc. Voltage :    15.0 (kV)    Probe Dia. : 5    Scan : Off 
 Dated on Dec 20 21:33 2016 
 WDS only       No. of accumulation : 1 

Curr.(A) : 1.010E-08 
Element Peak(mm) Net(cps)   Bg-   Bg+  S.D.(%)   D.L.(ppm)  
 1 Na   129.476    326.6    0.0   16.3    1.79      152 
 2 S    171.948      1.4    5.3    5.7   46.37 ?    114 
 3 Fe   134.739    184.6    2.9    2.3    1.67      360 
 4 Si    77.822   3175.8   28.5   21.0    0.40      221 
 5 Cl   151.478     23.5    8.8    8.9    4.99       47 
 6 F    199.140      0.5    3.3    2.7   90.37 ?    351 
 7 K    119.485    433.0   37.1   22.9    0.94       64 
 8 Mn   146.243      2.5    1.5    1.9   17.62      267 
 9 Al    90.995   1070.4   16.7    7.8    0.69      159 
10 P    197.118     25.3    3.2    2.8    4.95      152 
11 Mg   107.534    563.2   39.6    0.0    0.97      172 
12 Ca   107.121   2346.1   36.0   39.3    0.47       93 
13 Ti    88.305    563.6    0.0   48.0    0.98      129 


Element  f(chi)    If/Ip     abs-el    1/s-el      r-el      c/k-el    c/k-std
 Na      0.3989    0.0038    0.4762    0.9929     0.9870     2.1348     0.9974
 S       0.7694    0.0038    0.8215    0.9621     1.0239     1.2310     0.9885
 Fe      0.9810    0.0000    0.9969    0.8103     1.0557     1.1726     0.9985
 Si      0.7021    0.0013    0.7705    0.9873     1.0094     1.3007     1.0133
 Cl      0.8319    0.0071    0.8814    0.9130     1.0304     1.1976     0.9843
 F       0.1901    0.0014    0.2497    1.0185     0.9746     4.0296     1.0155
 K       0.9097    0.0176    0.9486    0.9038     1.0414     1.1006     0.9947
 Mn      0.9753    0.0000    0.9939    0.7986     1.0561     1.1928     1.0403
 Al      0.6472    0.0095    0.7258    0.9686     1.0018     1.4066     1.0052
 P       0.6866    0.0021    0.7439    0.9461     1.0168     1.3944     0.9892
 Mg      0.5354    0.0070    0.6137    1.0077     0.9942     1.6151     1.0083
 Ca      0.9293    0.0064    0.9626    0.9182     1.0458     1.0750     1.0001
 Ti      0.9484    0.0109    0.9758    0.8282     1.0523     1.1632     1.0014

Element  El. mass% Ox mass% Norm El%  Norm ox%  At prop  c/k-std   k-value   k-(std) 
 Na       2.90      3.90      2.89      3.90     1.139   0.9974   0.02903   1.46451  
 S        0.0106    0.0265    0.0106    0.0264   0.0030  0.9885   0.000107  0.019930 ?
 Fe      10.38     13.35     10.37     13.34     1.681   0.9985   0.10394   0.99915  
 Si      21.05     45.04     21.03     44.99     6.781   1.0133   0.20777   0.86729  
 Cl       0.1435    0.1435    0.1434    0.1434   0.0366  0.9843   0.001458  0.100499  
 F        0.0424    0.0424    0.0424    0.0424   0.0202  1.0155   0.000418  0.087743  
 K        1.60      1.92      1.59      1.92     0.369   0.9947   0.01605   2.34616  
 Mn       0.1616    0.2087    0.1615    0.2085   0.0266  1.0403   0.001554  0.004613  
 Al       8.09     15.29      8.08     15.27     2.714   1.0052   0.08050   1.21040  
 P        0.3083    0.7066    0.3080    0.7058   0.0901  0.9892   0.003117  1.822916  
 Mg       2.97      4.93      2.97      4.93     1.107   1.0083   0.02950   0.95819  
 Ca       8.01     11.21      8.01     11.20     1.809   1.0001   0.08014   1.19779  
 Ti       2.00      3.33      2.00      3.33     0.377   1.0014   0.01995   0.81599  
 O       42.44       -       42.40       -      24.000      -         -        
 -----------------------------------------------------------------------------
Total:  100.11    100.11    100.00    100.00    16.155




Unknown Specimen No. 93 
 Group        : bas-Glas        Sample  : 201216_Fr      
 UNK No.      :   93            Comment : UnknA-Flow1-1_5                          
 Stage        :    X=   45.3670  Y=   95.0965  Z=   11.4645 
 Acc. Voltage :    15.0 (kV)    Probe Dia. : 5    Scan : Off 
 Dated on Dec 20 21:37 2016 
 WDS only       No. of accumulation : 1 

Curr.(A) : 1.009E-08 
Element Peak(mm) Net(cps)   Bg-   Bg+  S.D.(%)   D.L.(ppm)  
 1 Na   129.476    330.7    0.0   19.0    1.79      164 
 2 S    171.948      1.7    6.1    4.7   37.34 ?    112 
 3 Fe   134.739    172.7    2.5    3.4    1.73      402 
 4 Si    77.822   3234.0   30.9   20.4    0.40      227 
 5 Cl   151.478     26.8    8.9    7.3    4.46       45 
 6 F    199.140      0.8    4.3    2.7   67.98 ?    387 
 7 K    119.485    435.2   31.4   22.9    0.93       60 
 8 Mn   146.243      3.0    2.2    2.1   16.53      297 
 9 Al    90.995   1070.4   19.3    9.4    0.69      172 
10 P    197.118     25.6    2.5    3.3    4.93      154 
11 Mg   107.534    572.4   38.9    0.0    0.97      170 
12 Ca   107.121   2402.5   35.1   37.4    0.46       91 
13 Ti    88.305    564.2    0.0   46.3    0.98      126 


Element  f(chi)    If/Ip     abs-el    1/s-el      r-el      c/k-el    c/k-std
 Na      0.4026    0.0039    0.4806    0.9916     0.9875     2.1169     0.9891
 S       0.7696    0.0038    0.8217    0.9609     1.0244     1.2316     0.9890
 Fe      0.9809    0.0000    0.9968    0.8093     1.0559     1.1739     0.9995
 Si      0.7044    0.0013    0.7729    0.9860     1.0099     1.2976     1.0109
 Cl      0.8320    0.0071    0.8816    0.9118     1.0309     1.1983     0.9848
 F       0.1891    0.0014    0.2483    1.0171     0.9751     4.0558     1.0221
 K       0.9098    0.0178    0.9487    0.9027     1.0418     1.1013     0.9953
 Mn      0.9752    0.0000    0.9938    0.7976     1.0564     1.1941     1.0414
 Al      0.6498    0.0097    0.7288    0.9673     1.0023     1.4016     1.0016
 P       0.6868    0.0021    0.7442    0.9449     1.0173     1.3949     0.9896
 Mg      0.5388    0.0071    0.6176    1.0064     0.9947     1.6059     1.0026
 Ca      0.9294    0.0062    0.9626    0.9170     1.0462     1.0762     1.0012
 Ti      0.9481    0.0102    0.9755    0.8272     1.0527     1.1654     1.0033

Element  El. mass% Ox mass% Norm El%  Norm ox%  At prop  c/k-std   k-value   k-(std) 
 Na       2.91      3.92      2.90      3.90     1.136   0.9891   0.02942   1.48439  
 S        0.0130    0.0326    0.0130    0.0324   0.0037  0.9890   0.000132  0.024508  
 Fe       9.73     12.51      9.68     12.46     1.564   0.9995   0.09733   0.93558  
 Si      21.40     45.78     21.30     45.57     6.841   1.0109   0.21178   0.88406  
 Cl       0.1641    0.1641    0.1633    0.1633   0.0416  0.9848   0.001666  0.114824  
 F        0.0634    0.0634    0.0631    0.0631   0.0300  1.0221   0.000620  0.130336  
 K        1.61      1.94      1.60      1.93     0.369   0.9953   0.01615   2.36054  
 Mn       0.1893    0.2444    0.1884    0.2432   0.0309  1.0414   0.001817  0.005396  
 Al       8.07     15.25      8.03     15.18     2.686   1.0016   0.08059   1.21168  
 P        0.3124    0.7160    0.3110    0.7126   0.0906  0.9896   0.003157  1.846359  
 Mg       3.01      4.99      2.99      4.97     1.111   1.0026   0.03001   0.97475  
 Ca       8.22     11.51      8.19     11.45     1.842   1.0012   0.08215   1.22778  
 Ti       2.01      3.35      2.00      3.33     0.376   1.0033   0.01999   0.81760  
 O       42.77       -       42.57       -      24.000      -         -        
 -----------------------------------------------------------------------------
Total:  100.47    100.47    100.00    100.00    16.122




Unknown Specimen No. 94 
 Group        : bas-Glas        Sample  : 201216_Fr      
 UNK No.      :   94            Comment : UnknA-Flow1-1_6                          
 Stage        :    X=   45.8280  Y=   95.4250  Z=   11.4655 
 Acc. Voltage :    15.0 (kV)    Probe Dia. : 5    Scan : Off 
 Dated on Dec 20 21:40 2016 
 WDS only       No. of accumulation : 1 

Curr.(A) : 1.010E-08 
Element Peak(mm) Net(cps)   Bg-   Bg+  S.D.(%)   D.L.(ppm)  
 1 Na   129.476    316.4    0.0   18.4    1.83      162 
 2 S    171.948      3.3    5.1    4.7   20.28      108 
 3 Fe   134.739    192.9    3.1    3.0    1.64      397 
 4 Si    77.822   3205.1   33.9   21.7    0.40      236 
 5 Cl   151.478     27.8    8.3    8.3    4.38       46 
 6 F    199.140      0.4    4.0    3.6  126.01 ?    395 
 7 K    119.485    453.5   37.5   24.9    0.92       65 
 8 Mn   146.243      3.4    2.5    1.9   15.05      299 
 9 Al    90.995   1084.4   15.1   10.0    0.69      160 
10 P    197.118     29.0    3.2    1.9    4.48      137 
11 Mg   107.534    545.2   36.4    0.0    0.99      165 
12 Ca   107.121   2215.5   31.9   37.8    0.48       89 
13 Ti    88.305    558.2    0.0   47.9    0.99      128 


Element  f(chi)    If/Ip     abs-el    1/s-el      r-el      c/k-el    c/k-std
 Na      0.3969    0.0038    0.4738    0.9934     0.9869     2.1448     1.0021
 S       0.7687    0.0037    0.8207    0.9626     1.0237     1.2319     0.9892
 Fe      0.9812    0.0000    0.9971    0.8107     1.0556     1.1718     0.9978
 Si      0.7015    0.0013    0.7698    0.9878     1.0092     1.3014     1.0139
 Cl      0.8312    0.0068    0.8807    0.9135     1.0302     1.1983     0.9849
 F       0.1909    0.0014    0.2506    1.0190     0.9745     4.0125     1.0112
 K       0.9093    0.0168    0.9482    0.9043     1.0412     1.1016     0.9956
 Mn      0.9755    0.0000    0.9942    0.7990     1.0560     1.1920     1.0396
 Al      0.6467    0.0095    0.7254    0.9691     1.0016     1.4069     1.0054
 P       0.6859    0.0020    0.7431    0.9467     1.0167     1.3954     0.9899
 Mg      0.5341    0.0070    0.6122    1.0083     0.9941     1.6184     1.0104
 Ca      0.9288    0.0066    0.9621    0.9186     1.0456     1.0750     1.0001
 Ti      0.9489    0.0115    0.9763    0.8286     1.0522     1.1614     0.9998

Element  El. mass% Ox mass% Norm El%  Norm ox%  At prop  c/k-std   k-value   k-(std) 
 Na       2.82      3.80      2.80      3.77     1.101   1.0021   0.02812   1.41875  
 S        0.0248    0.0618    0.0246    0.0614   0.0069  0.9892   0.000250  0.046513  
 Fe      10.84     13.94     10.76     13.84     1.744   0.9978   0.10862   1.04416  
 Si      21.25     45.46     21.10     45.13     6.799   1.0139   0.20969   0.87531  
 Cl       0.1697    0.1697    0.1685    0.1685   0.0430  0.9849   0.001723  0.118756  
 F        0.0335    0.0335    0.0333    0.0333   0.0159  1.0112   0.000331  0.069617 ?
 K        1.67      2.02      1.66      2.00     0.385   0.9956   0.01681   2.45723  
 Mn       0.2136    0.2758    0.2121    0.2738   0.0349  1.0396   0.002055  0.006101  
 Al       8.20     15.49      8.14     15.38     2.731   1.0054   0.08156   1.22622  
 P        0.3538    0.8109    0.3513    0.8050   0.1027  0.9899   0.003575  2.090399  
 Mg       2.89      4.78      2.86      4.75     1.067   1.0104   0.02856   0.92753  
 Ca       7.57     10.59      7.51     10.51     1.697   1.0001   0.07568   1.13112  
 Ti       1.98      3.30      1.96      3.27     0.371   0.9998   0.01976   0.80809  
 O       42.72       -       42.42       -      24.000      -         -        
 -----------------------------------------------------------------------------
Total:  100.73    100.73    100.00    100.00    16.099




Unknown Specimen No. 95 
 Group        : bas-Glas        Sample  : 201216_Fr      
 UNK No.      :   95            Comment : UnknA-Flow1-1_7                          
 Stage        :    X=   49.6345  Y=   94.0160  Z=   11.4645 
 Acc. Voltage :    15.0 (kV)    Probe Dia. : 5    Scan : Off 
 Dated on Dec 20 21:44 2016 
 WDS only       No. of accumulation : 1 

Curr.(A) : 1.010E-08 
Element Peak(mm) Net(cps)   Bg-   Bg+  S.D.(%)   D.L.(ppm)  
 1 Na   129.476    297.4    0.0   18.3    1.89      161 
 2 S    171.948      3.2    4.7    5.6   21.15      112 
 3 Fe   134.739    187.3    2.6    2.7    1.66      372 
 4 Si    77.822   3196.6   33.4   21.8    0.40      235 
 5 Cl   151.478     23.1    9.2    6.9    4.94       45 
 6 F    199.140      0.4    3.5    3.9  116.91 ?    385 
 7 K    119.485    394.9   34.6   22.5    0.99       62 
 8 Mn   146.243      3.6    2.4    1.5   13.92      281 
 9 Al    90.995   1076.2   14.1    7.6    0.69      149 
10 P    197.118     26.0    3.3    3.7    4.97      167 
11 Mg   107.534    573.4   39.9    0.0    0.97      172 
12 Ca   107.121   2437.6   36.3   34.0    0.46       89 
13 Ti    88.305    558.6    0.0   45.9    0.98      126 


Element  f(chi)    If/Ip     abs-el    1/s-el      r-el      c/k-el    c/k-std
 Na      0.3976    0.0038    0.4746    0.9932     0.9869     2.1415     1.0006
 S       0.7695    0.0038    0.8216    0.9624     1.0237     1.2308     0.9883
 Fe      0.9809    0.0000    0.9969    0.8105     1.0556     1.1725     0.9983
 Si      0.7023    0.0013    0.7706    0.9875     1.0092     1.3003     1.0130
 Cl      0.8319    0.0071    0.8814    0.9132     1.0302     1.1974     0.9841
 F       0.1896    0.0014    0.2490    1.0188     0.9745     4.0401     1.0181
 K       0.9097    0.0181    0.9486    0.9041     1.0412     1.0999     0.9941
 Mn      0.9752    0.0000    0.9939    0.7988     1.0560     1.1927     1.0402
 Al      0.6473    0.0095    0.7259    0.9688     1.0016     1.4062     1.0049
 P       0.6867    0.0021    0.7441    0.9464     1.0166     1.3939     0.9889
 Mg      0.5358    0.0070    0.6142    1.0080     0.9940     1.6137     1.0075
 Ca      0.9297    0.0065    0.9630    0.9184     1.0456     1.0744     0.9995
 Ti      0.9482    0.0110    0.9756    0.8284     1.0522     1.1631     1.0013

Element  El. mass% Ox mass% Norm El%  Norm ox%  At prop  c/k-std   k-value   k-(std) 
 Na       2.64      3.56      2.62      3.54     1.033   1.0006   0.02643   1.33350  
 S        0.0244    0.0610    0.0243    0.0606   0.0068  0.9883   0.000247  0.045970  
 Fe      10.53     13.55     10.45     13.45     1.694   0.9983   0.10548   1.01392  
 Si      21.18     45.30     21.02     44.96     6.773   1.0130   0.20913   0.87298  
 Cl       0.1409    0.1409    0.1399    0.1399   0.0357  0.9841   0.001432  0.098686  
 F        0.0354    0.0354    0.0351    0.0351   0.0167  1.0181   0.000347  0.073000 ?
 K        1.46      1.75      1.44      1.74     0.334   0.9941   0.01464   2.13996  
 Mn       0.2257    0.2915    0.2241    0.2893   0.0369  1.0402   0.002170  0.006443  
 Al       8.13     15.37      8.07     15.25     2.708   1.0049   0.08094   1.21697  
 P        0.3162    0.7245    0.3138    0.7192   0.0917  0.9889   0.003197  1.869748  
 Mg       3.03      5.02      3.00      4.98     1.118   1.0075   0.03004   0.97557  
 Ca       8.32     11.64      8.26     11.56     1.866   0.9995   0.08327   1.24449  
 Ti       1.98      3.30      1.97      3.28     0.371   1.0013   0.01977   0.80867  
 O       42.74       -       42.42       -      24.000      -         -        
 -----------------------------------------------------------------------------
Total:  100.75    100.75    100.00    100.00    16.086




Unknown Specimen No. 96 
 Group        : bas-Glas        Sample  : 201216_Fr      
 UNK No.      :   96            Comment : UnknA-Flow1-1_8                          
 Stage        :    X=   49.6010  Y=   93.7530  Z=   11.4645 
 Acc. Voltage :    15.0 (kV)    Probe Dia. : 5    Scan : Off 
 Dated on Dec 20 21:47 2016 
 WDS only       No. of accumulation : 1 

Curr.(A) : 1.010E-08 
Element Peak(mm) Net(cps)   Bg-   Bg+  S.D.(%)   D.L.(ppm)  
 1 Na   129.476    312.7    0.0   16.5    1.83      153 
 2 S    171.948      2.9    5.1    4.1   21.71      104 
 3 Fe   134.739    182.6    4.1    2.6    1.68      400 
 4 Si    77.822   3134.7   29.7   20.3    0.40      223 
 5 Cl   151.478     30.0    9.1    6.8    4.12       44 
 6 F    199.140     -0.0    3.9    3.5  100.00 ?    392 
 7 K    119.485    411.7   31.9   22.5    0.96       60 
 8 Mn   146.243      2.0    2.1    2.7   24.01      316 
 9 Al    90.995   1018.7   12.8    8.8    0.71      148 
10 P    197.118     24.7    2.9    3.1    5.04      154 
11 Mg   107.534    592.8   36.7    0.0    0.95      165 
12 Ca   107.121   2350.0   36.9   39.0    0.47       93 
13 Ti    88.305    568.3    0.0   47.5    0.98      128 


Element  f(chi)    If/Ip     abs-el    1/s-el      r-el      c/k-el    c/k-std
 Na      0.3986    0.0039    0.4758    0.9930     0.9869     2.1364     0.9982
 S       0.7697    0.0039    0.8218    0.9622     1.0238     1.2305     0.9881
 Fe      0.9809    0.0000    0.9968    0.8104     1.0556     1.1726     0.9985
 Si      0.7028    0.0013    0.7712    0.9874     1.0093     1.2994     1.0123
 Cl      0.8320    0.0071    0.8816    0.9131     1.0303     1.1973     0.9840
 K       0.9097    0.0179    0.9486    0.9039     1.0413     1.1003     0.9944
 Mn      0.9752    0.0000    0.9938    0.7987     1.0561     1.1929     1.0404
 Al      0.6460    0.0095    0.7245    0.9687     1.0017     1.4090     1.0069
 P       0.6869    0.0021    0.7443    0.9463     1.0167     1.3936     0.9887
 Mg      0.5355    0.0069    0.6139    1.0078     0.9941     1.6146     1.0080
 Ca      0.9295    0.0065    0.9628    0.9182     1.0457     1.0748     0.9999
 Ti      0.9483    0.0109    0.9757    0.8283     1.0522     1.1634     1.0015

Element  El. mass% Ox mass% Norm El%  Norm ox%  At prop  c/k-std   k-value   k-(std) 
 Na       2.77      3.74      2.81      3.79     1.108   0.9982   0.02779   1.40214  
 S        0.0221    0.0552    0.0224    0.0559   0.0063  0.9881   0.000224  0.041562  
 Fe      10.27     13.21     10.41     13.39     1.689   0.9985   0.10285   0.98863  
 Si      20.78     44.45     21.05     45.04     6.792   1.0123   0.20508   0.85607  
 Cl       0.1830    0.1830    0.1855    0.1855   0.0474  0.9840   0.001860  0.128202  
 F        0.00      0.00      0.00      0.00     0.000   0.2520   0.00000   0.00000 ?
 K        1.52      1.83      1.54      1.85     0.356   0.9944   0.01526   2.23076  
 Mn       0.1266    0.1635    0.1283    0.1657   0.0212  1.0404   0.001217  0.003614  
 Al       7.72     14.58      7.82     14.78     2.626   1.0069   0.07662   1.15197  
 P        0.3006    0.6888    0.3046    0.6980   0.0891  0.9887   0.003040  1.777886  
 Mg       3.13      5.19      3.17      5.26     1.183   1.0080   0.03106   1.00862  
 Ca       8.03     11.23      8.13     11.38     1.839   0.9999   0.08028   1.19979  
 Ti       2.01      3.36      2.04      3.41     0.386   1.0015   0.02012   0.82273  
 O       41.82       -       42.38       -      24.000      -         -        
 -----------------------------------------------------------------------------
Total:   98.69     98.69    100.00    100.00    16.142




Unknown Specimen No. 97 
 Group        : bas-Glas        Sample  : 201216_Fr      
 UNK No.      :   97            Comment : UnknA-Flow1-1_9                          
 Stage        :    X=   50.3505  Y=   94.1420  Z=   11.4675 
 Acc. Voltage :    15.0 (kV)    Probe Dia. : 5    Scan : Off 
 Dated on Dec 20 21:51 2016 
 WDS only       No. of accumulation : 1 

Curr.(A) : 1.010E-08 
Element Peak(mm) Net(cps)   Bg-   Bg+  S.D.(%)   D.L.(ppm)  
 1 Na   129.476    284.3    0.0   17.4    1.93      157 
 2 S    171.948      3.1    5.1    5.1   21.76      110 
 3 Fe   134.739    187.2    2.6    1.9    1.65      332 
 4 Si    77.822   3163.7   32.3   19.4    0.40      228 
 5 Cl   151.478     22.4    9.1    7.2    5.06       45 
 6 F    199.140      0.5    3.2    2.7   87.45 ?    350 
 7 K    119.485    397.0   34.4   23.9    0.98       63 
 8 Mn   146.243      2.3    2.2    1.9   20.07      289 
 9 Al    90.995   1046.7   16.0    9.8    0.70      162 
10 P    197.118     24.5    3.0    3.7    5.14      165 
11 Mg   107.534    591.1   38.9    0.0    0.95      170 
12 Ca   107.121   2457.1   31.6   37.2    0.46       89 
13 Ti    88.305    564.8    0.0   48.9    0.98      130 


Element  f(chi)    If/Ip     abs-el    1/s-el      r-el      c/k-el    c/k-std
 Na      0.3971    0.0039    0.4740    0.9934     0.9867     2.1443     1.0019
 S       0.7698    0.0039    0.8220    0.9626     1.0236     1.2301     0.9877
 Fe      0.9808    0.0000    0.9968    0.8106     1.0555     1.1725     0.9983
 Si      0.7025    0.0013    0.7709    0.9877     1.0091     1.2997     1.0126
 Cl      0.8321    0.0072    0.8817    0.9134     1.0301     1.1968     0.9836
 F       0.1896    0.0014    0.2490    1.0190     0.9744     4.0400     1.0181
 K       0.9099    0.0184    0.9488    0.9042     1.0411     1.0994     0.9936
 Mn      0.9751    0.0000    0.9938    0.7990     1.0559     1.1928     1.0402
 Al      0.6465    0.0095    0.7251    0.9690     1.0015     1.4077     1.0060
 P       0.6870    0.0021    0.7444    0.9466     1.0165     1.3931     0.9883
 Mg      0.5358    0.0069    0.6142    1.0082     0.9939     1.6136     1.0074
 Ca      0.9298    0.0065    0.9631    0.9186     1.0455     1.0742     0.9993
 Ti      0.9480    0.0110    0.9754    0.8286     1.0521     1.1633     1.0015

Element  El. mass% Ox mass% Norm El%  Norm ox%  At prop  c/k-std   k-value   k-(std) 
 Na       2.53      3.41      2.53      3.42     0.999   1.0019   0.02526   1.27472  
 S        0.0232    0.0580    0.0233    0.0581   0.0066  0.9877   0.000235  0.043714  
 Fe      10.52     13.54     10.54     13.56     1.710   0.9983   0.10542   1.01332  
 Si      20.96     44.84     20.99     44.89     6.771   1.0126   0.20698   0.86399  
 Cl       0.1367    0.1367    0.1369    0.1369   0.0350  0.9836   0.001390  0.095775  
 F        0.0438    0.0438    0.0439    0.0439   0.0209  1.0181   0.000431  0.090454  
 K        1.46      1.76      1.46      1.76     0.339   0.9936   0.01471   2.15122  
 Mn       0.1452    0.1875    0.1454    0.1878   0.0240  1.0402   0.001396  0.004145  
 Al       7.92     14.96      7.93     14.98     2.664   1.0060   0.07872   1.18361  
 P        0.2979    0.6826    0.2983    0.6835   0.0873  0.9883   0.003014  1.762575  
 Mg       3.12      5.17      3.12      5.18     1.164   1.0074   0.03097   1.00572  
 Ca       8.39     11.74      8.40     11.75     1.899   0.9993   0.08393   1.25443  
 Ti       2.00      3.34      2.00      3.34     0.379   1.0015   0.01999   0.81773  
 O       42.32       -       42.37       -      24.000      -         -        
 -----------------------------------------------------------------------------
Total:   99.87     99.87    100.00    100.00    16.099




Unknown Specimen No. 98 
 Group        : bas-Glas        Sample  : 201216_Fr      
 UNK No.      :   98            Comment : VGA99_                                   
 Stage        :    X=   42.5430  Y=   29.6570  Z=   11.3995 
 Acc. Voltage :    15.0 (kV)    Probe Dia. : 5    Scan : Off 
 Dated on Dec 20 21:54 2016 
 WDS only       No. of accumulation : 1 

Curr.(A) : 1.010E-08 
Element Peak(mm) Net(cps)   Bg-   Bg+  S.D.(%)   D.L.(ppm)  
 1 Na   129.476    227.2    0.0   17.0    2.18      155 
 2 S    171.948      2.2    4.5    5.4   29.48      109 
 3 Fe   134.739    182.7    3.3    3.3    1.69      414 
 4 Si    77.822   3601.9   31.5   21.7    0.38      230 
 5 Cl   151.478      3.4    7.1    8.7   23.34       45 
 6 F    199.140      1.0    4.4    2.9   55.40 ?    395 
 7 K    119.485    182.9   29.8   21.4    1.53       59 
 8 Mn   146.243      2.5    2.0    2.2   19.09      296 
 9 Al    90.995    845.5   14.8    9.4    0.78      157 
10 P    197.118     13.0    2.3    3.4    7.57      153 
11 Mg   107.534    596.3   38.9    0.0    0.95      170 
12 Ca   107.121   1950.0   32.0   34.5    0.52       87 
13 Ti    88.305    684.7    0.0   46.4    0.88      126 


Element  f(chi)    If/Ip     abs-el    1/s-el      r-el      c/k-el    c/k-std
 Na      0.3982    0.0040    0.4753    0.9904     0.9879     2.1422     1.0009
 S       0.7655    0.0030    0.8173    0.9598     1.0247     1.2403     0.9960
 Fe      0.9816    0.0000    0.9976    0.8084     1.0561     1.1741     0.9997
 Si      0.7131    0.0010    0.7826    0.9848     1.0102     1.2831     0.9996
 Cl      0.8288    0.0058    0.8782    0.9107     1.0312     1.2056     0.9908
 F       0.1899    0.0014    0.2493    1.0159     0.9754     4.0427     1.0188
 K       0.9083    0.0160    0.9471    0.9016     1.0421     1.1060     0.9996
 Mn      0.9761    0.0000    0.9948    0.7968     1.0566     1.1941     1.0414
 Al      0.6495    0.0109    0.7285    0.9661     1.0026     1.4019     1.0018
 P       0.6809    0.0016    0.7378    0.9438     1.0177     1.4089     0.9995
 Mg      0.5398    0.0072    0.6188    1.0052     0.9951     1.6041     1.0014
 Ca      0.9306    0.0073    0.9639    0.9159     1.0464     1.0746     0.9997
 Ti      0.9511    0.0114    0.9786    0.8262     1.0529     1.1614     0.9998

Element  El. mass% Ox mass% Norm El%  Norm ox%  At prop  c/k-std   k-value   k-(std) 
 Na       2.02      2.72      2.05      2.77     0.786   1.0009   0.02019   1.01855  
 S        0.0167    0.0418    0.0170    0.0424   0.0047  0.9960   0.000168  0.031228  
 Fe      10.29     13.24     10.44     13.44     1.648   0.9997   0.10290   0.98911  
 Si      23.58     50.44     23.93     51.20     7.508   0.9996   0.23565   0.98366  
 Cl       0.0212    0.0212    0.0215    0.0215   0.0053  0.9908   0.000214  0.014747  
 F        0.0798    0.0798    0.0810    0.0810   0.0376  1.0188   0.000784  0.164648  
 K        0.6775    0.8161    0.6877    0.8284   0.1550  0.9996   0.006778  0.990896  
 Mn       0.1581    0.2041    0.1605    0.2072   0.0257  1.0414   0.001518  0.004507  
 Al       6.37     12.04      6.47     12.22     2.112   1.0018   0.06359   0.95610  
 P        0.1596    0.3658    0.1620    0.3713   0.0461  0.9995   0.001597  0.933937  
 Mg       3.13      5.19      3.18      5.27     1.151   1.0014   0.03124   1.01450  
 Ca       6.66      9.32      6.76      9.46     1.486   0.9997   0.06661   0.99554  
 Ti       2.42      4.04      2.46      4.10     0.452   0.9998   0.02424   0.99129  
 O       42.93       -       43.58       -      24.000      -         -        
 -----------------------------------------------------------------------------
Total:   98.52     98.52    100.00    100.00    15.418




Unknown Specimen No. 99 
 Group        : bas-Glas        Sample  : 201216_Fr      
 UNK No.      :   99            Comment : VGA99_                                   
 Stage        :    X=   42.4110  Y=   29.5230  Z=   11.3995 
 Acc. Voltage :    15.0 (kV)    Probe Dia. : 5    Scan : Off 
 Dated on Dec 20 21:58 2016 
 WDS only       No. of accumulation : 1 

Curr.(A) : 1.010E-08 
Element Peak(mm) Net(cps)   Bg-   Bg+  S.D.(%)   D.L.(ppm)  
 1 Na   129.476    243.9    0.0   17.3    2.10      157 
 2 S    171.948      0.9    5.9    5.5   69.23 ?    116 
 3 Fe   134.739    182.2    3.5    3.2    1.69      413 
 4 Si    77.822   3606.0   31.5   17.6    0.38      223 
 5 Cl   151.478      5.3    8.1    7.4   15.82       44 
 6 F    199.140      1.0    3.5    3.2   52.08 ?    372 
 7 K    119.485    181.8   28.7   20.9    1.53       58 
 8 Mn   146.243      2.4    2.2    1.7   19.08      283 
 9 Al    90.995    837.9   13.7    8.9    0.78      151 
10 P    197.118     15.9    3.0    2.2    6.45      140 
11 Mg   107.534    595.8   37.6    0.0    0.94      167 
12 Ca   107.121   1969.4   34.1   35.1    0.51       88 
13 Ti    88.305    703.5    0.0   45.4    0.87      125 


Element  f(chi)    If/Ip     abs-el    1/s-el      r-el      c/k-el    c/k-std
 Na      0.3985    0.0039    0.4756    0.9904     0.9879     2.1405     1.0001
 S       0.7657    0.0030    0.8175    0.9598     1.0247     1.2400     0.9957
 Fe      0.9815    0.0000    0.9975    0.8084     1.0561     1.1741     0.9998
 Si      0.7133    0.0011    0.7827    0.9848     1.0103     1.2827     0.9993
 Cl      0.8290    0.0058    0.8784    0.9108     1.0312     1.2053     0.9906
 F       0.1898    0.0014    0.2492    1.0159     0.9754     4.0447     1.0193
 K       0.9083    0.0161    0.9472    0.9017     1.0421     1.1058     0.9994
 Mn      0.9760    0.0000    0.9947    0.7968     1.0566     1.1941     1.0414
 Al      0.6491    0.0109    0.7280    0.9662     1.0026     1.4027     1.0024
 P       0.6813    0.0017    0.7382    0.9438     1.0177     1.4080     0.9989
 Mg      0.5393    0.0071    0.6182    1.0052     0.9951     1.6058     1.0025
 Ca      0.9306    0.0073    0.9639    0.9160     1.0465     1.0745     0.9996
 Ti      0.9511    0.0113    0.9786    0.8262     1.0529     1.1615     0.9999

Element  El. mass% Ox mass% Norm El%  Norm ox%  At prop  c/k-std   k-value   k-(std) 
 Na       2.17      2.92      2.19      2.96     0.841   1.0001   0.02167   1.09346  
 S        0.0071    0.0177    0.0072    0.0179   0.0020  0.9957   0.000071  0.013250 ?
 Fe      10.26     13.20     10.38     13.35     1.639   0.9998   0.10262   0.98641  
 Si      23.59     50.47     23.86     51.05     7.493   0.9993   0.23591   0.98478  
 Cl       0.0323    0.0323    0.0327    0.0327   0.0081  0.9906   0.000326  0.022482  
 F        0.0800    0.0800    0.0810    0.0810   0.0376  1.0193   0.000785  0.164980  
 K        0.6733    0.8111    0.6810    0.8203   0.1536  0.9994   0.006737  0.984972  
 Mn       0.1523    0.1967    0.1540    0.1989   0.0247  1.0414   0.001462  0.004342  
 Al       6.32     11.94      6.39     12.08     2.089   1.0024   0.06302   0.94751  
 P        0.1951    0.4470    0.1973    0.4521   0.0562  0.9989   0.001953  1.141979  
 Mg       3.13      5.19      3.17      5.25     1.148   1.0025   0.03121   1.01373  
 Ca       6.72      9.41      6.80      9.52     1.497   0.9996   0.06727   1.00545  
 Ti       2.49      4.15      2.52      4.20     0.464   0.9999   0.02490   1.01848  
 O       43.05       -       43.54       -      24.000      -         -        
 -----------------------------------------------------------------------------
Total:   98.87     98.87    100.00    100.00    15.454




Unknown Specimen No. 100 
 Group        : bas-Glas        Sample  : 201216_Fr      
 UNK No.      :  100            Comment : VG-2_                                    
 Stage        :    X=   60.0080  Y=   33.5315  Z=   11.3665 
 Acc. Voltage :    15.0 (kV)    Probe Dia. : 5    Scan : Off 
 Dated on Dec 20 22:01 2016 
 WDS only       No. of accumulation : 1 

Curr.(A) : 1.009E-08 
Element Peak(mm) Net(cps)   Bg-   Bg+  S.D.(%)   D.L.(ppm)  
 1 Na   129.476    241.0    0.0   17.0    2.11      155 
 2 S    171.948     18.8    4.4    5.1    5.20      107 
 3 Fe   134.739    164.1    2.6    2.7    1.78      372 
 4 Si    77.822   3601.2   29.9   19.1    0.38      222 
 5 Cl   151.478      3.6    8.5    8.9   23.59       47 
 6 F    199.140      0.1    3.9    2.5  391.26 ?    370 
 7 K    119.485     43.1   23.8   20.9    3.99       54 
 8 Mn   146.243      2.3    2.2    1.7   19.59      281 
 9 Al    90.995    955.3   13.7   11.1    0.73      158 
10 P    197.118      7.9    2.4    2.5   10.17      139 
11 Mg   107.534    834.9   42.6    0.0    0.79      178 
12 Ca   107.121   2343.3   31.1   34.3    0.47       86 
13 Ti    88.305    313.9    0.0   45.1    1.35      125 


Element  f(chi)    If/Ip     abs-el    1/s-el      r-el      c/k-el    c/k-std
 Na      0.3998    0.0041    0.4772    0.9895     0.9876     2.1358     0.9979
 S       0.7678    0.0035    0.8198    0.9589     1.0244     1.2374     0.9936
 Fe      0.9812    0.0000    0.9972    0.8076     1.0560     1.1758     1.0012
 Si      0.7146    0.0012    0.7841    0.9839     1.0100     1.2818     0.9986
 Cl      0.8301    0.0067    0.8795    0.9099     1.0309     1.2040     0.9895
 F       0.1883    0.0013    0.2472    1.0150     0.9751     4.0821     1.0287
 K       0.9090    0.0200    0.9479    0.9008     1.0418     1.1021     0.9960
 Mn      0.9757    0.0000    0.9943    0.7960     1.0564     1.1960     1.0430
 Al      0.6525    0.0109    0.7318    0.9653     1.0023     1.3972     0.9985
 P       0.6834    0.0020    0.7405    0.9430     1.0174     1.4049     0.9967
 Mg      0.5461    0.0072    0.6260    1.0043     0.9948     1.5874     0.9910
 Ca      0.9324    0.0055    0.9658    0.9151     1.0462     1.0757     1.0007
 Ti      0.9476    0.0106    0.9750    0.8254     1.0527     1.1679     1.0054

Element  El. mass% Ox mass% Norm El%  Norm ox%  At prop  c/k-std   k-value   k-(std) 
 Na       2.13      2.87      2.13      2.87     0.812   0.9979   0.02144   1.08152  
 S        0.1434    0.3582    0.1435    0.3582   0.0392  0.9936   0.001444  0.268350  
 Fe       9.27     11.93      9.27     11.93     1.455   1.0012   0.09250   0.88918  
 Si      23.55     50.39     23.55     50.39     7.348   0.9986   0.23583   0.98443  
 Cl       0.0218    0.0218    0.0219    0.0219   0.0054  0.9895   0.000221  0.015218  
 F        0.0102    0.0102    0.0102    0.0102   0.0047  1.0287   0.000099  0.020850 ?
 K        0.1592    0.1917    0.1592    0.1918   0.0357  0.9960   0.001598  0.233633  
 Mn       0.1466    0.1893    0.1466    0.1893   0.0234  1.0430   0.001405  0.004173  
 Al       7.17     13.55      7.17     13.55     2.328   0.9985   0.07192   1.08131  
 P        0.0976    0.2236    0.0976    0.2236   0.0276  0.9967   0.000979  0.572457  
 Mg       4.33      7.17      4.33      7.17     1.559   0.9910   0.04378   1.42194  
 Ca       8.03     11.23      8.03     11.23     1.755   1.0007   0.08013   1.19753  
 Ti       1.12      1.87      1.12      1.87     0.205   1.0054   0.01112   0.45497  
 O       43.82       -       43.82       -      24.000      -         -        
 -----------------------------------------------------------------------------
Total:  100.00    100.00    100.00    100.00    15.598




Unknown Specimen No. 101 
 Group        : bas-Glas        Sample  : 201216_Fr      
 UNK No.      :  101            Comment : VG-2_                                    
 Stage        :    X=   59.9040  Y=   33.6340  Z=   11.3690 
 Acc. Voltage :    15.0 (kV)    Probe Dia. : 5    Scan : Off 
 Dated on Dec 20 22:05 2016 
 WDS only       No. of accumulation : 1 

Curr.(A) : 1.010E-08 
Element Peak(mm) Net(cps)   Bg-   Bg+  S.D.(%)   D.L.(ppm)  
 1 Na   129.476    237.6    0.0   17.8    2.13      159 
 2 S    171.948     18.0    6.3    4.9    5.47      114 
 3 Fe   134.739    164.6    3.3    2.5    1.77      378 
 4 Si    77.822   3635.3   29.7   17.0    0.37      217 
 5 Cl   151.478      5.0    7.4    7.5   16.20       43 
 6 F    199.140      1.2    2.1    3.3   38.18 ?    324 
 7 K    119.485     46.1   22.1   20.5    3.75       53 
 8 Mn   146.243      1.9    2.5    2.0   24.55      302 
 9 Al    90.995    983.1   20.0   10.2    0.72      176 
10 P    197.118      6.8    1.8    3.2   11.59      145 
11 Mg   107.534    823.5   43.9    0.0    0.80      181 
12 Ca   107.121   2342.1   30.4   33.0    0.47       85 
13 Ti    88.305    316.1    0.0   42.8    1.34      121 


Element  f(chi)    If/Ip     abs-el    1/s-el      r-el      c/k-el    c/k-std
 Na      0.4104    0.0043    0.4898    0.9857     0.9895     2.0842     0.9738
 S       0.7656    0.0030    0.8174    0.9554     1.0263     1.2439     0.9988
 Fe      0.9821    0.0000    0.9981    0.8049     1.0570     1.1776     1.0027
 Si      0.7104    0.0010    0.7795    0.9803     1.0120     1.2919     1.0065
 Cl      0.8284    0.0056    0.8778    0.9066     1.0328     1.2099     0.9944
 F       0.1913    0.0014    0.2512    1.0111     0.9769     4.0249     1.0143
 K       0.9080    0.0168    0.9469    0.8976     1.0435     1.1089     1.0022
 Mn      0.9768    0.0000    0.9955    0.7933     1.0575     1.1974     1.0443
 Al      0.6524    0.0107    0.7317    0.9617     1.0043     1.4001     1.0006
 P       0.6805    0.0017    0.7373    0.9395     1.0193     1.4139     1.0030
 Mg      0.5515    0.0074    0.6322    1.0005     0.9968     1.5745     0.9829
 Ca      0.9317    0.0051    0.9651    0.9118     1.0478     1.0791     1.0038
 Ti      0.9499    0.0100    0.9773    0.8226     1.0541     1.1683     1.0058

Element  El. mass% Ox mass% Norm El%  Norm ox%  At prop  c/k-std   k-value   k-(std) 
 Na       2.06      2.77      2.03      2.74     0.774   0.9738   0.02111   1.06520  
 S        0.1378    0.3441    0.1364    0.3406   0.0372  0.9988   0.001379  0.256411  
 Fe       9.29     11.95      9.20     11.83     1.441   1.0027   0.09267   0.89077  
 Si      23.92     51.17     23.67     50.64     7.375   1.0065   0.23783   0.99279  
 Cl       0.0311    0.0311    0.0307    0.0307   0.0076  0.9944   0.000312  0.021520  
 F        0.0970    0.0970    0.0960    0.0960   0.0442  1.0143   0.000956  0.200836  
 K        0.1711    0.2061    0.1693    0.2040   0.0379  1.0022   0.001707  0.249562  
 Mn       0.1188    0.1534    0.1176    0.1518   0.0187  1.0443   0.001137  0.003377  
 Al       7.40     13.98      7.32     13.83     2.374   1.0006   0.07394   1.11165  
 P        0.0843    0.1933    0.0835    0.1913   0.0236  1.0030   0.000841  0.491736  
 Mg       4.24      7.03      4.20      6.96     1.510   0.9829   0.04314   1.40110  
 Ca       8.03     11.24      7.95     11.12     1.735   1.0038   0.08001   1.19572  
 Ti       1.13      1.88      1.11      1.86     0.204   1.0058   0.01119   0.45771  
 O       44.34       -       43.88       -      24.000      -         -        
 -----------------------------------------------------------------------------
Total:  101.04    101.04    100.00    100.00    15.583




Unknown Specimen No. 102 
 Group        : bas-Glas        Sample  : 201216_Fr      
 UNK No.      :  102            Comment : KE3_                                     
 Stage        :    X=   47.6990  Y=   23.2535  Z=   11.4000 
 Acc. Voltage :    15.0 (kV)    Probe Dia. : 5    Scan : Off 
 Dated on Dec 20 22:08 2016 
 WDS only       No. of accumulation : 1 

Curr.(A) : 1.010E-08 
Element Peak(mm) Net(cps)   Bg-   Bg+  S.D.(%)   D.L.(ppm)  
 1 Na   129.476    590.4    0.0   20.6    1.32      171 
 2 S    171.948      2.4    4.7    4.0   25.65      101 
 3 Fe   134.739    108.3    2.8    2.1    2.20      347 
 4 Si    77.822   5280.2   42.1   25.5    0.31      261 
 5 Cl   151.478     62.4    9.2    6.3    2.58       44 
 6 F    199.140      4.6    3.9    2.6   13.46      371 
 7 K    119.485    927.5   47.6   23.3    0.62       70 
 8 Mn   146.243      2.3    2.0    1.6   19.25      271 
 9 Al    90.995    650.4   13.7    9.9    0.89      154 
10 P    197.118     -0.3    3.3    2.8  100.00 ?    153 
11 Mg   107.534      2.5   20.3    0.0   42.69 ?    123 
12 Ca   107.121     86.5   25.5   26.3    3.05       77 
13 Ti    88.305     49.3    0.0   45.2    4.41      125 


Element  f(chi)    If/Ip     abs-el    1/s-el      r-el      c/k-el    c/k-std
 Na      0.4417    0.0044    0.5272    0.9737     0.9949     1.9492     0.9107
 S       0.7538    0.0020    0.8048    0.9441     1.0317     1.2732     1.0223
 Fe      0.9847    0.0000    1.0007    0.7960     1.0597     1.1846     1.0087
 Si      0.7537    0.0007    0.8271    0.9685     1.0175     1.2260     0.9552
 Cl      0.8199    0.0032    0.8688    0.8960     1.0380     1.2337     1.0140
 F       0.1957    0.0014    0.2570    0.9986     0.9819     3.9628     0.9987
 K       0.9023    0.0021    0.9409    0.8872     1.0483     1.1404     1.0307
 Mn      0.9801    0.0000    0.9988    0.7845     1.0606     1.2034     1.0495
 Al      0.6897    0.0169    0.7735    0.9501     1.0099     1.3250     0.9469
 Mg      0.5621    0.0095    0.6443    0.9884     1.0023     1.5519     0.9689
 Ca      0.9190    0.0026    0.9519    0.9014     1.0523     1.1047     1.0277
 Ti      0.9551    0.0077    0.9827    0.8132     1.0580     1.1736     1.0103

Element  El. mass% Ox mass% Norm El%  Norm ox%  At prop  c/k-std   k-value   k-(std) 
 Na       4.78      6.44      4.79      6.46     1.728   0.9107   0.05247   2.64723  
 S        0.0185    0.0463    0.0186    0.0464   0.0048  1.0223   0.000181  0.033718  
 Fe       6.15      7.92      6.17      7.94     0.916   1.0087   0.06100   0.58639  
 Si      33.00     70.60     33.10     70.80     9.769   0.9552   0.34545   1.44200  
 Cl       0.3928    0.3928    0.3940    0.3940   0.0921  1.0140   0.003874  0.267008  
 F        0.3668    0.3668    0.3679    0.3679   0.1605  0.9987   0.003673  0.771678  
 K        3.54      4.27      3.55      4.28     0.753   1.0307   0.03437   5.02538  
 Mn       0.1468    0.1896    0.1472    0.1901   0.0222  1.0495   0.001399  0.004154  
 Al       4.63      8.75      4.65      8.78     1.427   0.9469   0.04892   0.73546  
 P        0.00      0.00      0.00      0.00     0.000   0.7094   0.00000   0.00000 ?
 Mg       0.0127    0.0210    0.0127    0.0211   0.0043  0.9689   0.000131  0.004255  
 Ca       0.3037    0.4249    0.3045    0.4261   0.0630  1.0277   0.002955  0.044161  
 Ti       0.1762    0.2939    0.1767    0.2947   0.0306  1.0103   0.001744  0.071316  
 O       46.19       -       46.32       -      24.000      -         -        
 -----------------------------------------------------------------------------
Total:   99.72     99.72    100.00    100.00    14.971




Unknown Specimen No. 103 
 Group        : bas-Glas        Sample  : 201216_Fr      
 UNK No.      :  103            Comment : KE3_                                     
 Stage        :    X=   47.7890  Y=   23.5415  Z=   11.3985 
 Acc. Voltage :    15.0 (kV)    Probe Dia. : 5    Scan : Off 
 Dated on Dec 20 22:12 2016 
 WDS only       No. of accumulation : 1 

Curr.(A) : 1.010E-08 
Element Peak(mm) Net(cps)   Bg-   Bg+  S.D.(%)   D.L.(ppm)  
 1 Na   129.476    573.1    0.0   23.6    1.35      183 
 2 S    171.948      2.2    6.0    4.5   29.64      110 
 3 Fe   134.739    104.4    2.2    2.4    2.24      348 
 4 Si    77.822   5264.1   44.2   23.5    0.31      262 
 5 Cl   151.478     59.7    9.5    7.7    2.68       46 
 6 F    199.140      5.4    4.5    2.9   12.35      396 
 7 K    119.485    932.3   47.9   23.2    0.62       70 
 8 Mn   146.243      4.0    1.9    1.7   12.57      269 
 9 Al    90.995    647.0   13.6   11.5    0.90      159 
10 P    197.118      0.0    2.0    3.1 4264.93 ?    146 
11 Mg   107.534      2.0   23.0    0.0   55.90 ?    131 
12 Ca   107.121     92.0   26.1   27.5    2.94       78 
13 Ti    88.305     56.9    0.0   41.0    3.89      119 


Element  f(chi)    If/Ip     abs-el    1/s-el      r-el      c/k-el    c/k-std
 Na      0.4419    0.0044    0.5274    0.9736     0.9950     1.9485     0.9104
 S       0.7539    0.0020    0.8049    0.9440     1.0317     1.2731     1.0222
 Fe      0.9846    0.0000    1.0007    0.7960     1.0597     1.1847     1.0088
 Si      0.7543    0.0007    0.8277    0.9684     1.0176     1.2251     0.9544
 Cl      0.8200    0.0033    0.8689    0.8959     1.0380     1.2336     1.0139
 F       0.1951    0.0014    0.2561    0.9985     0.9819     3.9766     1.0021
 K       0.9024    0.0021    0.9410    0.8871     1.0483     1.1403     1.0306
 Mn      0.9800    0.0000    0.9988    0.7844     1.0606     1.2035     1.0496
 Al      0.6905    0.0170    0.7744    0.9500     1.0100     1.3235     0.9458
 Mg      0.5630    0.0095    0.6454    0.9883     1.0024     1.5494     0.9673
 Ca      0.9189    0.0027    0.9518    0.9013     1.0523     1.1048     1.0278
 Ti      0.9551    0.0076    0.9826    0.8132     1.0581     1.1739     1.0105

Element  El. mass% Ox mass% Norm El%  Norm ox%  At prop  c/k-std   k-value   k-(std) 
 Na       4.64      6.25      4.67      6.30     1.685   0.9104   0.05093   2.56957  
 S        0.0170    0.0425    0.0171    0.0428   0.0044  1.0222   0.000166  0.030914  
 Fe       5.93      7.63      5.98      7.69     0.887   1.0088   0.05877   0.56497  
 Si      32.89     70.37     33.15     70.92     9.780   0.9544   0.34439   1.43760  
 Cl       0.3754    0.3754    0.3784    0.3784   0.0884  1.0139   0.003703  0.255182  
 F        0.4310    0.4310    0.4344    0.4344   0.1894  1.0021   0.004300  0.903458  
 K        3.56      4.29      3.59      4.32     0.761   1.0306   0.03455   5.05130  
 Mn       0.2548    0.3291    0.2569    0.3317   0.0387  1.0496   0.002428  0.007209  
 Al       4.60      8.70      4.64      8.77     1.425   0.9458   0.04866   0.73169  
 P        0.0002    0.0004    0.0002    0.0004   0.0000  1.0326   0.000002  0.000901 ?
 Mg       0.0101    0.0168    0.0102    0.0169   0.0035  0.9673   0.000105  0.003403 ?
 Ca       0.3228    0.4517    0.3254    0.4553   0.0673  1.0278   0.003141  0.046945  
 Ti       0.2034    0.3393    0.2050    0.3419   0.0355  1.0105   0.002013  0.082321  
 O       45.98       -       46.34       -      24.000      -         -        
 -----------------------------------------------------------------------------
Total:   99.22     99.22    100.00    100.00    14.964




Unknown Specimen No. 104 
 Group        : bas-Glas        Sample  : 201216_Fr      
 UNK No.      :  104            Comment : Scap                                     
 Stage        :    X=   21.2490  Y=   23.5585  Z=   11.5265 
 Acc. Voltage :    15.0 (kV)    Probe Dia. : 5    Scan : Off 
 Dated on Dec 20 22:15 2016 
 WDS only       No. of accumulation : 1 

Curr.(A) : 1.010E-08 
Element Peak(mm) Net(cps)   Bg-   Bg+  S.D.(%)   D.L.(ppm)  
 1 Na   129.476    513.2    0.0   22.7    1.43      179 
 2 S    171.948     72.4    5.1    4.6    2.28      107 
 3 Fe   134.739      1.2    2.3    2.1   43.60 ?    335 
 4 Si    77.822   3615.3   31.3   19.5    0.37      226 
 5 Cl   151.478    232.7    8.1    7.5    1.24       44 
 6 F    199.140     -0.3    3.7    2.8  100.00 ?    368 
 7 K    119.485    191.4   25.8   20.3    1.48       55 
 8 Mn   146.243      0.3    1.9    1.3  124.46 ?    257 
 9 Al    90.995   1964.1   16.7   10.5    0.51      166 
10 P    197.118      1.6    2.2    2.1   33.99 ?    130 
11 Mg   107.534     -3.2   23.6    0.0  100.00 ?    133 
12 Ca   107.121   2874.9   29.3   35.7    0.42       86 
13 Ti    88.305      0.4    0.0   39.6  353.56 ?    117 


Element  f(chi)    If/Ip     abs-el    1/s-el      r-el      c/k-el    c/k-std
 Na      0.4765    0.0050    0.5687    0.9699     0.9963     1.8105     0.8459
 S       0.7698    0.0044    0.8219    0.9405     1.0330     1.2469     1.0012
 Fe      0.9811    0.0000    0.9971    0.7931     1.0604     1.1925     1.0154
 Si      0.7196    0.0016    0.7896    0.9648     1.0189     1.2862     1.0020
 Cl      0.8304    0.0063    0.8798    0.8925     1.0393     1.2177     1.0008
 K       0.9056    0.0169    0.9444    0.8838     1.0495     1.1226     1.0146
 Mn      0.9755    0.0000    0.9942    0.7815     1.0613     1.2126     1.0576
 Al      0.7193    0.0121    0.8067    0.9464     1.0113     1.2797     0.9145
 P       0.6856    0.0027    0.7428    0.9247     1.0262     1.4147     1.0037
 Ca      0.9285    0.0000    0.9618    0.8980     1.0534     1.0991     1.0225

Element  El. mass% Ox mass% Norm El%  Norm ox%  At prop  c/k-std   k-value   k-(std) 
 Na       3.86      5.20      3.88      5.23     1.419   0.8459   0.04561   2.30111  
 S        0.5561    1.3888    0.5597    1.3976   0.1467  1.0012   0.005555  1.032451  
 Fe       0.0706    0.0908    0.0711    0.0914   0.0107  1.0154   0.000695  0.006684  
 Si      23.71     50.72     23.86     51.04     7.137   1.0020   0.23653   0.98733  
 Cl       1.45      1.45      1.45      1.45     0.345   1.0008   0.01444   0.99520  
 F        0.00      0.00      0.00      0.00     0.000   0.2520   0.00000   0.00000 ?
 K        0.7196    0.8669    0.7242    0.8724   0.1556  1.0146   0.007093  1.036961  
 Mn       0.0176    0.0227    0.0177    0.0229   0.0027  1.0576   0.000166  0.000494 ?
 Al      13.51     25.53     13.60     25.69     4.235   0.9145   0.14772   2.22109  
 P        0.0199    0.0457    0.0201    0.0460   0.0054  1.0037   0.000199  0.116179  
 Mg       0.00      0.00      0.00      0.00     0.000   0.6243   0.00000   0.00000 ?
 Ca      10.04     14.05     10.11     14.14     2.119   1.0225   0.09821   1.46773  
 Ti       0.0015    0.0024    0.0015    0.0025   0.0003  1.0321   0.000014  0.000579 ?
 O       45.41       -       45.70       -      24.000      -         -        
 -----------------------------------------------------------------------------
Total:   99.37     99.37    100.00    100.00    15.576




Unknown Specimen No. 105 
 Group        : bas-Glas        Sample  : 201216_Fr      
 UNK No.      :  105            Comment : Scap                                     
 Stage        :    X=   21.2340  Y=   23.6265  Z=   11.5285 
 Acc. Voltage :    15.0 (kV)    Probe Dia. : 5    Scan : Off 
 Dated on Dec 20 22:19 2016 
 WDS only       No. of accumulation : 1 

Curr.(A) : 1.010E-08 
Element Peak(mm) Net(cps)   Bg-   Bg+  S.D.(%)   D.L.(ppm)  
 1 Na   129.476    504.2    0.0   19.9    1.44      168 
 2 S    171.948     67.5    5.9    5.5    2.40      116 
 3 Fe   134.739      1.4    2.5    1.8   38.46 ?    324 
 4 Si    77.822   3614.7   31.9   19.2    0.37      227 
 5 Cl   151.478    229.7    9.1    7.3    1.25       45 
 6 F    199.140      0.2    2.7    2.2  237.36 ?    318 
 7 K    119.485    185.6   26.1   20.8    1.51       56 
 8 Mn   146.243      0.6    1.5    1.4   53.76 ?    246 
 9 Al    90.995   1983.0   19.6   11.5    0.51      178 
10 P    197.118      0.6    2.4    2.6   93.71 ?    141 
11 Mg   107.534      1.2   19.3    0.0   87.93 ?    120 
12 Ca   107.121   2874.0   28.1   33.9    0.42       84 
13 Ti    88.305      2.6    0.0   38.9   55.40 ?    116 


Element  f(chi)    If/Ip     abs-el    1/s-el      r-el      c/k-el    c/k-std
 Na      0.4763    0.0051    0.5684    0.9699     0.9963     1.8113     0.8463
 S       0.7696    0.0044    0.8217    0.9405     1.0330     1.2472     1.0014
 Fe      0.9812    0.0000    0.9971    0.7931     1.0604     1.1925     1.0154
 Si      0.7190    0.0016    0.7890    0.9648     1.0189     1.2872     1.0028
 Cl      0.8304    0.0063    0.8798    0.8926     1.0393     1.2177     1.0008
 F       0.1813    0.0011    0.2380    0.9947     0.9831     4.2916     1.0815
 K       0.9057    0.0170    0.9444    0.8839     1.0495     1.1225     1.0145
 Mn      0.9755    0.0000    0.9942    0.7816     1.0613     1.2126     1.0575
 Al      0.7195    0.0120    0.8070    0.9464     1.0113     1.2793     0.9142
 P       0.6852    0.0027    0.7425    0.9248     1.0262     1.4154     1.0041
 Mg      0.5982    0.0108    0.6857    0.9846     1.0037     1.4600     0.9115
 Ca      0.9286    0.0001    0.9619    0.8980     1.0534     1.0990     1.0224
 Ti      0.9448    0.0001    0.9721    0.8102     1.0590     1.1988     1.0320

Element  El. mass% Ox mass% Norm El%  Norm ox%  At prop  c/k-std   k-value   k-(std) 
 Na       3.79      5.11      3.81      5.14     1.393   0.8463   0.04481   2.26070  
 S        0.5186    1.2951    0.5215    1.3023   0.1367  1.0014   0.005179  0.962581  
 Fe       0.0784    0.1009    0.0789    0.1015   0.0119  1.0154   0.000772  0.007425  
 Si      23.72     50.75     23.86     51.03     7.134   1.0028   0.23648   0.98716  
 Cl       1.43      1.43      1.43      1.43     0.340   1.0008   0.01425   0.98236  
 F        0.0152    0.0152    0.0153    0.0153   0.0068  1.0815   0.000141  0.029532 ?
 K        0.6977    0.8404    0.7015    0.8451   0.1507  1.0145   0.006877  1.005397  
 Mn       0.0414    0.0535    0.0417    0.0538   0.0064  1.0575   0.000392  0.001163  
 Al      13.64     25.77     13.71     25.91     4.270   0.9142   0.14914   2.24242  
 P        0.0071    0.0163    0.0072    0.0164   0.0019  1.0041   0.000071  0.041428 ?
 Mg       0.0055    0.0091    0.0055    0.0092   0.0019  0.9115   0.000060  0.001957 ?
 Ca      10.04     14.05     10.09     14.12     2.116   1.0224   0.09818   1.46731  
 Ti       0.0095    0.0158    0.0095    0.0159   0.0017  1.0320   0.000092  0.003764 ?
 O       45.46       -       45.71       -      24.000      -         -        
 -----------------------------------------------------------------------------
Total:   99.45     99.45    100.00    100.00    15.571



